File_num,grdc_no,river,station,area,lat_org,long_org,lat_pp,long_pp,dist_km,ElevMean,SlopeMean,RiverSlopeMean,WaterArea,ForestArea,ForestAreaRatio,WaterAreaRatio,AridityIndex,MeanPrecip,MeanTemp,MeanPET,MnMaxPrecip,MnMaxTemp,MnMaxPET,MnMinPrecip,MnMinTemp,MnMinPET,MediPrecip,MediTemp,MediPET,met_An_precip,met_An_maxT,met_An_minT,met_An_meanT,met_An_snow,met_An_sun,met_An_solra,sol12_Helvic Acrisols,sol12_Helvic Acrisols_Ratio,sol12_Dystric Rhegosols,sol12_Dystric Rhegosols_Ratio,sol12_Haplic Andosols,sol12_Haplic Andosols_Ratio,sol12_Fluvic Gleysols,sol12_Fluvic Gleysols_Ratio,sol12_Gleysols,sol12_Gleysols_Ratio,sol12_Humic Cambisols,sol12_Humic Cambisols_Ratio,sol12_Lithosols,sol12_Lithosols_Ratio,sol12_Rhodic Acrisols,sol12_Rhodic Acrisols_Ratio,sol12_Ochric Cambisols,sol12_Ochric Cambisols_Ratio,sol12_Humo-Ferric(Gleyic) Podzols,sol12_Humo-Ferric(Gleyic) Podzols_Ratio,sol12_Gleyic Andosols,sol12_Gleyic Andosols_Ratio,sol12_Humo-Ferric Podzols,sol12_Humo-Ferric Podzols_Ratio,sol12_Vitric Andosols,sol12_Vitric Andosols_Ratio,sol12_(Andic) Rhegosols,sol12_(Andic) Rhegosols_Ratio,sol12_(Entic) Andosols,sol12_(Entic) Andosols_Ratio,sol12_Histosols,sol12_Histosols_Ratio,sol12_Fluvisols,sol12_Fluvisols_Ratio,sol22_Rhegosols,sol22_Rhegosols_Ratio,sol22_Acrisols and Luvisols,sol22_Acrisols and Luvisols_Ratio,sol22_Andosols,sol22_Andosols_Ratio,sol22_Ochric Gleysols,sol22_Ochric Gleysols_Ratio,sol22_Lithosols,sol22_Lithosols_Ratio,sol22_Fluvisols,sol22_Fluvisols_Ratio,sol22_Podozols,sol22_Podozols_Ratio,sol22_Cambisols,sol22_Cambisols_Ratio,sol22_Fluvic gleysols,sol22_Fluvic gleysols_Ratio,sol22_Dystric Histosols,sol22_Dystric Histosols_Ratio,geo1_P,geo1_P_Ratio,geo1_An,geo1_An_Ratio,geo1_M,geo1_M_Ratio,geo1_Gn,geo1_Gn_Ratio,geo1_Gr,geo1_Gr_Ratio,geo1_tr,geo1_tr_Ratio,geo1_lm,geo1_lm_Ratio,geo1_al,geo1_al_Ratio,geo1_Bs,geo1_Bs_Ratio,geo1_wf,geo1_wf_Ratio,geo1_Sch,geo1_Sch_Ratio,geo1_Tn,geo1_Tn_Ratio,geo1_Gd,geo1_Gd_Ratio,geo1_Lp,geo1_Lp_Ratio,geo1_Tp,geo1_Tp_Ratio,geo1_Sp,geo1_Sp_Ratio,geo1_Pls,geo1_Pls_Ratio,geo1_ds,geo1_ds_Ratio,geo3_Henseigan,geo3_Henseigan_ratio,geo3_Taisekigan,geo3_Taisekigan_ratio,geo3_Kaseigan,geo3_Kaseigan_ratio,landP_Lowland,landP_Lowland_Ratio,landP_Volcanic,landP_Volcanic_Ratio,landP_Mountain,landP_Mountain_Ratio,landP_Plateau,landP_Plateau_Ratio,landP_Hills,landP_Hills_Ratio,landP_Water,landP_Water_Ratio,landS_Volcanic_GentleSlope,landS_Volcanic_GentleSlope_Ratio,landS_Lowland,landS_Lowland_Ratio,landS_Volcanic_SteepSlope,landS_Volcanic_SteepSlope_Ratio,landS_AlluvialFanAndValleyPlains,landS_AlluvialFanAndValleyPlains_Ratio,landS_GravelPlateauAndRockPlateau,landS_GravelPlateauAndRockPlateau_Ratio,landS_DeltasAndTidalFlatsAndWetValleyPlains,landS_DeltasAndTidalFlatsAndWetValleyPlains_Ratio,landS_LavaPlateau,landS_LavaPlateau_Ratio,landS_VolcanicLaharTerrain,landS_VolcanicLaharTerrain_Ratio,landS_MountainSteepSlope,landS_MountainSteepSlope_Ratio,landS_SteepAlluvialFan,landS_SteepAlluvialFan_Ratio,landS_HillsSteepAndGentle,landS_HillsSteepAndGentle_Ratio,landS_Peatland,landS_Peatland_Ratio,landS_VolcanicAshSandPlateau,landS_VolcanicAshSandPlateau_Ratio,landS_MountainGentleSlope,landS_MountainGentleSlope_Ratio,landS_DuneBeachSandbars,landS_DuneBeachSandbars_Ratio,landS_Water,landS_Water_Ratio,landS_LimestonePlateau,landS_LimestonePlateau_Ratio,land_RiceField,land_RiceField_Ratio,land_OtherFarmland,land_OtherFarmland_Ratio,land_Forest,land_Forest_Ratio,land_Wasteland,land_Wasteland_Ratio,land_Urban,land_Urban_Ratio,land_Road,land_Road_Ratio,land_Railroad,land_Railroad_Ratio,land_Other,land_Other_Ratio,land_RiverLakes,land_RiverLakes_Ratio,land_Beach,land_Beach_Ratio,land_Ocean,land_Ocean_Ratio,land_GolfCourse,land_GolfCourse_Ratio
1,2587080,TESHIO GAWA,MARUYAMA,4685.0,44.92,141.89,44.9229,141.8938,0.4,311.93425348993304,7.2048884605888786,7.79835634,5.31,3654.8200650961,0.780111006423927,0.00113340448239061,0.44443372,3.404716104970772,4.865626775240798,1.5131706528878996,21.56204207702955,11.27034755582191,2.610958797014077,0.03364969568671644,-1.5261155095912735,0.42490712883525933,1.1007298240626824,5.766890766311934,1.1038223984141484,12006.31325,93.41027099,-9.97877582,43.55372371,142.3808982,14517.69471,115.2035247,0.0,0.0,0.0,0.0,0.0,0.0,64.843,0.013840554962646745,927.7130000000001,0.19801771611526148,3313.4040000000005,0.7072367129135539,31.226999999999997,0.006665314834578441,0.0,0.0,234.44799999999998,0.05004226254002134,10.087,0.002153041622198506,0.08199999999999999,1.750266808964781e-05,10.783,0.0023016008537886873,0.0,0.0,3.252,0.0006941302027748132,0.0,0.0,68.036,0.014522091782283884,0.0,0.0,3.252,0.0006941302027748132,0.0,0.0,0.08199999999999999,1.750266808964781e-05,927.7130000000001,0.19801771611526148,31.226999999999997,0.006665314834578441,0.0,0.0,20.869,0.004454429028815368,3547.8520000000003,0.7572789754535753,64.843,0.013840554962646745,68.036,0.014522091782283884,657.061,0.1402478121664888,909.0369999999999,0.19403137673425824,559.847,0.11949775880469583,0.0,0.0,44.254,0.009445891141942369,50.727,0.01082753468516542,0.0,0.0,716.299,0.15289199573105655,0.0,0.0,0.0,0.0,0.0,0.0,1532.703,0.32715112059765206,0.0,0.0,8.696,0.001856136606189968,0.0,0.0,184.21,0.03931910352187834,0.0,0.0,0.0,0.0,0.0,0.0,3516.638,0.7506164354322306,1146.197,0.2446525080042689,824.558,0.17599957310565634,0.0,0.0,3066.116,0.6544537886872999,249.887,0.053337673425827105,525.278,0.11211910352187834,0.8220000000000001,0.00017545357524012808,0.0,0.0,0.0,0.0,0.0,0.0,558.928,0.11930160085378869,249.887,0.053337673425827105,179.136,0.03823607257203842,0.0,0.0,0.0,0.0,2843.438,0.6069237993596585,0.0,0.0,525.278,0.11211910352187834,86.494,0.018461899679829242,0.0,0.0,222.678,0.04752998932764141,0.0,0.0,0.8220000000000001,0.00017545357524012808,0.0,0.0,160.393187,0.03423547214514408,581.802145,0.12418402241195305,3487.1292710000002,0.744317880683031,531.546601,0.11345711867662754,34.949533,0.007459878975453576,14.286001,0.0030493065101387406,52.262611,0.01115530651013874,83.406212,0.01780282006403415,0.009251,1.9745997865528283e-06,0.0,0.0,1.6082379999999998,0.0003432738527214514,0.0,0.0
2,2587081,TESHIO GAWA,PONPIRA,4029.0,44.8,142.08,44.7979,142.0687,0.9,341.36405827585713,7.54349090076685,3.79293398,5.31,3198.2641522785198,0.793810908979528,0.00131794489947878,0.431964,3.448419861165927,4.775684735061878,1.4895932317322875,22.04031736458126,11.218143740809166,2.6034012774598656,0.03047445314624302,-1.7053806060226446,0.4028297329858849,1.0572594798958976,5.65535505888714,1.0659904124358195,12042.721590000001,92.7381993,-10.875,42.63723776,143.45563810000002,14529.83282,115.55987759999998,0.0,0.0,0.0,0.0,0.0,0.0,64.843,0.016094068006949618,780.452,0.19370861255894764,2913.074,0.7230265574584265,31.226999999999997,0.007750558451228592,0.0,0.0,207.547,0.051513278729213206,0.9570000000000001,0.00023752792256142967,0.0,0.0,10.783,0.0026763464879622735,0.0,0.0,3.252,0.0008071481757259865,0.0,0.0,46.718999999999994,0.011595681310498882,0.0,0.0,3.252,0.0008071481757259865,0.0,0.0,0.0,0.0,780.452,0.19370861255894764,31.226999999999997,0.007750558451228592,0.0,0.0,11.74,0.002913874410523703,3120.6209999999996,0.7745398361876396,64.843,0.016094068006949618,46.718999999999994,0.011595681310498882,632.285,0.15693348225366094,909.0369999999999,0.22562347977165548,513.148,0.12736361379995037,0.0,0.0,44.254,0.010983866964507321,50.727,0.012590469099032017,0.0,0.0,612.56,0.15203772648299824,0.0,0.0,0.0,0.0,0.0,0.0,1201.478,0.29820749565649046,0.0,0.0,8.696,0.0021583519483742864,0.0,0.0,85.822,0.021301067262347977,0.0,0.0,0.0,0.0,0.0,0.0,3010.199,0.7471330354926781,1047.808,0.26006651774633904,685.3939999999999,0.1701151650533631,0.0,0.0,2889.3779999999997,0.717145197319434,216.87400000000002,0.0538282452221395,268.462,0.06663241499131298,0.8220000000000001,0.00020402084884586747,0.0,0.0,0.0,0.0,0.0,0.0,535.4730000000001,0.1329046909903202,216.87400000000002,0.0538282452221395,96.48899999999999,0.023948622486969467,0.0,0.0,0.0,0.0,2693.81,0.6686051129312485,0.0,0.0,268.462,0.06663241499131298,53.431000000000004,0.013261603375527427,0.0,0.0,195.56799999999998,0.04854008438818565,0.0,0.0,0.8220000000000001,0.00020402084884586747,0.0,0.0,160.384045,0.039807407545296596,470.20102,0.11670414991312981,3090.081975,0.7669600335070738,408.846404,0.10147590071978159,32.215995,0.00799602755026061,10.092046,0.0025048513278729213,51.165433,0.0126992884090345,66.135452,0.016414855299081658,0.009251,2.296103251427153e-06,0.0,0.0,1.6082379999999998,0.00039916554976420946,0.0,0.0
3,2587082,TESHIO GAWA,BIFUKA-BASHI,2899.0,44.48,142.34,44.4813,142.3354,0.4,363.467635193604,7.32687447894956,9.08669088,5.31,2181.83998307131,0.752618138348158,0.00183166609175578,0.44341327,3.2818139338554193,4.800167752736363,1.4551998318555883,21.848136157986602,11.291943400192158,2.582487998530128,0.02423968328919652,-1.7639627268651124,0.36931622097661854,0.9228756211952416,5.632505225653987,1.0096716888892443,11571.84353,93.10989346,-10.68584475,42.89406393,127.05844750000001,14793.260269999999,116.5722983,0.0,0.0,0.0,0.0,0.0,0.0,42.617,0.014700586409106587,613.817,0.21173404622283545,2038.9470000000001,0.703327699206623,19.984,0.006893411521214213,0.0,0.0,141.259,0.04872680234563642,0.0,0.0,0.0,0.0,5.045,0.0017402552604346326,0.0,0.0,3.252,0.001121766126250431,0.0,0.0,46.50899999999999,0.016043118316660915,0.0,0.0,3.252,0.001121766126250431,0.0,0.0,0.0,0.0,613.817,0.21173404622283545,19.984,0.006893411521214213,0.0,0.0,5.045,0.0017402552604346326,2180.206,0.7520545015522594,42.617,0.014700586409106587,46.50899999999999,0.016043118316660915,605.729,0.20894411866160748,723.4939999999999,0.24956674715419108,0.995,0.0003432218006209038,0.0,0.0,44.254,0.015265263884097964,21.111,0.0072821662642290445,0.0,0.0,565.5409999999999,0.19508140738185578,0.0,0.0,0.0,0.0,0.0,0.0,899.0269999999999,0.3101162469817178,0.0,0.0,8.696,0.0029996550534667128,0.0,0.0,41.736000000000004,0.014396688513280444,0.0,0.0,0.0,0.0,0.0,0.0,2092.402,0.7217668161434978,818.18,0.2822283546050362,563.548,0.19439392894101415,0.0,0.0,1930.981,0.666085201793722,173.94400000000002,0.06000137978613315,244.21099999999998,0.0842397378406347,0.8220000000000001,0.0002835460503621939,0.0,0.0,0.0,0.0,0.0,0.0,453.648,0.15648430493273544,173.94400000000002,0.06000137978613315,56.468999999999994,0.019478785788202828,0.0,0.0,0.0,0.0,1772.981,0.6115836495343222,0.0,0.0,244.21099999999998,0.0842397378406347,53.431000000000004,0.01843083822007589,0.0,0.0,158.0,0.054501552259399795,0.0,0.0,0.8220000000000001,0.0002835460503621939,0.0,0.0,157.74385700000002,0.05441319661952398,393.04888900000003,0.1355808516729907,2166.482876,0.7473207575025871,233.986972,0.080712994825802,29.295206,0.010105279751638496,7.666614999999999,0.0026445722662987235,47.088813,0.01624312280096585,48.014109000000005,0.016562300448430496,0.009251,3.191100379441187e-06,0.0,0.0,1.6082379999999998,0.0005547561228009658,0.0,0.0
4,2587083,TESHIO GAWA,NAYORO-OHASHI,1719.2,44.38,142.41,44.3688,142.4437,3.0,346.30955637577796,6.78790735329182,1.15436519,5.31,1218.21142432417,0.708592033692514,0.00308864588180549,0.42842769,3.3781230306759,5.016315345724436,1.4472814502872335,22.30104126673155,11.456142442938384,2.5678100588836403,0.023074193497592408,-1.5797696470702551,0.3701980310607731,0.9037501677828262,5.8186012746178974,0.9943988460908648,11651.21659,96.24143070000001,-6.310481867999999,46.26179831,123.44560359999998,14886.18082,116.88772979999999,0.0,0.0,0.0,0.0,0.0,0.0,42.617,0.02478885528152629,435.964,0.25358538855281526,1155.3339999999998,0.672018380642159,5.992000000000001,0.0034853420195439743,0.0,0.0,81.667,0.04750290832945556,0.0,0.0,0.0,0.0,2.7769999999999997,0.001615286179618427,0.0,0.0,3.252,0.001891577477896696,0.0,0.0,38.623000000000005,0.022465681712424385,0.0,0.0,3.252,0.001891577477896696,0.0,0.0,0.0,0.0,435.964,0.25358538855281526,5.992000000000001,0.0034853420195439743,0.0,0.0,2.7769999999999997,0.001615286179618427,1237.002,0.7195218706375057,42.617,0.02478885528152629,38.623000000000005,0.022465681712424385,364.56300000000005,0.212053862261517,273.031,0.1588128199162401,0.995,0.0005787575616565845,0.0,0.0,43.886,0.025526989297347605,2.383,0.001386109818520242,0.0,0.0,445.974,0.25940786412284783,0.0,0.0,0.0,0.0,0.0,0.0,584.117,0.3397609353187529,0.0,0.0,8.696,0.005058166589111214,0.0,0.0,41.736000000000004,0.024276407631456495,0.0,0.0,0.0,0.0,0.0,0.0,1398.0320000000002,0.8131875290832946,367.349,0.2136743834341554,429.87800000000004,0.25004536993950677,0.0,0.0,1032.6019999999999,0.6006293624941832,93.085,0.05414436947417403,211.915,0.12326372731503024,0.8220000000000001,0.00047812936249418337,0.0,0.0,0.0,0.0,0.0,0.0,320.32,0.18631921824104233,93.085,0.05414436947417403,56.468999999999994,0.032846091205211723,0.0,0.0,0.0,0.0,957.385,0.5568781991624011,0.0,0.0,211.915,0.12326372731503024,53.089,0.030880060493252676,0.0,0.0,75.217,0.04375116333178222,0.0,0.0,0.8220000000000001,0.00047812936249418337,0.0,0.0,150.061731,0.08728579048394602,274.74061,0.15980724174034436,1227.709643,0.7141168235225686,151.405464,0.08806739413680781,23.466622,0.01364973359702187,5.325168,0.00309746859004188,33.41706,0.019437563983248023,35.668841,0.020747348185202418,0.009251,5.380991158678455e-06,0.0,0.0,0.906825,0.0005274691717077711,0.0,0.0
5,2587100,ISHIKARI-GAWA,ISHIKARI-OHASHI,12697.0,43.1197,141.5456,43.1229,141.5437,0.4,393.355932572004,7.7398379174812995,9.83389831,127.369,8592.14229145063,0.676706489048644,0.010031424746003,0.40797236,3.632984154448024,5.321276644993175,1.4821571356892609,24.41141418388402,11.280096785836827,2.509552967217296,0.04143764712293771,-0.4367436272441829,0.4339725755299448,1.2027197737722874,6.112240310449134,1.057034207873876,12750.95041,96.97028856,-0.347915924,49.05101532,117.2302102,15179.66299,118.0809405,0.0,0.0,0.0,0.0,736.263,0.057987162321808304,582.518,0.04587839647160747,2114.359,0.16652429707804992,7167.099,0.5644718437426164,119.73299999999999,0.009430022840040953,0.0,0.0,399.029,0.03142703000708829,18.471,0.001454753091281405,0.79,6.221942191068756e-05,400.05300000000005,0.03150767897928645,0.0,0.0,627.854,0.04944900370166181,0.0,0.0,489.37699999999995,0.038542726628337395,0.0,0.0,627.854,0.04944900370166181,0.0,0.0,737.053,0.058049381743718986,2114.359,0.16652429707804992,119.73299999999999,0.009430022840040953,0.0,0.0,418.524,0.03296243207056785,7566.128000000001,0.5958988737497047,582.518,0.04587839647160747,489.37699999999995,0.038542726628337395,1230.496,0.09691234149799166,1700.4070000000002,0.13392195006694496,1314.265,0.10350988422462,9.517000000000001,0.0007495471371190046,11.054,0.0008705993541781523,270.61400000000003,0.021313223596125072,563.956,0.04441647633299205,2481.9139999999998,0.19547247381271166,0.0,0.0,1321.5339999999999,0.10408238166496021,451.55800000000005,0.03556414901157754,2491.614,0.1962364338032606,0.0,0.0,0.0,0.0,423.245,0.03333425218555564,447.786,0.035267070961644484,0.0,0.0,0.0,0.0,461.075,0.03631369614869654,10097.636999999999,0.7952773883594549,2159.2470000000003,0.17005962038276762,2274.005,0.17909781838229505,2414.924,0.19019642435220918,5304.368,0.41776545640702534,1737.671,0.1368568165708435,978.836,0.07709191147515161,103.962,0.008187918405922659,407.29,0.03207765613924549,633.246,0.04987367094589273,2007.6329999999998,0.15811868945420177,1228.947,0.09679034417578955,739.6669999999999,0.05825525714735764,711.092,0.056004725525714734,0.0,0.0,0.0,0.0,4292.327,0.338058360242577,0.0,0.0,978.836,0.07709191147515161,331.62300000000005,0.02611821690163031,364.759,0.028727967236355047,1012.041,0.0797070961644483,2.343,0.0001845317791604316,103.962,0.008187918405922659,0.0,0.0,1536.646858,0.12102440403244862,1245.5939039999998,0.09810143372450184,8557.261852,0.6739593488225565,907.3779609999999,0.07146396479483341,300.82212400000003,0.02369237804205718,41.781405,0.0032906517287548238,279.27538,0.0219953831613767,363.847175,0.028656153028274393,0.009353,7.366307001653934e-07,0.0,0.0,66.703765,0.005253505946286524,0.0,0.0
6,2587101,ISHIKARI-GAWA,TSUKIGATA,9306.0,43.33,141.6933,43.3312,141.6937,0.1,454.073337792849,7.999611132251519,45.4073338,40.044,6692.16266596635,0.7191234328354129,0.0043030303030303,0.39954591,3.6589797241897735,4.932432772227439,1.4619303659001384,23.40448335883333,11.057259533370454,2.519645200282365,0.04351214852040651,-1.0837982595557187,0.413438053177098,1.2138690534896135,5.697413945956591,1.0058565621630802,12769.79955,92.76922329,-5.526198114,44.73831049,120.79235929999999,14920.229609999999,117.9881404,0.0,0.0,0.0,0.0,410.095,0.04406780571674189,451.091,0.04847313561143349,1483.714,0.15943627767032023,5666.085999999999,0.6088637438211906,74.137,0.007966580700623253,0.0,0.0,352.026,0.037827852998065764,18.471,0.0019848484848484847,0.79,8.489146787019128e-05,385.92800000000005,0.0414708790027939,0.0,0.0,253.455,0.02723565441650548,0.0,0.0,118.545,0.012738555770470665,0.0,0.0,253.455,0.02723565441650548,0.0,0.0,410.884,0.044152589727057816,1483.714,0.15943627767032023,74.137,0.007966580700623253,0.0,0.0,404.398,0.04345562003008812,6018.111999999999,0.6466915968192563,451.091,0.04847313561143349,118.545,0.012738555770470665,1146.924,0.12324564796905223,1621.236,0.174214055448098,780.7489999999999,0.0838973780356759,9.517000000000001,0.00102267354395014,11.054,0.0011878358048570815,234.83700000000002,0.025235009671179885,0.0,0.0,1405.635,0.15104609929078014,0.0,0.0,1305.7160000000001,0.1403090479260692,451.55800000000005,0.04852331828927574,1829.46,0.1965892972275951,0.0,0.0,0.0,0.0,90.95100000000001,0.00977337201805287,380.001,0.04083397807865893,0.0,0.0,0.0,0.0,461.075,0.049545991833225875,6794.272,0.7300958521384053,2012.2920000000001,0.21623597678916828,1229.1760000000002,0.13208424672254462,2244.339,0.24117117988394585,3930.96,0.4224113475177305,979.554,0.10526047711154093,883.1110000000001,0.09489694820545885,20.545,0.0022077154523963034,388.13599999999997,0.041708145282613365,557.398,0.05989662583279605,1856.203,0.19946303460133247,924.2139999999999,0.0993137760584569,422.157,0.04536395873629916,249.912,0.026854932301740814,0.0,0.0,0.0,0.0,2965.95,0.31871373307543516,0.0,0.0,883.1110000000001,0.09489694820545885,52.707,0.005663765312701483,0.0,0.0,965.01,0.10369761444229529,2.343,0.00025177304964539007,20.545,0.0022077154523963034,0.0,0.0,1021.8440099999999,0.10980485815602836,729.581579,0.07839905211691382,6596.493106,0.708843015903718,766.204454,0.08233445669460564,181.28620800000002,0.01948057253384913,23.421768,0.0025168459058671827,154.013316,0.016549894261766604,202.557397,0.021766322480120354,0.009353,1.005050505050505e-06,0.0,0.0,24.523512,0.002635236621534494,0.0,0.0
7,2587102,ISHIKARI-GAWA,HASHIMOTOCHO,5711.0,43.5544,141.8872,43.5562,141.8896,0.3,467.23173833552596,7.69697518858552,15.5743913,29.366,4305.84469570734,0.7539563466481071,0.00514200665382595,0.39700377,3.7241809720121024,4.78020647119892,1.4785138712268082,23.275427581306573,10.943921405847933,2.547992336330935,0.04689790882125063,-1.2942319707839482,0.42647085745945895,1.27275016057554,5.47831137832092,1.0266659871310553,13046.89761,90.26146313,-8.211158926,42.42736311,132.6170055,14776.6636,117.7002523,0.0,0.0,0.0,0.0,234.59599999999998,0.04107791980388723,299.901,0.05251286990019261,966.176,0.16917807739450186,3542.8709999999996,0.6203591315006128,45.422,0.00795342321835055,0.0,0.0,280.676,0.04914655927158116,15.112,0.0026461215198739277,0.0,0.0,326.42,0.05715636490982315,0.0,0.0,185.524,0.03248537909297846,0.0,0.0,59.803999999999995,0.010471721239712834,0.0,0.0,185.524,0.03248537909297846,0.0,0.0,234.59599999999998,0.04107791980388723,966.176,0.16917807739450186,45.422,0.00795342321835055,0.0,0.0,341.532,0.05980248642969707,3823.547,0.669505690772194,299.901,0.05251286990019261,59.803999999999995,0.010471721239712834,632.815,0.11080633864472073,1355.93,0.23742426895464894,230.793,0.040412011906846436,0.0,0.0,0.99,0.00017334967606373665,147.05100000000002,0.025748730520049033,0.0,0.0,940.795,0.16473384696200313,0.0,0.0,727.4169999999999,0.12737121344773245,386.394,0.06765785326562773,1242.607,0.21758133426720364,0.0,0.0,0.0,0.0,90.95100000000001,0.015925582209770618,224.6,0.039327613377692174,0.0,0.0,0.0,0.0,386.394,0.06765785326562773,4012.429,0.7025790579583261,1581.52,0.27692523200840485,807.5360000000001,0.14140010506040976,1529.114,0.26774890562073195,2370.005,0.41498949395902646,651.3330000000001,0.11404885309052706,640.431,0.11213990544563124,1.9709999999999999,0.0003451234459814393,236.94799999999998,0.041489756610050776,403.041,0.0705727543337419,1292.1660000000002,0.22625914901068117,647.445,0.11336806163544039,248.292,0.04347609875678515,141.44299999999998,0.02476676589038697,0.0,0.0,0.0,0.0,1721.567,0.3014475573454736,0.0,0.0,640.431,0.11213990544563124,18.648,0.003265277534582385,0.0,0.0,648.438,0.11354193661355279,0.0,0.0,1.9709999999999999,0.0003451234459814393,0.0,0.0,745.3801139999999,0.1305165669760112,438.331115,0.07675207756960252,4197.172831,0.7349278289266328,612.322418,0.10721807354228681,127.62402800000001,0.022347054456312382,16.143324,0.0028267070565575207,70.18645699999999,0.012289696550516545,133.481506,0.02337270285414113,0.0,0.0,0.0,0.0,15.727246,0.002753851514620907,0.0,0.0
8,2587103,ISHIKARI-GAWA,OSAMUNAI,3558.0,43.7156,142.1367,43.7188,142.1354,0.4,597.895117713951,8.40760739624385,14.9473779,2.423,2584.8918608389004,0.726501366171698,0.000681000562113547,0.40619155,3.478620946313482,4.192122985577323,1.4129864183305128,23.215586046801,10.599116452833721,2.5125449305315866,0.03026707275794458,-2.0781314483642936,0.38048939007170096,1.0028041355564707,4.938998450124622,0.9478714057130476,11998.18605,84.13997986,-12.63418933,37.45140987,99.47834844,14837.70569,119.0025176,0.0,0.0,0.0,0.0,234.59599999999998,0.06593479482855537,25.685,0.007218943226531759,401.2,0.11275997751545812,2158.471,0.6066528948847667,7.537000000000001,0.0021183249016301295,0.0,0.0,185.502,0.05213659359190557,15.112,0.004247329960652052,0.0,0.0,324.697,0.09125829117481732,0.0,0.0,180.889,0.05084007869589657,0.0,0.0,13.369000000000002,0.003757448004496909,0.0,0.0,180.889,0.05084007869589657,0.0,0.0,234.59599999999998,0.06593479482855537,401.2,0.11275997751545812,7.537000000000001,0.0021183249016301295,0.0,0.0,339.809,0.09550562113546937,2343.973,0.6587894884766723,25.685,0.007218943226531759,13.369000000000002,0.003757448004496909,564.966,0.158787521079258,1096.488,0.3081753794266442,5.107,0.0014353569421023046,0.0,0.0,0.99,0.0002782462057335582,48.853,0.013730466554243958,0.0,0.0,490.529,0.1378664980326026,0.0,0.0,727.4169999999999,0.20444547498594715,305.677,0.08591259134345139,237.468,0.06674198988195615,0.0,0.0,0.0,0.0,0.0,0.0,71.469,0.020086846543001684,0.0,0.0,0.0,0.0,305.677,0.08591259134345139,2074.34,0.5830073074761102,1168.948,0.3285407532321529,326.791,0.09184682405845981,1437.63,0.40405564924114673,1074.7939999999999,0.3020781337830241,397.05300000000005,0.11159443507588535,312.684,0.08788195615514334,0.0,0.0,169.614,0.04767116357504216,323.22700000000003,0.090845137717819,1268.016,0.3563844856661046,323.945,0.0910469364811692,73.82600000000001,0.02074929735806633,1.754,0.000492973580663294,0.0,0.0,0.0,0.0,553.8480000000001,0.15566273187183813,0.0,0.0,312.684,0.08788195615514334,1.093,0.00030719505340078695,0.0,0.0,520.946,0.14641540191118607,0.0,0.0,0.0,0.0,0.0,0.0,391.741048,0.11010147498594716,282.53825,0.07940928892636313,2483.986327,0.698141182405846,365.980686,0.10286135075885329,98.288877,0.02762475463743676,9.411869,0.002645269533445756,52.211687,0.014674448285553681,56.000907999999995,0.015739434513771782,0.0,0.0,0.0,0.0,10.288827000000001,0.002891744519392918,0.0,0.0
9,2587104,ISHIKARI-GAWA,INO,3378.6,43.77,142.27,43.7687,142.2771,0.6,619.135333080133,8.49370637026537,10.3189222,2.423,2415.13200923671,0.7148321817429442,0.0007171609542414018,0.40326262,3.486249000701504,4.088668445357822,1.4058739077657068,23.307086651952826,10.516724563614355,2.506592440758355,0.02972413024142897,-2.197157212363383,0.3772043152141504,0.9992994861706818,4.8106693716475375,0.9403929714602663,12018.34042,82.82723358,-13.7131324,36.33019376,98.59607104,14797.50619,119.09230359999998,0.0,0.0,0.0,0.0,234.59599999999998,0.0694358610075179,0.0,0.0,362.55400000000003,0.10730894453323864,2017.467,0.5971310602024508,7.537000000000001,0.00223080565914876,0.0,0.0,174.028,0.05150890901556858,5.235,0.0015494583555318772,0.0,0.0,324.697,0.09610400757710294,0.0,0.0,180.889,0.05353963180015391,0.0,0.0,13.369000000000002,0.003956964423133843,0.0,0.0,180.889,0.05353963180015391,0.0,0.0,234.59599999999998,0.0694358610075179,362.55400000000003,0.10730894453323864,7.537000000000001,0.00223080565914876,0.0,0.0,329.93199999999996,0.09765346593263481,2191.496,0.6486402651986031,0.0,0.0,13.369000000000002,0.003956964423133843,564.966,0.1672189664358018,1083.644,0.3207375836145149,2.469,0.0007307760610903924,0.0,0.0,0.99,0.0002930207778369739,35.161,0.010406973302551354,0.0,0.0,475.035,0.14060113656544132,0.0,0.0,716.3789999999999,0.21203427455158938,197.55200000000002,0.05847155626590896,204.06400000000002,0.060398981826792174,0.0,0.0,0.0,0.0,0.0,0.0,42.021,0.01243740010655301,0.0,0.0,0.0,0.0,197.55200000000002,0.05847155626590896,1998.0729999999999,0.5913908127626828,1126.655,0.33346800449890485,322.27099999999996,0.09538595868111051,1327.807,0.3930050908660392,1003.048,0.2968827324927485,371.874,0.11006748357307762,297.27,0.08798614810868406,0.0,0.0,165.102,0.04886698632569704,298.048,0.08821642100278222,1162.705,0.34413810454034216,319.42400000000004,0.09454330195939148,73.82600000000001,0.02185106257029539,1.754,0.0005191499437636892,0.0,0.0,0.0,0.0,508.57599999999996,0.15052862132244124,0.0,0.0,297.27,0.08798614810868406,1.093,0.00032350677795536613,0.0,0.0,494.472,0.14635411117030722,0.0,0.0,0.0,0.0,0.0,0.0,365.30132000000003,0.1081220979103771,265.667306,0.07863236429290239,2311.9221239999997,0.6842840596696856,354.987132,0.1050692985260167,96.779001,0.02864470520333866,8.591924,0.002543042680400166,47.708709999999996,0.014120851832119813,52.413205,0.015513291008109867,0.0,0.0,0.0,0.0,9.394602,0.002780619783342213,0.0,0.0
10,2587105,SORACHI-GAWA,AKABIRA,2531.0,43.56,142.05,43.5604,142.0521,0.2,505.35485216997694,8.96625719172757,25.2677426,10.59,1994.905880119,0.7881888107937571,0.0041841169498222,0.41157245,3.424778061735273,4.830385577773266,1.4095443113674957,25.301509615639524,11.05201828748484,2.4864154702060746,0.018237445194336826,-1.2596659079298933,0.3676558344409876,0.8906204273159817,5.629194619693089,0.9540656346959902,12031.47394,93.48793284,-5.272822665,44.93599161,91.37040923,15063.68625,118.79013640000001,0.0,0.0,0.0,0.0,175.49900000000002,0.06933978664559463,28.424,0.011230343737653102,307.177,0.12136586329514026,1782.32,0.7041959699723429,27.888,0.011018569735282497,0.0,0.0,65.65100000000001,0.02593875938364283,3.359,0.001327143421572501,0.0,0.0,57.9,0.022876333465033583,0.0,0.0,65.825,0.026007506914263137,0.0,0.0,30.055,0.011874753062030818,0.0,0.0,65.825,0.026007506914263137,0.0,0.0,175.49900000000002,0.06933978664559463,307.177,0.12136586329514026,27.888,0.011018569735282497,0.0,0.0,61.25899999999999,0.024203476886606082,1847.9720000000002,0.7301351244567366,28.424,0.011230343737653102,30.055,0.011874753062030818,477.32199999999995,0.18859028052153298,248.66099999999997,0.09824614776768074,510.705,0.20177992888186486,9.517000000000001,0.003760173844330305,10.064,0.003976293954958515,39.435,0.015580798103516397,0.0,0.0,179.271,0.07083010667720269,0.0,0.0,578.299,0.22848636902410113,65.164,0.025746345318056106,275.64099999999996,0.10890596602133543,0.0,0.0,0.0,0.0,0.0,0.0,155.40200000000002,0.06139944685894904,0.0,0.0,0.0,0.0,74.681,0.02950651916238641,2060.674,0.8141738443303043,414.126,0.1636214934808376,202.988,0.08020071118135125,693.903,0.2741615962070328,1208.497,0.47747807190833663,201.41299999999998,0.07957842749901224,242.679,0.09588265507704465,0.0,0.0,140.642,0.05556775977874358,142.684,0.05637455551165547,553.261,0.2185938364282892,155.67700000000002,0.061508099565389183,58.729,0.023203871987356777,31.215,0.012333069932832872,0.0,0.0,0.0,0.0,901.54,0.35619913077834847,0.0,0.0,242.679,0.09588265507704465,16.096,0.006359541683129198,0.0,0.0,306.957,0.12127894112998815,0.0,0.0,0.0,0.0,0.0,0.0,125.8914,0.04973978664559463,252.587448,0.0997974903200316,2089.596578,0.8256011766100356,120.919191,0.04777526313709996,25.251796,0.009977003555906756,2.3726529999999997,0.0009374369814302646,65.038197,0.02569664045831687,31.602974,0.012486358751481628,0.0,0.0,0.0,0.0,4.396418,0.0017370280521532989,0.0,0.0
11,2587106,YUBARI-GAWA,KIYOHORO-BASHI,1116.0,43.09,141.69,43.0896,141.6896,0.1,377.57220677797204,8.103404251598072,37.7572207,3.114,856.149505124364,0.767159054770935,0.00279032258064516,0.40688065,3.7081523484909726,5.8015733915873495,1.5087754559896356,30.91672214420197,11.639187563569505,2.554852595256884,0.009170449713416162,0.3175023724678536,0.41654370245982014,0.6313234641763562,6.620708292789812,1.1064789571530729,13329.27088,101.73224040000001,2.5753317719999997,51.28883685,103.51756440000001,15127.12724,117.50897739999999,0.0,0.0,0.0,0.0,74.0,0.06630824372759857,6.608,0.005921146953405018,121.686,0.10903763440860216,792.7330000000001,0.710334229390681,41.441,0.03713351254480287,0.0,0.0,20.012999999999998,0.01793279569892473,0.0,0.0,0.0,0.0,14.126,0.012657706093189964,0.0,0.0,47.623000000000005,0.042672939068100366,0.0,0.0,8.97,0.00803763440860215,0.0,0.0,47.623000000000005,0.042672939068100366,0.0,0.0,74.0,0.06630824372759857,121.686,0.10903763440860216,41.441,0.03713351254480287,0.0,0.0,14.126,0.012657706093189964,812.745,0.7282661290322581,6.608,0.005921146953405018,8.97,0.00803763440860215,70.98899999999999,0.06361021505376344,0.0,0.0,286.168,0.2564229390681004,0.0,0.0,0.0,0.0,34.773,0.03115860215053764,0.136,0.00012186379928315413,125.34899999999999,0.11231989247311827,0.0,0.0,0.0,0.0,0.0,0.0,308.622,0.27654301075268817,0.0,0.0,0.0,0.0,233.378,0.2091200716845878,67.785,0.060739247311827955,0.0,0.0,0.0,0.0,0.0,0.0,1059.4160000000002,0.9492974910394266,67.785,0.060739247311827955,102.605,0.0919399641577061,0.0,0.0,836.225,0.7493055555555556,180.1,0.16137992831541217,8.271,0.007411290322580646,0.0,0.0,0.0,0.0,32.361,0.028997311827956986,0.0,0.0,88.574,0.0793673835125448,147.739,0.1323826164874552,11.445,0.010255376344086022,0.0,0.0,0.0,0.0,818.475,0.7334005376344086,0.0,0.0,8.271,0.007411290322580646,2.5860000000000003,0.002317204301075269,0.0,0.0,17.749000000000002,0.015904121863799286,0.0,0.0,0.0,0.0,0.0,0.0,111.89981,0.10026864695340502,100.263591,0.08984192741935484,921.7840470000001,0.82597136827957,47.805049,0.042836065412186375,15.234464000000001,0.013650953405017922,3.972145,0.0035592697132616484,11.980319,0.010735052867383512,17.423645,0.015612585125448029,0.0,0.0,0.0,0.0,8.980926,0.008047424731182796,0.0,0.0
12,2587200,SHIRIBETSU-GAWA,NAKOMA,1402.2,42.81,140.46,42.8104,140.4604,0.1,436.92598319061204,7.41767635570234,43.6925983,0.045,1038.96745334258,0.740955251278405,3.20924261874198e-05,0.42055692,3.7125883226624317,5.900609920517637,1.5613546963445115,26.73759693821224,11.282324997017676,2.502144768810069,0.016600549074327637,0.8985705892823795,0.4507769293284132,0.9335965177893348,6.432644949420549,1.1404684551174942,13428.632959999999,96.56795798,6.932370322000001,53.14116875,212.867367,14441.2042,116.98227179999999,0.0,0.0,0.0,0.0,461.954,0.32944943659962916,0.0,0.0,201.80900000000003,0.14392312081015549,554.563,0.39549493652831264,12.505,0.00891812865497076,0.0,0.0,96.786,0.06902439024390243,0.0,0.0,0.0,0.0,0.0,0.0,0.0,0.0,47.596000000000004,0.0339438025959207,0.0,0.0,0.0,0.0,0.0,0.0,47.596000000000004,0.0339438025959207,0.0,0.0,461.954,0.32944943659962916,201.80900000000003,0.14392312081015549,12.505,0.00891812865497076,0.0,0.0,0.0,0.0,651.349,0.46451932677221514,0.0,0.0,0.0,0.0,0.0,0.0,547.489,0.3904500071316503,0.0,0.0,0.0,0.0,0.0,0.0,0.0,0.0,0.0,0.0,145.387,0.10368492369134218,0.0,0.0,138.75,0.09895164741121096,0.0,0.0,543.587,0.38766723719868773,0.0,0.0,0.0,0.0,0.0,0.0,0.0,0.0,0.0,0.0,0.0,0.0,0.0,0.0,827.7239999999999,0.5903038083012409,547.489,0.3904500071316503,136.664,0.09746398516616744,878.857,0.6267700755954928,152.645,0.10886107545285979,207.049,0.1476601055484239,0.0,0.0,0.0,0.0,223.717,0.1595471402082442,18.525,0.013211382113821137,655.14,0.4672229353872486,136.664,0.09746398516616744,188.524,0.13444872343460276,0.0,0.0,0.0,0.0,0.0,0.0,115.2,0.0821566110397946,0.0,0.0,0.0,0.0,0.0,0.0,0.0,0.0,37.445,0.026704464413065183,0.0,0.0,0.0,0.0,0.0,0.0,34.392996000000004,0.024527881899871633,192.470219,0.13726302881186705,1072.762543,0.765056727285694,155.408163,0.11083166666666666,12.80983,0.00913552274996434,1.144119,0.0008159456568249894,18.079364,0.012893570104122095,13.727516,0.00978998431036942,0.0,0.0,0.0,0.0,8.436538,0.0060166438453858224,0.0,0.0
13,2587210,MU KAWA,MUKAWA,1228.0,42.57,141.94,42.5688,141.9354,0.4,400.711042524511,8.63587592301445,10.0177761,0.19,1094.62305546128,0.8913868529814979,0.000154723127035831,0.42947239,3.5070685440534484,5.266192971917904,1.5061891045459683,31.87090158217759,11.091088401580313,2.5411265314021816,0.007231087805055824,-0.3035424670080672,0.4245690971541029,0.4849874935494938,5.958562052432139,1.125680580777825,12164.35244,101.3517339,-8.009907997000001,46.81953291,73.79193206,15212.89809,117.75017690000001,0.0,0.0,0.0,0.0,39.634,0.032275244299674266,0.0,0.0,101.666,0.08278990228013029,823.2819999999999,0.6704250814332247,3.576,0.0029120521172638436,0.0,0.0,15.435,0.012569218241042346,0.0,0.0,0.0,0.0,0.0,0.0,0.0,0.0,246.215,0.20050081433224756,0.0,0.0,1.517,0.0012353420195439738,0.0,0.0,246.215,0.20050081433224756,0.0,0.0,39.634,0.032275244299674266,101.666,0.08278990228013029,3.576,0.0029120521172638436,0.0,0.0,0.0,0.0,838.717,0.6829942996742671,0.0,0.0,1.517,0.0012353420195439738,420.676,0.3425700325732899,0.0,0.0,250.798,0.2042328990228013,2.608,0.0021237785016286646,0.0,0.0,26.884,0.021892508143322477,0.0,0.0,55.676,0.045338762214983716,0.0,0.0,0.0,0.0,0.0,0.0,291.428,0.23731921824104235,5.945,0.004841205211726385,0.0,0.0,32.238,0.026252442996742672,145.07,0.11813517915309446,0.0,0.0,0.0,0.0,2.608,0.0021237785016286646,1077.701,0.87760667752443,151.016,0.1229771986970684,116.181,0.09460993485342019,0.0,0.0,1061.937,0.8647695439739412,53.13399999999999,0.04326872964169381,0.073,5.944625407166123e-05,0.0,0.0,0.0,0.0,6.35,0.005171009771986971,0.0,0.0,116.169,0.09460016286644951,46.784,0.038097719869706836,0.012,9.771986970684039e-06,0.0,0.0,0.0,0.0,999.453,0.8138868078175896,0.0,0.0,0.073,5.944625407166123e-05,0.0,0.0,0.0,0.0,62.483999999999995,0.05088273615635179,0.0,0.0,0.0,0.0,0.0,0.0,33.378341999999996,0.027181060260586316,49.511272999999996,0.040318626221498365,1216.463555,0.9906055008143323,35.206431,0.028669732084690557,4.9806919999999995,0.004055938110749185,0.8874110000000001,0.0007226473941368079,8.876562,0.007228470684039087,17.581457999999998,0.014317148208469053,0.0,0.0,0.0,0.0,3.257389,0.0026525969055374594,0.0,0.0
14,2587220,SARU GAWA,BIRATORI,1253.0,42.58,142.15,42.5812,142.1438,0.5,609.996740792016,12.690937671252598,12.1999348,2.963,1156.3865214689,0.9228942709249,0.00236472466081405,0.40483589,3.689001367768799,4.379248159464769,1.4934401693394952,34.338155456809694,10.108171990971693,2.55015141133819,0.0038509498875603054,-1.095110851506839,0.3884602900758215,0.4129292194531805,4.9975493825542205,1.097536242780347,13146.81608,89.30979021,-15.87342657,37.57622378,94.31048951,14730.060140000001,118.1727273,0.0,0.0,0.0,0.0,16.459,0.013135674381484438,0.0,0.0,67.193,0.05362569832402234,906.7560000000001,0.7236679968076617,129.964,0.10372226656025539,0.0,0.0,9.594,0.00765682362330407,0.0,0.0,0.0,0.0,6.702000000000001,0.005348762968874702,0.0,0.0,124.414,0.09929289704708699,0.0,0.0,0.0,0.0,0.0,0.0,124.414,0.09929289704708699,0.0,0.0,16.459,0.013135674381484438,67.193,0.05362569832402234,129.964,0.10372226656025539,0.0,0.0,6.702000000000001,0.005348762968874702,916.35,0.7313248204309657,0.0,0.0,0.0,0.0,522.307,0.41684517158818835,0.0,0.0,164.18,0.1310295291300878,7.101,0.005667198723064645,11.091,0.008851556264964085,3.739,0.0029840383080606543,0.0,0.0,67.469,0.05384596967278531,0.0,0.0,0.0,0.0,0.0,0.0,143.0,0.11412609736632083,182.62400000000002,0.1457494014365523,0.0,0.0,0.0,0.0,159.571,0.1273511572226656,0.0,0.0,0.0,0.0,7.101,0.005667198723064645,900.695,0.718830806065443,353.286,0.281952114924182,78.063,0.06230087789305667,0.0,0.0,1144.5330000000001,0.9134341580207503,28.505,0.022749401436552272,9.982000000000001,0.007966480446927375,0.0,0.0,0.0,0.0,0.0,0.0,0.0,0.0,78.063,0.06230087789305667,28.505,0.022749401436552272,0.0,0.0,0.0,0.0,0.0,0.0,1104.221,0.8812617717478053,0.0,0.0,9.982000000000001,0.007966480446927375,0.0,0.0,0.0,0.0,40.312,0.03217238627294493,0.0,0.0,0.0,0.0,0.0,0.0,16.467322,0.013142316041500398,40.958106,0.03268803351955307,1259.105576,1.0048727661612131,40.737522,0.03251198882681564,4.2057150000000005,0.0033565163607342384,0.501205,0.00040000399042298485,4.069127,0.003247507581803671,16.949285999999997,0.013526964086193135,0.0,0.0,0.0,0.0,0.028474,2.272466081404629e-05,0.0,0.0
15,2587230,ABASHIRI GAWA,HONGO,1120.4,43.895,144.1367,43.8937,144.1438,0.6,290.961579918082,5.72082791801545,4.84935967,1.054,879.474288792715,0.7849645562234159,0.0009407354516244199,0.60970275,2.490707369962021,4.692964842578696,1.5185911335260749,24.16095982068759,11.636926841322536,2.773906755423754,1.2248815529795654e-05,-1.7655752482699458,0.3390329142268484,0.273913129405471,5.837943230822973,1.0699527424264077,8505.436520000001,102.1073668,-12.79545455,45.14184953,76.27115987,17373.907519999997,121.72021940000002,0.0,0.0,0.0,0.0,168.977,0.15081845769368082,0.0,0.0,189.386,0.16903427347375935,727.8389999999999,0.6496242413423776,0.0,0.0,0.0,0.0,12.27,0.010951445912174222,0.0,0.0,0.0,0.0,2.765,0.002467868618350589,0.0,0.0,0.0,0.0,0.0,0.0,19.98,0.017832916815423063,0.0,0.0,0.0,0.0,0.0,0.0,168.977,0.15081845769368082,189.386,0.16903427347375935,0.0,0.0,0.0,0.0,2.765,0.002467868618350589,740.1080000000001,0.6605747947161728,0.0,0.0,19.98,0.017832916815423063,66.768,0.059593002499107456,87.571,0.07816047840057122,0.0,0.0,0.0,0.0,0.0,0.0,0.0,0.0,231.821,0.20690913959300247,106.366,0.09493573723670116,0.0,0.0,57.008,0.0508818279186005,0.0,0.0,572.491,0.5109701892181363,0.0,0.0,0.0,0.0,0.0,0.0,0.0,0.0,0.0,0.0,0.0,0.0,0.0,0.0,1034.454,0.9232898964655479,87.571,0.07816047840057122,123.016,0.10979650124955373,434.55199999999996,0.3878543377365226,422.551,0.37714298464833984,127.76700000000001,0.11403695108889682,14.139000000000001,0.01261960014280614,0.0,0.0,66.749,0.059576044269903594,53.157,0.04744466262049268,367.80400000000003,0.3282791860049982,103.926,0.09275794359157444,49.537,0.04421367368796858,9.736,0.008689753659407355,0.0,0.0,0.0,0.0,404.702,0.3612120671188861,0.0,0.0,14.139000000000001,0.01261960014280614,9.353,0.008347911460192788,25.073,0.022378614780435558,17.849,0.015930917529453765,0.0,0.0,0.0,0.0,0.0,0.0,7.374453999999999,0.00658198322027847,198.862344,0.17749227418779007,952.7461519999999,0.8503625062477685,27.209291999999998,0.024285337379507315,11.297251,0.010083230096394143,2.452914,0.0021893198857550872,10.329971,0.009219895573009639,5.689267,0.005077889146733309,0.0,0.0,0.0,0.0,0.0,0.0,0.0,0.0
16,2587240,TOKORO GAWA,KITAMI,1394.2,43.8,143.92,43.7979,143.9104,0.8,485.17163751623,7.686856411482941,6.06464547,1.287,1064.7359937369501,0.763689566587972,0.000923110027255774,0.61141993,2.453820424135229,4.027442852395665,1.5003147044758642,22.569477053844704,10.893859994483664,2.6725764119816433,0.0025051993090542475,-2.293522925196791,0.3704959466915067,0.3968359232908583,5.121696171532808,1.0772868365012314,8217.318041,93.27030378,-17.34841909,38.25294482,67.73031618,17560.43149,124.23682579999999,0.0,0.0,0.0,0.0,0.0,0.0,0.0,0.0,250.88,0.17994548845215894,1060.485,0.7606405106871323,0.9129999999999999,0.0006548558313011045,0.0,0.0,50.266000000000005,0.03605365083919094,0.0,0.0,0.0,0.0,44.285,0.031763735475541524,0.0,0.0,0.0,0.0,0.0,0.0,0.445,0.0003191794577535504,0.0,0.0,0.0,0.0,0.0,0.0,0.0,0.0,250.88,0.17994548845215894,0.9129999999999999,0.0006548558313011045,0.0,0.0,44.285,0.031763735475541524,1110.751,0.7966941615263233,0.0,0.0,0.445,0.0003191794577535504,98.585,0.07071080189355902,39.016,0.027984507244297803,9.087,0.0065177162530483425,0.0,0.0,0.0,0.0,7.4510000000000005,0.005344283460048773,85.74799999999999,0.061503371108879636,182.003,0.13054296370678523,0.0,0.0,333.87300000000005,0.23947281595180034,0.0,0.0,634.748,0.45527757853966433,0.0,0.0,16.762,0.012022665327786545,0.0,0.0,0.0,0.0,0.0,0.0,0.0,0.0,0.0,0.0,1351.495,0.9693695309137855,55.778999999999996,0.04000788982929278,189.109,0.13563979342992397,110.756,0.07944053937742074,846.0,0.6067995983359633,187.65,0.1345933151628174,73.759,0.05290417443695309,0.0,0.0,0.0,0.0,99.667,0.07148687419308564,110.756,0.07944053937742074,188.801,0.135418878209726,87.98299999999999,0.06310644096973174,0.0,0.0,0.0,0.0,0.0,0.0,691.785,0.49618777793716823,0.0,0.0,73.759,0.05290417443695309,0.0,0.0,0.0,0.0,154.215,0.11061182039879501,0.308,0.00022091522019796297,0.0,0.0,0.0,0.0,13.6637,0.009800387318892555,251.513633,0.1803999662889112,1179.199244,0.8457891579400372,24.662714,0.01768950939606943,33.075531,0.023723663032563475,3.486032,0.002500381580834887,17.082009,0.012252194089800602,11.293111,0.008100065270405967,0.0,0.0,0.0,0.0,2.095993,0.0015033660880791851,0.0,0.0
17,2587250,YUBETSU GAWA,KAISEI,1334.8,44.1,143.55,44.1021,143.5437,0.6,596.646064291798,11.282740169676499,9.94410107,0.0,1132.28988685486,0.848284302408496,0.0,0.58657068,2.5644172932220517,3.8083767161349167,1.5042119855321976,21.545391964877854,10.658668181662751,2.6711086217853928,0.005518298697887372,-2.5979724707094327,0.3776740607987749,0.579311097659801,4.7059636339882776,1.070312942941325,8665.066161,85.23294279999999,-17.80771881,34.76843556,74.60923501,16802.84907,124.11647140000001,0.0,0.0,0.0,0.0,0.0,0.0,0.0,0.0,131.786,0.09873089601438419,998.7330000000001,0.7482267006293079,4.515,0.0033825292178603535,0.0,0.0,72.825,0.054558735391069826,0.0,0.0,0.0,0.0,60.813,0.04555963440215763,0.0,0.0,0.0,0.0,0.0,0.0,0.0,0.0,0.0,0.0,0.0,0.0,0.0,0.0,0.0,0.0,131.786,0.09873089601438419,4.515,0.0033825292178603535,0.0,0.0,60.813,0.04555963440215763,1071.558,0.8027854360203776,0.0,0.0,0.0,0.0,373.75199999999995,0.280005993407252,138.101,0.10346194186394966,46.508,0.034842673059634406,0.0,0.0,0.0,0.0,20.374000000000002,0.015263709919089005,0.0,0.0,60.674,0.04545549895115373,0.0,0.0,0.0,0.0,0.0,0.0,366.244,0.2743811807012287,0.0,0.0,263.02,0.19704824692837877,0.0,0.0,0.0,0.0,0.0,0.0,0.0,0.0,0.0,0.0,867.552,0.6499490560383578,401.12,0.30050943961642196,120.95200000000001,0.09061432424333235,156.124,0.11696433922685047,896.738,0.67181450404555,94.21799999999999,0.07058585555888522,0.0,0.0,0.6409999999999999,0.0004802217560683248,1.525,0.0011424932574168414,37.666,0.02821845969433623,154.599,0.11582184596943362,120.95200000000001,0.09061432424333235,56.552,0.042367395864549,0.0,0.0,0.0,0.0,0.0,0.0,816.6439999999999,0.6118100089901108,0.0,0.0,0.0,0.0,0.0,0.0,0.0,0.0,80.093,0.06000374587953252,0.0,0.0,0.6409999999999999,0.0004802217560683248,0.0,0.0,0.027851,2.086529817201079e-05,94.465918,0.07077158975127361,1212.8442,0.9086336529817202,38.680152,0.028978237938267905,10.517448,0.007879418639496554,4.515901,0.003383204225352113,6.869816999999999,0.005146701378483668,8.327631,0.00623886050344621,0.0,0.0,0.0,0.0,0.714703,0.0005354382679053041,0.0,0.0
18,2587400,TOKACHI GAWA,MOIWA,8277.0,42.8,143.52,42.8021,143.5188,0.3,432.45513061120397,7.33706858285643,14.415171,15.722,5146.59897756948,0.621795212947865,0.00189948048809955,0.45016998,3.124354834891072,4.597600764412045,1.4064907578794232,30.64005056236841,10.789199267949217,2.50391328118479,0.004584179047219261,-1.1032435856899758,0.3297676318571314,0.3259406302905214,5.5950991374302985,0.9989981444929612,10997.29372,95.84758199,-11.53685381,42.30939411,72.6717065,17679.686380000003,123.52962759999998,0.0,0.0,0.0,0.0,3978.973,0.48072647094357857,0.0,0.0,789.181,0.09534626072248399,2330.112,0.2815164914824212,823.6310000000001,0.09950839676211189,0.0,0.0,55.191,0.006667995650598043,0.0,0.0,0.0,0.0,69.718,0.008423100157061738,0.0,0.0,119.57700000000001,0.014446901051105474,0.0,0.0,57.196999999999996,0.006910353992992629,0.0,0.0,119.57700000000001,0.014446901051105474,0.0,0.0,3978.973,0.48072647094357857,789.181,0.09534626072248399,823.6310000000001,0.09950839676211189,0.0,0.0,69.718,0.008423100157061738,2385.291,0.28818303733236683,0.0,0.0,57.196999999999996,0.006910353992992629,1110.369,0.13415114171801376,571.374,0.06903153316418993,3.455,0.00041742177117313036,60.261,0.007280536426241392,206.805,0.0249855019934759,2194.7270000000003,0.26515971970520724,0.0,0.0,871.1060000000001,0.10524417059321012,0.0,0.0,453.88300000000004,0.05483665579316178,0.0,0.0,2638.986,0.3188336353751359,147.514,0.017822157786637673,0.0,0.0,0.0,0.0,0.0,0.0,0.0,0.0,0.0,0.0,60.261,0.007280536426241392,7272.526,0.8786427449559019,925.693,0.11183919294430349,965.1080000000001,0.11660118400386614,1841.631,0.22249981877491845,2127.8089999999997,0.25707490636704117,2755.385,0.33289658088679475,540.572,0.06531013652289477,27.973000000000003,0.003379606137489429,86.756,0.010481575450042286,272.78700000000003,0.0329572308807539,1754.875,0.21201824332487618,870.2189999999999,0.10513700616165277,2482.599,0.2999394708227619,71.773,0.008671378518787,0.0,0.0,0.0,0.0,1825.78,0.22058475292980548,0.0,0.0,540.572,0.06531013652289477,11.535,0.0013936208771293947,0.0,0.0,302.029,0.03649015343723571,11.581,0.0013991784462969675,27.973000000000003,0.003379606137489429,0.0,0.0,3.6071760000000004,0.00043580717651322946,2525.64167,0.3051397450767186,5298.163631,0.6401067574000242,298.477848,0.036061114896701704,119.992227,0.014497067415730336,16.070022,0.0019415273649873144,108.269407,0.0130807547420563,156.90335100000001,0.018956548387096775,0.264479,3.195348556240184e-05,0.0,0.0,11.055583,0.0013356992871813458,0.0,0.0
19,2587401,TOKACHI GAWA,OBIHIRO,2529.3,42.93,143.21,42.9354,143.2063,0.7,509.684657444902,7.982258303907662,7.28120939,6.466,1650.25710792046,0.652456058166473,0.0025564385403075893,0.39650429,3.4280302400257567,4.560704038289616,1.3592287031983694,31.032519724464798,10.691260580247713,2.4354489864506856,0.006185965882295901,-1.2142724793868245,0.3224337881979987,0.5276190940718293,5.429784639103072,0.91619456422886,12227.478159999999,90.57816456,-8.2,41.85094937,81.23322785,16682.25253,121.84430379999999,0.0,0.0,0.0,0.0,1373.386,0.5429905507452655,0.0,0.0,195.63,0.07734551061558534,869.742,0.3438666824813189,256.171,0.10128138220060885,0.0,0.0,15.572000000000001,0.006156644130787175,0.0,0.0,0.0,0.0,19.922,0.007876487565729649,0.0,0.0,119.51799999999999,0.04725339026608152,0.0,0.0,0.0,0.0,0.0,0.0,119.51799999999999,0.04725339026608152,0.0,0.0,1373.386,0.5429905507452655,195.63,0.07734551061558534,256.171,0.10128138220060885,0.0,0.0,19.922,0.007876487565729649,885.315,0.35002372197841297,0.0,0.0,0.0,0.0,592.004,0.23405843514015734,225.213,0.08904163207211481,0.0,0.0,6.584,0.0026030917645198273,181.984,0.07195034199185545,1046.642,0.41380698216897954,0.0,0.0,261.953,0.10356739018700825,0.0,0.0,400.039,0.1581619420392994,0.0,0.0,99.971,0.039525165065433125,40.726,0.01610168821413039,0.0,0.0,0.0,0.0,0.0,0.0,0.0,0.0,0.0,0.0,6.584,0.0026030917645198273,2400.609,0.9491199146008776,447.923,0.17709366227810064,237.91299999999998,0.09406278416953306,920.686,0.36400822361918317,540.779,0.2138057960700589,1129.941,0.4467406001660538,21.495,0.008498398766457122,4.302,0.001700865852212074,57.552,0.022754121693749258,71.316,0.028195943541691377,863.1339999999999,0.3412541019254339,227.75799999999998,0.09004783932313287,1058.624,0.41854426125805555,6.66,0.0026331396038429605,0.0,0.0,0.0,0.0,391.384,0.15474004665322422,0.0,0.0,21.495,0.008498398766457122,0.0,0.0,0.0,0.0,149.395,0.0590657494168347,3.495,0.0013818052425572291,4.302,0.001700865852212074,0.0,0.0,0.08499,3.360218242201399e-05,978.000884,0.3866685976357095,1714.807318,0.6779770363341635,150.85935800000001,0.059644707231249754,62.895171999999995,0.024866631874431656,6.596544000000001,0.0026080512394733722,47.906539,0.01894063139999209,54.39423000000001,0.021505645830862296,0.264479,0.00010456608547819555,0.0,0.0,5.708112,0.0022567951607164035,0.0,0.0
20,2587402,TOKACHI GAWA,KYOEI-BASHI,803.8,43.06,142.93,43.0604,142.9271,0.2,804.4983361415331,11.466631886033099,40.2249168,2.551,785.151397662731,0.9767994496923752,0.00317367504354317,0.35307309,3.7321164390717314,3.3456119399462136,1.3177098849049438,30.33825931996406,9.585989236732217,2.374568758705101,0.0058818544049288254,-2.6347467843452983,0.34826327464958345,0.8163175336807437,4.170272066474986,0.8673737579711639,13639.90505,70.22323232,-22.57878788,25.18585859,82.73939394,14749.43636,119.320202,0.0,0.0,0.0,0.0,59.38399999999999,0.07387907439661608,0.0,0.0,14.765,0.018368997263000748,568.8919999999999,0.7077531724309529,85.779,0.10671684498631501,0.0,0.0,6.167000000000001,0.007672306543916398,0.0,0.0,0.0,0.0,19.922,0.02478477233142573,0.0,0.0,100.323,0.12481089823339139,0.0,0.0,0.0,0.0,0.0,0.0,100.323,0.12481089823339139,0.0,0.0,59.38399999999999,0.07387907439661608,14.765,0.018368997263000748,85.779,0.10671684498631501,0.0,0.0,19.922,0.02478477233142573,575.059,0.7154254789748694,0.0,0.0,0.0,0.0,290.388,0.3612689723811893,157.721,0.19621920875839763,0.0,0.0,0.0,0.0,0.298,0.00037073898979845735,74.878,0.09315501368499628,0.0,0.0,9.747,0.01212615078377706,0.0,0.0,322.2,0.4008459815874596,0.0,0.0,0.0,0.0,0.0,0.0,0.0,0.0,0.0,0.0,0.0,0.0,0.0,0.0,0.0,0.0,0.0,0.0,697.2130000000001,0.8673961184374224,158.019,0.19658994774819608,32.819,0.04082980841005226,639.299,0.7953458571784026,95.647,0.11899353072903708,77.737,0.09671186862403583,9.729,0.012103757153520776,0.0,0.0,26.405,0.03285021149539687,7.398,0.009203782035332172,612.894,0.7624956456830058,32.819,0.04082980841005226,70.339,0.08750808658870365,0.0,0.0,0.0,0.0,0.0,0.0,9.605,0.011949489922866386,0.0,0.0,9.729,0.012103757153520776,0.0,0.0,0.0,0.0,86.042,0.10704404080617069,0.0,0.0,0.0,0.0,0.0,0.0,0.009420999999999999,1.1720577258024384e-05,71.344516,0.08875903956208012,788.608662,0.9811005996516546,83.810501,0.10426785394376711,1.7414330000000002,0.0021665003732271714,0.18838,0.00023436178153769596,1.3275709999999998,0.0016516185618313012,10.604695,0.013193201045036079,0.0,0.0,0.0,0.0,0.0,0.0,0.0,0.0
21,2587403,TOSHIBETSU GAWA,TOSHIBETSU,2715.2,42.93,143.45,42.9271,143.4437,0.6,387.82300464965,6.560360216076258,6.46371674,1.402,2077.14184269198,0.765005098221855,0.000516352386564526,0.54402907,2.655153405274949,4.666932968229399,1.444480648580004,27.6403988563146,11.090954645343432,2.5908181533696233,0.0002163836257849873,-1.2103680334258158,0.33283969052975626,0.17113356374663033,5.737479817518983,1.0738569214673743,9034.297584,100.39192320000001,-16.76398544,41.48990401,60.91790798,18021.62264,123.5878848,0.0,0.0,0.0,0.0,1317.7910000000002,0.4853384649381262,0.0,0.0,231.268,0.08517530936947555,979.071,0.3605889068945198,150.332,0.05536682380671774,0.0,0.0,22.224,0.008185032410135533,0.0,0.0,0.0,0.0,10.83,0.003988656452563347,0.0,0.0,0.0,0.0,0.0,0.0,0.0,0.0,0.0,0.0,0.0,0.0,0.0,0.0,1317.7910000000002,0.4853384649381262,231.268,0.08517530936947555,150.332,0.05536682380671774,0.0,0.0,10.83,0.003988656452563347,1001.295,0.3687739393046553,0.0,0.0,0.0,0.0,181.965,0.06701716263995286,231.239,0.08516462875662935,3.455,0.001272466116676488,0.0,0.0,0.0,0.0,249.96900000000002,0.09206283146729524,0.0,0.0,115.59299999999999,0.04257255450795521,0.0,0.0,53.843999999999994,0.0198305833824396,0.0,0.0,1877.6029999999998,0.6915155421331762,0.0,0.0,0.0,0.0,0.0,0.0,0.0,0.0,0.0,0.0,0.0,0.0,0.0,0.0,2482.43,0.9142715085444902,231.239,0.08516462875662935,299.768,0.11040365350618739,463.108,0.1705612846199175,1133.644,0.4175176782557455,517.035,0.19042243665291692,297.756,0.10966263995285798,2.3569999999999998,0.0008680760164997053,16.155,0.005949837949322335,26.25,0.009667796110783737,446.95300000000003,0.16461144667059519,296.97700000000003,0.10937573659398941,490.785,0.1807546405421332,0.6609999999999999,0.00024344431349440187,0.0,0.0,0.0,0.0,1016.6060000000001,0.3744129345904538,0.0,0.0,297.756,0.10966263995285798,0.0,0.0,0.0,0.0,117.039,0.04310511196228639,2.13,0.0007844725987035945,2.3569999999999998,0.0008680760164997053,0.0,0.0,0.263755,9.714017383618151e-05,540.4797980000001,0.199057085297584,2202.9512019999997,0.8113403071596935,62.742684999999994,0.02310794232469063,17.811405,0.006559886932822629,5.975897,0.0022009049057159693,20.074703,0.00739345278432528,19.817904000000002,0.007298874484384208,0.0,0.0,0.0,0.0,0.0,0.0,0.0,0.0
22,2588250,KUMANO-GAWA,OGA,2251.0,33.75,135.94,33.7479,135.9396,0.2,651.4266274835499,16.891750554435,32.5713314,11.816,2137.59674809053,0.949620945397837,0.005249222567747671,0.3077548,7.657495098481768,13.353714788242492,2.3566308979444712,72.28070640269671,17.73903978887606,3.687666080940008,0.0,9.084861875004881,0.5065307691944348,0.16633148427390615,14.057111891361533,2.079400646267616,28199.492280000002,169.6966394,70.07175295,115.2343324,0.0,16999.90645,130.89600359999997,0.0,0.0,14.89,0.0066148378498445135,17.845,0.007927587738782762,0.0,0.0,12.104000000000001,0.005377165704131498,1633.868,0.7258409595735229,179.458,0.07972367836517104,0.0,0.0,317.283,0.14095202132385606,0.0,0.0,0.0,0.0,69.807,0.031011550422034653,0.0,0.0,0.0,0.0,0.0,0.0,0.0,0.0,0.0,0.0,14.89,0.0066148378498445135,0.0,0.0,17.845,0.007927587738782762,0.0,0.0,179.458,0.07972367836517104,12.104000000000001,0.005377165704131498,69.807,0.031011550422034653,1951.151,0.866792980897379,0.0,0.0,0.0,0.0,118.45200000000001,0.05262194580186584,0.0,0.0,1428.04,0.6344024877832074,0.0,0.0,299.906,0.13323234118169702,0.0,0.0,0.0,0.0,0.0,0.0,0.0,0.0,0.0,0.0,0.0,0.0,182.334,0.081001332741004,0.0,0.0,33.688,0.01496579298089738,182.834,0.08122345624167036,0.0,0.0,0.0,0.0,0.0,0.0,0.0,0.0,1911.66,0.8492492225677477,333.594,0.1481981341625944,53.946999999999996,0.023965792980897377,0.0,0.0,2158.606,0.9589542425588629,32.701,0.014527321190581964,0.0,0.0,0.0,0.0,0.0,0.0,0.0,0.0,0.0,0.0,53.946999999999996,0.023965792980897377,32.701,0.014527321190581964,0.0,0.0,0.0,0.0,0.0,0.0,2142.768,0.9519182585517548,0.0,0.0,0.0,0.0,0.0,0.0,0.0,0.0,15.839,0.007036428254109285,0.0,0.0,0.0,0.0,0.0,0.0,14.618589000000002,0.0064942643269657934,8.131525,0.0036124055975122167,2274.7109769999997,1.0105335304309195,24.091179999999998,0.010702434473567302,6.604516,0.0029340364282541094,0.44801599999999997,0.00019902976454908928,2.849018,0.0012656677032430032,55.610048,0.02470459706796979,0.0,0.0,0.0,0.0,0.0,0.0,0.0,0.0
23,2588301,KISO-GAWA,INUYAMA,4683.8,35.4,136.97,35.4021,136.9646,0.5,945.985797639819,12.9939552786535,18.919716,13.784,4227.840461635828,0.902651791629837,0.00294290960331355,0.33737125,5.96621445171091,10.196469491764931,2.012829203397046,46.500810386602794,14.726316920953266,3.255675916004469,0.0010884468575525696,5.557854505360373,0.4261466997497971,0.3406809114859102,10.880893686534495,1.6555837866635532,22996.93046,149.2524089,39.6091328,90.03162966,37.89484709,18736.93088,139.40427309999998,16.89,0.0036060463726034415,281.129,0.060021563687604085,356.789,0.07617511422349374,79.73,0.017022503095776933,3.8560000000000003,0.0008232631623895128,2761.925,0.5896761176822238,8.68,0.0018531961228062683,10.637,0.0022710192578675433,470.535,0.10046009650283957,513.965,0.1097324821725949,0.0,0.0,300.506,0.06415858917972586,0.0,0.0,0.0,0.0,0.0,0.0,0.0,0.0,0.0,0.0,281.129,0.060021563687604085,27.526999999999997,0.005877065630470984,356.789,0.07617511422349374,3.8560000000000003,0.0008232631623895128,8.68,0.0018531961228062683,0.0,0.0,814.471,0.17389107135232076,3232.46,0.6901362141850634,79.73,0.017022503095776933,0.0,0.0,1082.114,0.23103334899013622,428.256,0.09143345147102779,0.0,0.0,20.794,0.00443955762415133,874.069,0.18661535505358895,60.13399999999999,0.012838720696870061,0.0,0.0,75.057,0.016024808915837567,0.0,0.0,0.0,0.0,0.0,0.0,230.17,0.04914172253298603,0.0,0.0,2051.752,0.4380528630599086,0.0,0.0,0.0,0.0,0.0,0.0,0.0,0.0,20.794,0.00443955762415133,1447.475,0.30903860113582987,3354.077,0.7161016695845254,305.231,0.06516738545625346,45.176,0.009645159912891242,3979.8520000000003,0.8497057944404117,421.472,0.08998505486997736,62.949,0.013439728425637303,0.0,0.0,45.176,0.009645159912891242,38.685,0.008259319356078399,0.0,0.0,301.47900000000004,0.06436632648704044,375.784,0.08023058200606345,3.752,0.0008010589692130321,0.0,0.0,0.0,0.0,3720.632,0.7943618429480336,0.0,0.0,62.949,0.013439728425637303,0.0,0.0,7.002999999999999,0.001495153507835518,259.221,0.055344164994235445,0.0,0.0,0.0,0.0,0.0,0.0,208.316153,0.04447588560570477,86.769851,0.018525524360561936,4430.820982,0.9459885097570349,66.32882099999999,0.014161326487040434,98.566038,0.021044032196080108,12.19845,0.0026043917332080786,33.730041,0.0072014264059097315,73.854117,0.0157679911610231,0.0,0.0,0.0,0.0,35.236405,0.0075230379179298855,0.0,0.0
24,2588302,IBI-GAWA,MANGOKU,1195.8,35.36,136.66,35.3604,136.6562,0.3,537.1560989324231,16.3223296473273,17.9052033,0.338,1069.2118467715302,0.8941393600698531,0.000282655962535541,0.28930245,7.266842701851159,11.937744271225359,2.102315412291211,53.10706768982405,16.169140725171285,3.3080863137346093,0.0,7.465695586598612,0.5302604575291927,0.8886792210321964,12.678794768504918,1.7685348949103414,27110.15802,160.8183206,69.1778626,111.8305344,78.1,17738.229769999998,132.4076336,0.0,0.0,52.445,0.043857668506439206,12.212,0.01021241010202375,55.994,0.04682555611306238,86.68,0.0724870379662151,729.198,0.6097992975413948,28.355,0.023712159223950494,0.474,0.00039638735574510785,228.422,0.19102023749790936,30.768,0.02573005519317612,0.0,0.0,60.838,0.050876400735909016,0.0,0.0,0.0,0.0,0.0,0.0,1.068,0.0008931259407927748,0.0,0.0,52.445,0.043857668506439206,0.474,0.00039638735574510785,12.212,0.01021241010202375,41.056999999999995,0.034334336845626354,28.355,0.023712159223950494,45.623000000000005,0.03815270112058873,91.605,0.07660561966884095,957.62,0.8008195350393043,55.994,0.04682555611306238,1.068,0.0008931259407927748,982.064,0.8212610804482355,0.0,0.0,1.022,0.0008546579695601272,0.0,0.0,143.44,0.11995316942632547,0.0,0.0,0.0,0.0,145.999,0.12209315939120255,0.0,0.0,0.0,0.0,0.0,0.0,0.0,0.0,0.0,0.0,6.1579999999999995,0.00514969058370965,0.0,0.0,0.0,0.0,8.21,0.006865696604783409,0.0,0.0,0.0,0.0,1137.295,0.9510745944137816,149.597,0.12510202374979096,191.673,0.16028850978424486,0.0,0.0,1009.193,0.8439479846128115,41.655,0.03483442047165078,44.471000000000004,0.03718932931928417,0.106,8.864358588392708e-05,0.0,0.0,6.562,0.005487539722361599,0.0,0.0,191.673,0.16028850978424486,35.094,0.02934771700953337,0.0,0.0,0.0,0.0,0.0,0.0,992.572,0.8300485030941629,0.0,0.0,44.471000000000004,0.03718932931928417,0.0,0.0,0.0,0.0,16.621,0.013899481518648603,0.0,0.0,0.106,8.864358588392708e-05,0.0,0.0,93.36695,0.07807906840608798,22.675307999999998,0.018962458605117912,1163.0821529999998,0.9726393652784746,17.780387,0.014869030774376988,62.400967,0.05218344790098679,2.0966080000000002,0.0017533099180464964,7.359234,0.006154234821876568,34.297548,0.028681675865529353,0.0,0.0,0.0,0.0,2.934148,0.0024537113229637065,0.0,0.0
25,2588303,NAGARA-GAWA,CHUSETSU,1606.0,35.42,136.75,35.4229,136.7438,0.7,497.3821533846129,11.279799454886199,7.10545933,0.0,1415.4233558325302,0.881334592672808,0.0,0.30788655,6.786186039273808,12.318299708286538,2.08937543744531,52.726850748389786,16.616890901019612,3.3798687928618825,0.0,7.838209407880029,0.4418539926195149,0.4187215437705936,12.977882980466044,1.7303590904119148,28120.01595,170.27676540000002,69.47665148,114.45045559999998,64.81833713,18579.8787,134.39977219999997,12.097999999999999,0.007533001245330012,133.42,0.08307596513075964,129.322,0.08052428393524284,40.305,0.02509651307596513,75.243,0.046851183063511825,924.58,0.5757036114570362,0.001,6.226650062266501e-07,0.057999999999999996,3.61145703611457e-05,344.801,0.21469551681195517,19.447,0.012108966376089663,0.0,0.0,46.562,0.02899252801992528,0.0,0.0,0.0,0.0,0.0,0.0,0.0,0.0,0.0,0.0,133.42,0.08307596513075964,12.157,0.007569738480697385,129.322,0.08052428393524284,29.973000000000003,0.018663138231631383,0.001,6.226650062266501e-07,45.27,0.02818804483188045,66.009,0.041101494396014945,1269.38,0.7903985056039852,40.305,0.02509651307596513,0.0,0.0,1024.897,0.638167496886675,269.48900000000003,0.16780136986301372,38.551,0.02400435865504359,0.0,0.0,18.342,0.011420921544209215,68.039,0.04236550435865504,0.0,0.0,76.408,0.04757658779576588,0.0,0.0,0.0,0.0,0.0,0.0,9.186,0.005719800747198007,0.0,0.0,221.824,0.13812204234122044,0.0,0.0,0.0,0.0,0.0,0.0,0.0,0.0,0.0,0.0,1217.0819999999999,0.7578343711083436,509.655,0.31734433374844334,257.832,0.16054296388542963,0.0,0.0,1263.469,0.7867179327521794,109.46600000000001,0.06816064757160648,95.969,0.059756537982565375,0.0,0.0,0.0,0.0,11.195,0.006970734744707348,0.0,0.0,257.832,0.16054296388542963,78.128,0.04864757160647572,0.0,0.0,0.0,0.0,0.0,0.0,1222.351,0.761115193026152,0.0,0.0,95.969,0.059756537982565375,0.0,0.0,20.143,0.012542341220423412,41.118,0.025602739726027397,0.0,0.0,0.0,0.0,0.0,0.0,111.962538,0.06971515442092154,34.897726,0.021729592777085926,1546.8576039999998,0.9631740996264009,18.535139,0.011541182440846825,90.04414200000001,0.056067336239103364,6.751859,0.004204146326276463,24.595294,0.015314628891656289,31.124885,0.019380376712328767,0.0,0.0,0.0,0.0,18.613447,0.011589942092154422,0.0,0.0
26,2588304,NAGARA-GAWA,SUNOMATA,1914.0,35.36,136.69,35.3604,136.6896,0.1,448.47147328622805,10.981108047351697,44.8471473,0.085,1478.9279337172302,0.7726896205419169,4.44096133751306e-05,0.31957613,6.601172161192047,12.577824349716279,2.1095770257977398,51.39127888788902,16.864564063459795,3.4013566727740225,0.0,8.094919988634864,0.4472574461041637,0.3957570785187866,13.25387376103982,1.7603454693932896,27219.0935,173.7560976,73.46443089,118.28556909999999,61.12449187,18763.12754,134.49339430000003,12.097999999999999,0.006320794148380355,206.592,0.10793730407523512,145.32299999999998,0.07592633228840125,75.67699999999999,0.039538662486938346,140.878,0.07360397074190177,925.665,0.483628526645768,0.001,5.224660397074191e-07,0.057999999999999996,3.0303030303030302e-05,363.788,0.19006687565308256,19.447,0.010160397074190176,0.0,0.0,47.812,0.024980146290491115,0.0,0.0,0.0,0.0,0.0,0.0,0.0,0.0,0.0,0.0,206.592,0.10793730407523512,12.157,0.006351619644723093,145.32299999999998,0.07592633228840125,79.33,0.04144723092998955,0.001,5.224660397074191e-07,61.549,0.03215726227795193,67.259,0.035140543364681295,1289.452,0.6736948798328108,75.67699999999999,0.039538662486938346,0.0,0.0,1079.428,0.5639644723092999,269.48900000000003,0.14079885057471267,38.551,0.02014158829676071,0.0,0.0,18.342,0.00958307210031348,92.72,0.04844305120167189,0.0,0.0,212.787,0.11117398119122257,0.0,0.0,0.0,0.0,0.0,0.0,9.186,0.004799373040752351,0.0,0.0,221.824,0.11589550679205853,0.0,0.0,0.0,0.0,0.0,0.0,0.0,0.0,0.0,0.0,1432.672,0.7485224660397074,509.655,0.2662774294670846,380.228,0.19865621734587252,0.0,0.0,1281.286,0.6694284221525602,111.25200000000001,0.058125391849529785,170.06,0.08885057471264368,1.7719999999999998,0.0009258098223615464,0.0,0.0,11.195,0.005849007314524556,0.0,0.0,380.228,0.19865621734587252,79.913,0.04175182863113897,0.0,0.0,0.0,0.0,0.0,0.0,1240.1680000000001,0.6479456635318704,0.0,0.0,170.06,0.08885057471264368,0.0,0.0,20.143,0.010524033437826541,41.118,0.021482758620689657,0.0,0.0,1.7719999999999998,0.0009258098223615464,0.0,0.0,169.348136,0.0884786499477534,51.138768,0.026718269592476487,1594.576224,0.8331119247648903,21.053944,0.010999970741901777,169.615383,0.08861827742946708,8.284055,0.004328137408568443,29.831872999999998,0.01558614054336468,39.384937,0.020577292058516196,0.0,0.0,0.0,0.0,21.517727,0.011242281609195402,0.0,0.0
27,2588320,TENRYU-GAWA,KASHIMA,4880.0,34.85,137.81,34.8563,137.8104,0.7,1023.6260311973102,14.4920610180196,14.623229,24.919,4189.13613164488,0.8584295351731309,0.00510635245901639,0.40299313,5.189953884310884,10.220589071519258,2.091515778807868,44.43344806746278,14.766462749538615,3.2934293448580894,0.0009874149845749873,5.651644332228573,0.4949803822861641,0.14361257431257832,10.865126713982127,1.7569824374726142,19550.18151,148.6024632,41.62002827,90.6912982,19.71492025,19939.41894,143.78740159999998,60.266999999999996,0.012349795081967213,174.33,0.03572336065573771,625.433,0.12816249999999998,33.78,0.0069221311475409835,132.7,0.02719262295081967,2670.998,0.5473356557377049,12.165,0.0024928278688524587,4.968999999999999,0.0010182377049180328,736.752,0.15097377049180327,291.433,0.059719877049180324,3.216,0.000659016393442623,214.85,0.04402663934426229,0.0,0.0,0.0,0.0,10.176,0.0020852459016393442,1.507,0.00030881147540983605,0.0,0.0,174.33,0.03572336065573771,65.237,0.013368237704918032,638.825,0.13090676229508197,40.135,0.008224385245901638,12.165,0.0024928278688524587,92.565,0.018968237704918033,506.284,0.10374672131147541,3407.75,0.6983094262295082,33.78,0.0069221311475409835,1.507,0.00030881147540983605,706.63,0.1448012295081967,298.922,0.06125450819672132,765.4830000000001,0.1568612704918033,332.311,0.06809651639344262,1441.46,0.2953811475409836,411.99800000000005,0.08442581967213116,0.0,0.0,185.115,0.037933401639344264,0.0,0.0,62.119,0.012729303278688524,466.218,0.09553647540983606,252.857,0.05181495901639344,3.335,0.0006834016393442622,20.336,0.004167213114754098,0.0,0.0,0.0,0.0,31.543000000000003,0.006463729508196722,0.0,0.0,798.529,0.1636329918032787,2415.745,0.4950297131147541,1764.0529999999999,0.36148627049180326,291.365,0.05970594262295082,269.495,0.05522438524590164,3964.2209999999995,0.812340368852459,436.26599999999996,0.08939877049180327,21.078000000000003,0.0043192622950819675,13.034,0.0026709016393442623,84.35600000000001,0.017286065573770493,7.787999999999999,0.0015959016393442623,185.138,0.03793811475409836,289.309,0.05928463114754099,397.254,0.08140450819672132,2.056,0.00042131147540983607,19.684,0.004033606557377049,0.0,0.0,3741.8179999999998,0.7667659836065573,0.0,0.0,21.078000000000003,0.0043192622950819675,0.0,0.0,11.54,0.0023647540983606557,222.408,0.04557540983606557,0.0,0.0,13.034,0.0026709016393442623,0.0,0.0,269.43077200000005,0.05521122377049181,198.241948,0.04062335,4415.181852000001,0.9047503795081968,89.071365,0.018252328893442624,169.05772,0.03464297540983606,17.857052,0.0036592319672131145,17.968412,0.0036820516393442624,88.238373,0.018081633811475407,0.0,0.0,0.0,0.0,16.641602,0.0034101643442622947,0.0,0.0
28,2588321,TENRYU-GAWA,INA,968.4,35.83,137.99,35.8312,137.9896,0.1,1462.3570268074698,17.852721364744102,146.235703,1.834,450.881424386111,0.465594201142205,0.0018938455183808301,0.46316876,4.337972481338646,7.530994585018573,2.0092133478448333,38.71930841130996,12.285001952167418,3.196620808565864,0.0,2.7398679294928616,0.44944639162548417,0.04554133363842591,8.24359000877942,1.6463807004575406,15742.94646,119.3154876,12.82026769,63.59464627,27.48565966,19906.94455,148.04971319999999,0.0,0.0,0.0,0.0,27.173000000000002,0.02805968608013218,5.216,0.005386204047914085,2.843,0.00293577034283354,311.668,0.3218380834365965,3.4819999999999998,0.0035956216439487813,0.0,0.0,65.039,0.06716129698471707,32.595,0.03365861214374225,0.0,0.0,45.771,0.047264560099132595,0.0,0.0,0.0,0.0,0.0,0.0,0.0,0.0,0.0,0.0,0.0,0.0,0.0,0.0,27.173000000000002,0.02805968608013218,2.6639999999999997,0.0027509293680297395,3.4819999999999998,0.0035956216439487813,0.179,0.00018484097480380007,78.366,0.08092317224287485,376.707,0.3889993804213135,5.216,0.005386204047914085,0.0,0.0,110.59,0.11419867823213549,7.186,0.007420487401900042,92.26100000000001,0.09527158199091286,0.0,0.0,106.84100000000001,0.11032734407269724,13.68,0.01412639405204461,0.0,0.0,6.2589999999999995,0.006463238331268071,0.0,0.0,0.0,0.0,130.967,0.1352406030565882,7.106,0.0073378769103676165,0.0,0.0,0.0,0.0,0.0,0.0,0.0,0.0,18.897000000000002,0.019513630731102852,0.0,0.0,130.967,0.1352406030565882,248.792,0.25691036761668734,114.027,0.11774783147459728,23.87,0.024648905410987198,0.0,0.0,438.32300000000004,0.452625980999587,31.593000000000004,0.03262391573729864,0.0,0.0,0.0,0.0,0.0,0.0,0.0,0.0,0.0,0.0,23.87,0.024648905410987198,31.593000000000004,0.03262391573729864,0.0,0.0,0.0,0.0,0.0,0.0,411.76300000000003,0.425199297810822,0.0,0.0,0.0,0.0,0.0,0.0,0.0,0.0,26.561,0.02742771581990913,0.0,0.0,0.0,0.0,0.0,0.0,26.403399,0.02726497211895911,5.780104,0.00596871540685667,511.538102,0.5282301755472945,10.685986999999999,0.011034682982238744,8.60248,0.008883188764973151,0.167286,0.0001727447335811648,0.37643699999999997,0.00038872057001239157,7.133325999999999,0.007366094589012804,0.0,0.0,0.0,0.0,1.670785,0.0017253046261875259,0.0,0.0
29,2588322,TENRYU-GAWA,MIYAGASE,2224.3,35.59,137.93,35.5938,137.9271,0.5,1259.18253716754,13.940301873855299,25.1836507,16.508,1759.6318866959198,0.7910946754915792,0.00742166074720137,0.45159406,4.369693271693908,8.227349242824985,1.973327507914064,38.454775472406595,12.972168636773537,3.1399270068888274,6.056907526796835e-05,3.4035692198350698,0.458910291553166,0.08799662388134392,8.893516938717614,1.609326295400528,16290.85115,131.3118375,25.12102473,75.14885159,24.79240283,20080.542840000002,146.745583,10.466,0.0047053005439913675,14.427,0.006486085510048104,555.448,0.2497181135638178,22.524,0.010126331879692488,82.375,0.03703412309490626,992.775,0.44633143011284443,10.663,0.004793867733669019,1.13,0.0005080249966281526,230.012,0.10340871285348198,166.416,0.07481724587510677,3.216,0.0014458481319965832,130.14,0.05850829474441396,0.0,0.0,0.0,0.0,6.468999999999999,0.002908330710785415,1.507,0.0006775165220518814,0.0,0.0,14.427,0.006486085510048104,11.595,0.005212875960976487,565.132,0.2540718428269568,40.135,0.018043878973160093,10.663,0.004793867733669019,42.24,0.018990244121746165,296.556,0.13332554061952073,1222.787,0.5497401429663265,22.524,0.010126331879692488,1.507,0.0006775165220518814,452.30199999999996,0.20334577170345725,296.311,0.13321539360697746,163.93400000000003,0.07370138920109698,80.426,0.03615789237063346,463.82199999999995,0.2085249291912062,270.933,0.12180596142606662,0.0,0.0,152.273,0.06845884098368026,0.0,0.0,62.119,0.02792743784561435,219.21,0.09855235354943127,42.919,0.01929550869936609,0.0,0.0,0.0,0.0,0.0,0.0,0.0,0.0,29.14,0.013100750798003866,0.0,0.0,299.63599999999997,0.13471024592006473,1173.621,0.5276361102369285,760.133,0.34174032279818367,167.22799999999998,0.07518230454525017,269.495,0.12115946589938406,1508.8220000000001,0.678335656161489,288.207,0.12957200017983184,0.0,0.0,13.026,0.005856224430157802,84.35600000000001,0.03792474036775615,7.787999999999999,0.003501326259946949,185.138,0.08323427595198489,166.82,0.07499887605089241,249.196,0.1120334487254417,0.408,0.00018342849435777547,19.684,0.0088495256934766,0.0,0.0,1415.905,0.6365620644697207,0.0,0.0,0.0,0.0,0.0,0.0,11.54,0.00518814908060963,92.92,0.041774940430697294,0.0,0.0,13.026,0.005856224430157802,0.0,0.0,196.727357,0.08844461493503573,101.931298,0.04582623656880816,1860.2253870000002,0.8363194654498044,65.36654300000001,0.029387467068291147,119.31363600000002,0.053640981881940386,10.442765,0.004694854560985478,12.292127,0.005526290068785685,40.365968,0.018147717484152316,0.0,0.0,0.0,0.0,12.904712,0.005801695814413523,0.0,0.0
30,2588480,FUJI KAWA,KITAMATSUNO,3539.8,35.1917,138.5858,35.1938,138.5896,0.4,992.932843467903,14.5961749054381,24.8233211,1.813,2713.22897941227,0.766492168883064,0.0005121758291428889,0.44872002,4.486168986729753,10.514486240558378,2.0130338534339107,44.52177647345438,15.217962714957546,3.2074749492641352,0.0008844316491273947,5.863921598846206,0.4455156529393435,0.07696590980132341,11.204720003400176,1.6709232372088163,16420.45842,151.861389,49.19834238,96.27636468,19.90911689,20246.954840000002,143.84652759999997,120.79,0.034123396802079216,0.0,0.0,375.181,0.10598932143058928,130.278,0.03680377422453245,146.503,0.04138736651788236,1541.7279999999998,0.43554099101644156,40.764,0.011515904853381546,0.0,0.0,615.189,0.17379202214814393,155.236,0.043854455053957846,0.0,0.0,124.887,0.035280806825244364,75.258,0.021260523193400754,0.0,0.0,164.28,0.046409401661110794,0.0,0.0,0.0,0.0,0.0,0.0,120.79,0.034123396802079216,614.719,0.17365924628510085,43.802,0.012374145431945307,40.764,0.011515904853381546,102.70100000000001,0.02901322108593706,280.116,0.07913328436634837,2156.916,0.6093327306627493,130.278,0.03680377422453245,0.0,0.0,131.95,0.03727611729476241,57.923,0.0163633538618001,293.538,0.08292502401265608,0.0,0.0,131.184,0.03705972088818577,270.298,0.0763596813379287,0.0,0.0,299.298,0.08455223458952482,622.309,0.17580343522232894,398.342,0.11253234646025198,0.0,0.0,1150.0839999999998,0.324900841855472,0.0,0.0,0.0,0.0,138.38299999999998,0.039093451607435444,0.0,0.0,10.585,0.0029902819368325894,0.0,0.0,0.0,0.0,2692.4770000000003,0.7606296965930279,811.416,0.22922650997231483,303.25,0.08566868184643199,501.551,0.1416890784790101,2227.917,0.629390643539183,297.385,0.08401180857675575,171.699,0.0485052827843381,0.0,0.0,252.99200000000002,0.07147070455957964,68.055,0.019225662466806036,248.55900000000003,0.07021837391943048,302.134,0.08535340979716369,229.329,0.06478586360811345,1.1159999999999999,0.0003152720492683202,0.0,0.0,0.0,0.0,2187.076,0.6178529860444093,0.0,0.0,171.699,0.0485052827843381,0.0,0.0,0.0,0.0,40.841,0.011537657494773717,0.0,0.0,0.0,0.0,0.0,0.0,156.91098300000002,0.04432764082716538,349.912461,0.09885091276343295,2794.4107059999997,0.789426155715012,83.457769,0.023576972992824453,175.01503,0.049442067348437764,12.466166000000001,0.00352171478614611,29.961851,0.008464277925306515,80.26302,0.02267445053392847,0.0,0.0,0.0,0.0,26.095654,0.007372070173456127,0.0,0.0
31,2588481,FUJI KAWA,SHIMIZUBATA,2179.1,35.5281,138.4539,35.5271,138.4521,0.2,1004.48760516036,12.286312284686,50.2243803,0.7440000000000001,1564.1717140115302,0.717806302607283,0.00034142535909320403,0.54119923,3.6892405318089994,10.11649806979601,1.9966141236922297,36.350221319883964,14.921136666975384,3.192156852578373,0.0001715852457634277,5.351247943318344,0.4357311044787082,0.051003684468693314,10.739800826414582,1.6457325911616096,13244.35265,151.7627737,47.09945255,95.67290146,20.83987226,20873.0187,146.122719,117.77600000000001,0.05404800146849618,0.0,0.0,340.94300000000004,0.1564604653297233,130.278,0.05978523243540911,140.94299999999998,0.06467945482079757,775.446,0.35585608737552205,18.028,0.008273140287274562,0.0,0.0,354.98400000000004,0.16290395117250242,69.085,0.03170345555504566,0.0,0.0,72.637,0.03333348630168418,0.0,0.0,0.0,0.0,164.28,0.07538892203203158,0.0,0.0,0.0,0.0,0.0,0.0,117.77600000000001,0.05404800146849618,505.223,0.23184938736175487,43.802,0.02010095911155982,18.028,0.008273140287274562,97.141,0.04457849570923776,141.714,0.0650332706163095,1130.4289999999999,0.5187595796429718,130.278,0.05978523243540911,0.0,0.0,10.694,0.004907530631912258,57.923,0.02658115735854252,233.03900000000002,0.1069427745399477,0.0,0.0,122.92,0.05640860905878574,270.298,0.12404111789270801,0.0,0.0,270.184,0.12398880271671793,486.286,0.22315910238171724,357.916,0.16424946078656327,0.0,0.0,378.408,0.1736533431233078,0.0,0.0,0.0,0.0,0.0,0.0,0.0,0.0,10.585,0.004857509981184893,0.0,0.0,0.0,0.0,1531.1229999999998,0.7026400807672892,667.13,0.30614932770409803,248.21200000000002,0.11390574090220734,375.066,0.17211968243770365,1170.797,0.5372846588040935,266.73400000000004,0.12240558028543896,130.446,0.059862328484236615,0.0,0.0,147.936,0.06788857785324218,68.055,0.031230783350924697,227.12900000000002,0.10423064567940894,247.24900000000002,0.11346381533660688,198.679,0.09117479693451426,0.9640000000000001,0.00044238447065302197,0.0,0.0,0.0,0.0,1145.403,0.5256312238997751,0.0,0.0,130.446,0.059862328484236615,0.0,0.0,0.0,0.0,25.394000000000002,0.011653434904318298,0.0,0.0,0.0,0.0,0.0,0.0,128.31038700000002,0.05888228488825663,289.197083,0.13271400256986832,1602.00201,0.7351668165756505,46.515251,0.021346083704281586,155.28592,0.07126149327704098,10.932336,0.005016904226515534,24.948757999999998,0.01144911110091322,46.125516,0.021167232343628103,0.0,0.0,0.0,0.0,15.527068,0.00712544995640402,0.0,0.0
32,2588482,FUJI KAWA,FUNAYAMA-BASHI,481.5,35.6958,138.4558,35.6979,138.4563,0.2,1202.28284271697,13.3538534819472,60.1141421,0.0,409.965601826512,0.8514342717061519,0.0,0.49811243,4.030556950775652,9.286940362247792,2.007670520922748,38.59003932997286,14.151173420160301,3.165397241289003,1.056058664564462e-05,4.4052842495699345,0.4694634856517394,0.01597735821755268,9.952775643352476,1.6571469279565532,13544.56673,137.49360149999998,33.73126143,83.76599634,24.14808044,20283.70567,146.29981719999998,0.0,0.0,0.0,0.0,195.762,0.4065669781931464,4.3069999999999995,0.008944963655244028,0.0,0.0,179.886,0.37359501557632396,8.439,0.017526479750778815,0.0,0.0,57.028,0.11843821391484943,27.511999999999997,0.057138110072689506,0.0,0.0,29.809,0.061908618899273106,0.0,0.0,0.0,0.0,22.516,0.04676220145379024,0.0,0.0,0.0,0.0,0.0,0.0,0.0,0.0,218.278,0.45332917964693664,0.0,0.0,8.439,0.017526479750778815,0.0,0.0,57.31399999999999,0.11903219106957423,236.91299999999998,0.49203115264797503,4.3069999999999995,0.008944963655244028,0.0,0.0,10.694,0.022209761163032193,16.858,0.03501142263759086,28.561,0.05931671858774663,0.0,0.0,98.0,0.2035306334371755,147.974,0.3073187954309449,0.0,0.0,32.635999999999996,0.0677798546209761,17.459,0.03625960539979232,48.928999999999995,0.1016178608515057,0.0,0.0,114.34200000000001,0.2374704049844237,0.0,0.0,0.0,0.0,0.0,0.0,0.0,0.0,10.585,0.021983385254413294,0.0,0.0,0.0,0.0,393.722,0.8176988577362408,132.317,0.2748016614745587,19.908,0.041345794392523366,141.695,0.2942782969885773,253.37400000000002,0.5262180685358256,76.571,0.15902596053997922,34.492,0.07163447559709242,0.0,0.0,78.753,0.1635576323987539,0.0,0.0,62.942,0.13072066458982348,19.908,0.041345794392523366,76.571,0.15902596053997922,0.0,0.0,0.0,0.0,0.0,0.0,249.453,0.5180747663551402,0.0,0.0,34.492,0.07163447559709242,0.0,0.0,0.0,0.0,3.9210000000000003,0.008143302180685359,0.0,0.0,0.0,0.0,0.0,0.0,50.879371,0.10566847559709241,45.359843,0.09420528141225337,429.110934,0.8911961246105918,20.254821,0.04206608722741433,22.551405,0.04683573208722741,3.019669,0.006271379023883697,3.573097,0.00742076220145379,10.737482,0.022300066458982346,0.0,0.0,0.0,0.0,2.8620740000000002,0.005944078920041537,0.0,0.0
33,2588483,FUEFUKI-GAWA,TORINKYO,916.3,35.5714,138.5239,35.5771,138.5146,1.1,938.761675311149,12.2492848855242,8.53419705,0.444,644.9894822663749,0.7039064523260671,0.000484557459347375,0.56354086,3.5520865535633486,10.786798422135186,2.0017458974850633,36.52531330956893,15.619217369244222,3.2519280480706616,1.4479684894315659e-05,6.058715275734505,0.4209123482482412,0.029288840506705282,11.428308353176794,1.6519548206643144,12714.52165,157.4505155,52.52783505,100.19381440000001,19.78762887,21259.38969,146.6226804,87.63799999999999,0.09564334824839026,0.0,0.0,28.611,0.03122448979591837,100.654,0.10984830295754666,59.527,0.06496453126705228,369.598,0.40335916184655685,3.997,0.004362108479755539,0.0,0.0,197.418,0.215451271417658,23.485,0.025630252100840335,0.0,0.0,27.273000000000003,0.02976426934410128,0.0,0.0,0.0,0.0,49.559,0.05408599803557787,0.0,0.0,0.0,0.0,0.0,0.0,87.63799999999999,0.09564334824839026,78.17,0.08531048783149624,35.61,0.03886281785441449,3.997,0.004362108479755539,23.916999999999998,0.02610171341263778,50.758,0.05539452144494162,567.016,0.6188104332642148,100.654,0.10984830295754666,0.0,0.0,0.0,0.0,2.0580000000000003,0.0022459893048128346,140.409,0.15323474844483248,0.0,0.0,22.969,0.02506711775619339,31.331999999999997,0.03419404125286478,0.0,0.0,125.681,0.1371614100185529,413.57099999999997,0.4513489031976427,181.69299999999998,0.1982898613991051,0.0,0.0,37.961,0.041428571428571426,0.0,0.0,0.0,0.0,0.0,0.0,0.0,0.0,0.0,0.0,0.0,0.0,0.0,0.0,517.077,0.5643097238895558,438.598,0.47866201025864896,123.13799999999999,0.13438611808359707,47.173,0.05148204736440031,605.395,0.6606951871657755,134.371,0.14664520353595986,43.536,0.04751282331114264,0.0,0.0,7.3629999999999995,0.00803557786751064,68.055,0.07427152679253521,39.81,0.04344646949688967,123.13799999999999,0.13438611808359707,66.316,0.07237367674342465,0.0,0.0,0.0,0.0,0.0,0.0,585.933,0.6394554185310488,0.0,0.0,43.536,0.04751282331114264,0.0,0.0,0.0,0.0,19.462,0.021239768634726618,0.0,0.0,0.0,0.0,0.0,0.0,30.938571000000003,0.0337646742333297,155.92199399999998,0.1701647866419295,702.2924830000001,0.7664438317145041,14.033703,0.015315620429990177,91.728768,0.10010779002510095,5.005367,0.005462585397795482,9.443653999999999,0.010306290516206481,20.90864,0.022818552875695734,0.0,0.0,0.0,0.0,8.528513,0.009307555385790681,0.0,0.0
34,2588500,ARA KAWA,OASHI-BASHI,1019.0,36.0808,139.4417,36.0854,139.4396,0.5,678.162429137516,14.4051162030129,13.5632486,1.693,799.029131119465,0.784130648792409,0.0016614327772325802,0.53320174,3.995097283519336,11.745526349613895,2.1301928301989634,43.16381903828425,16.54251218760428,3.4941961147771288,0.00018074950852753585,7.058378487854157,0.4656159136130834,0.041507578313109535,12.211535009736506,1.7753718239665006,14133.38792,163.0924062,56.41720037,105.5645014,16.97255261,18957.28179,134.8581885,106.84100000000001,0.10484887144259078,32.338,0.03173503434739941,36.539,0.0358577036310108,15.181,0.014897939156035328,26.613000000000003,0.02611678115799804,593.7180000000001,0.5826476938174682,0.0,0.0,0.0,0.0,118.64,0.11642787046123651,28.664,0.02812953876349362,0.0,0.0,50.43,0.049489695780176646,0.0,0.0,0.0,0.0,41.695,0.04091756624141315,1.179,0.001157016683022571,0.0,0.0,32.338,0.03173503434739941,106.84100000000001,0.10484887144259078,78.234,0.07677526987242395,26.613000000000003,0.02611678115799804,0.0,0.0,0.0,0.0,79.094,0.07761923454367026,712.3580000000001,0.6990755642787047,15.181,0.014897939156035328,1.179,0.001157016683022571,484.244,0.4752149165848872,0.0,0.0,156.119,0.1532080471050049,0.0,0.0,10.837,0.010634936211972522,0.0,0.0,70.28,0.06896957801766437,74.404,0.07301668302257114,0.10300000000000001,0.00010107948969578018,0.0,0.0,111.575,0.1094946025515211,144.744,0.142045142296369,0.0,0.0,0.0,0.0,0.0,0.0,0.0,0.0,2.5540000000000003,0.0025063788027477924,0.0,0.0,111.575,0.1094946025515211,932.345,0.9149607458292444,10.94,0.010736015701668301,100.238,0.09836898920510304,0.0,0.0,820.5039999999999,0.8052051030421982,106.89,0.10489695780176644,27.226,0.026718351324828263,0.0,0.0,0.0,0.0,3.38,0.003316977428851815,0.0,0.0,87.038,0.08541511285574092,103.51,0.10157998037291463,13.220999999999998,0.01297448478900883,0.0,0.0,0.0,0.0,802.3539999999999,0.7873935230618252,0.0,0.0,27.226,0.026718351324828263,0.0,0.0,0.0,0.0,18.15,0.017811579980372912,0.0,0.0,0.0,0.0,0.0,0.0,42.028383000000005,0.04124473307163887,79.78460799999999,0.07829696565260058,896.702208,0.879982539744848,17.918434,0.017584331697742886,63.746899,0.06255829146221786,4.360018,0.004278722276741904,18.145928,0.01780758390578999,36.909406,0.036221203140333655,0.0,0.0,0.0,0.0,14.990103,0.014710601570166829,0.0,0.0
35,2588501,ARA KAWA,YORII,905.0,36.1094,139.2008,36.1104,139.1979,0.3,770.963554548327,15.2577330820104,25.6987852,1.693,785.40531646437,0.867851178413669,0.0018707182320442,0.52396453,4.059549229283847,11.317192653262724,2.127059803755854,43.940150364878704,16.116340256366026,3.4880531230427465,0.00020778607526006964,6.637124199766343,0.4681874623430003,0.03980881228728506,11.807070713950225,1.7733555621122856,14382.779190000001,157.15923569999998,50.09235669,99.58598726,18.911889600000002,18786.21762,135.3545648,67.52600000000001,0.07461436464088399,32.297,0.03568729281767955,27.921999999999997,0.030853038674033145,1.32,0.0014585635359116024,0.0,0.0,591.613,0.6537160220994476,0.0,0.0,0.0,0.0,117.829,0.13019779005524862,28.664,0.03167292817679558,0.0,0.0,50.43,0.055723756906077344,0.0,0.0,0.0,0.0,0.025,2.7624309392265193e-05,0.0,0.0,0.0,0.0,32.297,0.03568729281767955,67.52600000000001,0.07461436464088399,27.947,0.030880662983425414,0.0,0.0,0.0,0.0,0.0,0.0,79.094,0.08739668508287292,709.442,0.7839138121546961,1.32,0.0014585635359116024,0.0,0.0,484.244,0.5350762430939227,0.0,0.0,156.119,0.172507182320442,0.0,0.0,10.837,0.011974585635359115,0.0,0.0,0.033,3.646408839779006e-05,14.902999999999999,0.016467403314917126,0.10300000000000001,0.0001138121546961326,0.0,0.0,105.634,0.11672265193370165,143.975,0.15908839779005524,0.0,0.0,0.0,0.0,0.0,0.0,0.0,0.0,2.5540000000000003,0.0028220994475138123,0.0,0.0,105.634,0.11672265193370165,801.829,0.8859988950276243,10.94,0.012088397790055248,21.814,0.024103867403314917,0.0,0.0,820.5039999999999,0.9066342541436463,61.823,0.06831270718232044,14.262,0.015759116022099447,0.0,0.0,0.0,0.0,3.38,0.003734806629834254,0.0,0.0,21.814,0.024103867403314917,58.443000000000005,0.06457790055248619,0.0,0.0,0.0,0.0,0.0,0.0,802.3539999999999,0.8865790055248618,0.0,0.0,14.262,0.015759116022099447,0.0,0.0,0.0,0.0,18.15,0.02005524861878453,0.0,0.0,0.0,0.0,0.0,0.0,6.791331,0.00750423314917127,45.942699,0.050765413259668504,872.102327,0.9636489801104972,16.180611,0.01787912817679558,30.436658,0.03363166629834254,1.2185489999999999,0.0013464629834254143,9.490299,0.010486518232044198,19.151543,0.02116192596685083,0.0,0.0,0.0,0.0,9.569382000000001,0.010573902762430941,0.0,0.0
36,2588550,TONE-GAWA,KURIHASHI,8588.0,36.14,139.7,36.1437,139.7021,0.5,613.127064047549,10.5075308202891,12.2625413,16.191,5326.55652256139,0.6202324781743579,0.0018853050768514199,0.4916708,3.9993111529300185,11.194197763969637,1.966344521289788,33.04697314138801,15.934826078927586,3.1500113182200837,0.0014079779942098036,6.4599957700686526,0.4775244684164031,0.5649390899011086,11.715015996067487,1.627756734858278,14613.42473,159.71405969999998,58.39568264,104.94789779999999,43.25203436,19002.86709,134.56690780000002,66.78399999999999,0.007776432231020027,3.147,0.0003664415463437354,2090.542,0.24342594317652538,627.589,0.07307743362831859,572.413,0.06665265486725663,2236.072,0.2603716814159292,47.668,0.005550535631113181,0.0,0.0,1199.201,0.1396368188169539,514.181,0.05987203074056824,27.467,0.0031982999534233814,284.29400000000004,0.03310363297624593,550.444,0.06409455053563111,208.949,0.02433034466697718,383.134,0.04461271541686074,37.069,0.004316371681415929,0.0,0.0,212.097,0.024696902654867257,66.78399999999999,0.007776432231020027,3051.587,0.3553315090824406,291.057,0.03389112715416861,47.668,0.005550535631113181,281.356,0.03276152771308803,798.4730000000001,0.09297543083372148,3435.272,0.40000838379133674,627.589,0.07307743362831859,37.069,0.004316371681415929,1721.1879999999999,0.2004177922682813,1722.596,0.2005817419655333,67.279,0.007834070796460176,0.0,0.0,616.268,0.07175919888216116,102.18700000000001,0.011898812296227296,1183.489,0.13780728924080113,1011.585,0.11779052165812763,0.0,0.0,1067.289,0.12427678155565906,219.65099999999998,0.02557650209594783,862.003,0.10037296227293899,0.0,0.0,282.418,0.032885188635305075,0.0,0.0,19.166,0.0022317186772240335,17.937,0.0020886120167675827,0.0,0.0,219.65099999999998,0.02557650209594783,6032.956,0.7024867256637168,2640.448,0.30745784816022353,1295.452,0.15084443409408477,2624.125,0.30555717279925476,3285.336,0.3825496040987424,1395.111,0.1624488821611551,292.702,0.03408267349790405,38.869,0.004525966464834653,619.855,0.07217687470889614,615.5409999999999,0.07167454587796926,2004.27,0.23338029809035865,1125.198,0.13101979506287845,767.0319999999999,0.08931439217512807,170.25400000000002,0.019824639031206338,11.337,0.0013200978108989286,0.0,0.0,3217.765,0.37468153237074986,0.0,0.0,292.702,0.03408267349790405,0.0,0.0,1.2,0.00013972985561248253,67.575,0.007868537494177923,0.0,0.0,38.869,0.004525966464834653,0.0,0.0,957.578101,0.11150187482533767,978.217328,0.11390513833255705,5543.528044,0.6454969776432231,214.006291,0.024919223451327435,893.785501,0.1040737658360503,61.240487,0.007130937005123428,203.708143,0.02372009117373079,259.111418,0.030171334187238007,0.0,0.0,0.0,0.0,155.32933400000002,0.018086787843502563,0.0,0.0
37,2588551,TONE-GAWA,FUKAWA (TONE NORTH BRANCH),12458.0,35.85,140.14,35.8521,140.1438,0.4,547.4932086333,10.2269581024723,13.6873302,38.295,6557.43334579436,0.526363248177425,0.00307392839942206,0.50177043,3.971029965274624,11.433049497246875,1.992545420584808,33.088936782140216,16.163083697437706,3.181727788319012,0.001489016415883104,6.7306877560349205,0.4929798551862026,0.5323056600424761,11.961942212632573,1.664341458654894,14578.165619999998,162.8695617,61.29289989,108.10464180000001,37.11280932,18816.8994,133.1327834,83.53299999999999,0.006705169369080108,3.147,0.0002526087654519184,3490.086,0.28014817787766894,795.431,0.06384901268261359,995.1339999999999,0.0798791138224434,2649.2470000000003,0.21265427837534118,47.668,0.003826296355755338,0.0,0.0,1440.82,0.11565419810563493,745.346,0.05982870444694172,178.90200000000002,0.014360410980895811,336.43800000000005,0.02700577941884733,619.894,0.0497587092631241,208.949,0.016772274843474076,619.235,0.049705811526729815,128.433,0.010309279178038208,0.0,0.0,212.097,0.017024963878632206,83.53299999999999,0.006705169369080108,4908.116,0.3939730293787125,536.851,0.0430928720500883,47.668,0.003826296355755338,458.282,0.0367861615026489,1081.782,0.08683432332637663,4090.066,0.32830839621126984,795.431,0.06384901268261359,128.433,0.010309279178038208,1931.68,0.1550553860972869,1875.9,0.1505779418847327,67.279,0.0054004655642960345,0.0,0.0,857.316,0.06881650345159737,102.18700000000001,0.008202520468775086,2368.7470000000003,0.19013862578262966,2226.603,0.1787287686627067,0.0,0.0,1067.943,0.08572347086209664,219.65099999999998,0.017631321239364263,1016.211,0.08157095842029219,0.0,0.0,624.724,0.05014641194413229,0.0,0.0,19.166,0.0015384491892759672,17.937,0.0014397977203403436,0.0,0.0,219.65099999999998,0.017631321239364263,8798.587,0.7062599935784235,3377.1059999999998,0.2710793064697383,2230.881,0.17907216246588537,2925.708,0.23484572162465886,4048.8920000000003,0.32500337132766094,2737.702,0.21975453523840105,460.68699999999995,0.03697921014609086,94.788,0.00760860491250602,630.995,0.050649783271793224,882.1669999999999,0.07081128592069352,2294.718,0.18419633970139668,1695.4479999999999,0.13609311285920692,1842.9979999999998,0.14793690801091666,535.433,0.04297904960667844,11.337,0.0009100176593353668,0.0,0.0,3981.215,0.3195709584202922,0.0,0.0,460.68699999999995,0.03697921014609086,0.0,0.0,1.2,9.632364745545032e-05,67.681,0.005432733986193611,0.0,0.0,94.788,0.00760860491250602,0.0,0.0,1890.8595309999998,0.1517787390431851,1423.120197,0.11423344011879916,6862.591211,0.5508581803660298,254.763503,0.020449791539572965,1435.09522,0.11519467169690158,90.23537900000001,0.007243167362337454,337.07306800000003,0.027056756140632528,435.439725,0.0349526187991652,0.0,0.0,0.0,0.0,208.90126,0.01676844276769947,2.982259,0.00023938505378070317
38,2588552,TONE-GAWA,KAWAMATA,6018.0,36.19,139.51,36.1938,139.5104,0.4,734.108251909367,10.717384189534801,18.3527063,14.16,3917.03347484206,0.6508862537125389,0.0023529411764705893,0.48912409,3.937849463025674,10.658246783019482,1.9260970312485768,31.8753741496839,15.404365377311287,3.0742759134626465,0.0014532137997762887,5.879255368520798,0.4848729446349963,0.6360125026765922,11.159364660549477,1.6012480986347497,14352.86518,152.9361461,51.34109279,97.97365018,55.46928548,18870.83511,135.6791141,25.9,0.004303755400465271,3.147,0.0005229312063808574,1702.84,0.28295779328680626,341.098,0.05667962778331672,232.71900000000002,0.038670488534396814,1410.004,0.23429777334662677,47.668,0.00792090395480226,0.0,0.0,592.435,0.0984438351611831,459.551,0.07636274509803921,11.475,0.001906779661016949,272.768,0.04532535726154868,550.297,0.09144184114323696,208.949,0.03472067131937521,263.413,0.04377085410435361,5.867000000000001,0.0009749086075108011,0.0,0.0,212.097,0.035243768693918244,25.9,0.004303755400465271,2528.025,0.4200772681954138,66.961,0.011126786307743436,47.668,0.00792090395480226,165.75799999999998,0.02754370222665337,732.317,0.12168777002326354,2002.44,0.3327417746759721,341.098,0.05667962778331672,5.867000000000001,0.0009749086075108011,465.033,0.07727367896311067,1587.645,0.2638160518444666,67.279,0.011179627783316716,0.0,0.0,404.724,0.06725224327018943,102.18700000000001,0.016980225988700567,758.477,0.12603472914589564,363.167,0.060346792954469916,0.0,0.0,1030.546,0.17124393486208042,219.65099999999998,0.036499002991026916,862.003,0.1432374543037554,0.0,0.0,275.139,0.045719341974077767,0.0,0.0,19.166,0.0031847789963443006,0.0,0.0,0.0,0.0,219.65099999999998,0.036499002991026916,3648.691,0.6062962778331671,2286.674,0.3799724160850781,484.07599999999996,0.08043801927550681,2532.6620000000003,0.4208477899634431,1925.2420000000002,0.3199139248919907,991.836,0.16481156530408775,219.882,0.03653738783649053,27.410999999999998,0.004554835493519442,612.933,0.10184995014955134,500.055,0.08309322033898305,1919.729,0.3189978398138917,421.92,0.07010967098703888,479.24300000000005,0.07963492854769028,62.156000000000006,0.010328348288467931,11.337,0.0018838484546360916,0.0,0.0,1892.293,0.31443885011631767,0.0,0.0,219.882,0.03653738783649053,0.0,0.0,1.2,0.00019940179461615153,32.954,0.005475905616483882,0.0,0.0,27.410999999999998,0.004554835493519442,0.0,0.0,433.004559,0.07195157178464606,807.471067,0.1341759832170156,4139.845061,0.6879104454968428,157.15720100000001,0.02611452326354271,549.694215,0.09134167746759721,34.802532,0.005783072781655035,132.539612,0.022023863742107012,146.148553,0.02428523645729478,0.0,0.0,0.0,0.0,90.418044,0.015024600199401794,0.0,0.0
39,2588553,TONE-GAWA,FUTTO,5986.0,36.24,139.39,36.2396,139.3854,0.4,757.0694694285678,10.7205475702081,18.9267367,14.16,3916.28886999813,0.6542413748743949,0.0023655195456064107,0.48493699,3.95734055702048,10.52774903909986,1.919060798609124,31.887152684581558,15.277313649078026,3.0644996231097483,0.0014993341034581127,5.740533828878671,0.4849365361108982,0.6443833363129046,11.020756185817172,1.5952061684713459,14427.50542,151.35369719999997,49.76347855,96.41712569,57.13036221,18820.27391,135.7738274,23.624000000000002,0.003946541931172737,3.147,0.0005257266956231205,1702.84,0.2844704310056799,287.423,0.048015870364183096,147.798,0.024690611426662214,1410.004,0.23555028399599062,47.668,0.007963247577681257,0.0,0.0,592.435,0.09897009689274974,459.551,0.07677096558636819,11.475,0.001916972936852656,272.768,0.0455676578683595,550.297,0.09193067156698964,208.949,0.03490628132308721,219.62599999999998,0.036689943200801864,3.799,0.0006346475108586703,0.0,0.0,212.097,0.03543217507517541,23.624000000000002,0.003946541931172737,2484.238,0.41500801871032406,19.621,0.0032778149014366853,47.668,0.007963247577681257,128.17700000000002,0.02141279652522553,732.317,0.12233828934179752,2002.44,0.33452054794520547,287.423,0.048015870364183096,3.799,0.0006346475108586703,465.033,0.07768676912796525,1587.645,0.26522636151019047,67.279,0.011239391914467088,0.0,0.0,404.724,0.067611760775142,102.18700000000001,0.01707099899766121,667.2919999999999,0.11147544269963246,267.563,0.044698128967591046,0.0,0.0,1030.546,0.17215937186769129,219.65099999999998,0.036694119612429,862.003,0.14400317407283664,0.0,0.0,275.139,0.04596374874707651,0.0,0.0,19.166,0.0032018042098229203,0.0,0.0,0.0,0.0,219.65099999999998,0.036694119612429,3461.902,0.5783331105913799,2286.674,0.3820036752422319,339.006,0.0566331440026729,2532.6620000000003,0.4230975609756098,1925.2420000000002,0.32162412295355836,950.328,0.1587584363514868,219.882,0.036732709655863685,19.073,0.003186267958569997,612.933,0.10239442031406615,460.096,0.07686201135983962,1919.729,0.3207031406615436,322.243,0.053832776478449716,477.695,0.07980203808887404,16.762999999999998,0.002800367524223187,11.337,0.0018939191446708987,0.0,0.0,1892.293,0.31611977948546605,0.0,0.0,219.882,0.036732709655863685,0.0,0.0,1.2,0.00020046775810223855,32.954,0.0055051787504176415,0.0,0.0,19.073,0.003186267958569997,0.0,0.0,338.84498199999996,0.05660624490477781,792.361906,0.13236917908453058,4138.338802,0.6913362515870365,156.647891,0.026169042933511525,482.62979900000005,0.08062642816572002,32.109751,0.005364141496825928,120.432616,0.020119047109923155,130.881549,0.021864608920815237,0.0,0.0,0.0,0.0,88.97287299999999,0.014863493651854326,0.0,0.0
40,2588554,TONE-GAWA,YATTAJIMA,5150.0,36.26,139.2,36.2604,139.2021,0.2,838.6332004636299,11.2047827651238,41.93166,14.114,3829.61988371216,0.743615511400419,0.00274058252427184,0.47059028,4.035331815286616,10.034205537462672,1.898987943942136,31.979040916423305,14.788816097146325,3.0325057101620354,0.001640815104611019,5.224662595307079,0.4884820641469507,0.6929487827358335,10.524817889997102,1.5798999751724183,14740.314880000002,145.6411031,44.09369097,90.80770684,63.72988289,18571.94635,135.87873059999998,19.79,0.0038427184466019414,3.147,0.0006110679611650485,1375.67,0.26712038834951457,196.09,0.03807572815533981,71.405,0.01386504854368932,1360.342,0.26414407766990294,47.668,0.009255922330097087,0.0,0.0,562.3240000000001,0.10918912621359225,459.551,0.08923320388349515,0.0,0.0,247.51,0.04806019417475728,537.732,0.10441398058252427,207.085,0.040210679611650486,150.683,0.02925883495145631,0.0,0.0,0.0,0.0,210.233,0.04082194174757282,19.79,0.0038427184466019414,2064.085,0.40079320388349515,5.662999999999999,0.0010996116504854367,47.668,0.009255922330097087,65.741,0.012765242718446602,707.058,0.1372928155339806,1922.665,0.37333300970873784,196.09,0.03807572815533981,0.0,0.0,457.67900000000003,0.08886970873786408,1575.307,0.30588485436893204,67.279,0.013063883495145631,0.0,0.0,404.724,0.07858718446601942,102.18700000000001,0.019842135922330098,300.43,0.05833592233009709,178.264,0.034614368932038835,0.0,0.0,849.7289999999999,0.16499592233009708,184.268,0.03578019417475728,853.253,0.1656801941747573,0.0,0.0,270.383,0.052501553398058246,0.0,0.0,19.166,0.0037215533980582524,0.0,0.0,0.0,0.0,184.268,0.03578019417475728,2808.821,0.5454021359223301,2269.58,0.44069514563106793,190.563,0.03700252427184466,2372.031,0.4605885436893204,1904.4279999999999,0.36979184466019416,608.935,0.11823980582524271,185.331,0.03598660194174757,11.88,0.0023067961165048547,503.36,0.09773980582524272,339.16900000000004,0.06585805825242719,1868.671,0.3628487378640777,189.08700000000002,0.036715922330097094,257.228,0.049947184466019416,1.476,0.0002866019417475728,11.337,0.002201359223300971,0.0,0.0,1871.479,0.36339398058252426,0.0,0.0,185.331,0.03598660194174757,0.0,0.0,1.2,0.00023300970873786406,32.953,0.0063986407766990295,0.0,0.0,11.88,0.0023067961165048547,0.0,0.0,209.121265,0.040606070873786405,558.693581,0.1084841904854369,4031.030868,0.7827244403883494,152.400206,0.029592273009708736,307.37584,0.05968462912621359,26.178808,0.005083263689320388,88.757582,0.01723448194174757,100.819097,0.019576523689320387,0.0,0.0,0.0,0.0,77.430187,0.015034987766990292,0.0,0.0
41,2588555,TONE-GAWA,IWAMOTO,1691.9,36.6,139.05,36.5979,139.0479,0.3,1104.8524323628799,13.8933129028108,36.8284144,9.732,1453.29508115371,0.8589722094412849,0.00575211300904309,0.42470373,4.180862472719676,8.41732333038005,1.7756278748975325,31.118914096216663,13.001030554422035,2.8660838692519333,0.0011490806915924875,3.6198588493895865,0.4496106818161841,0.8094963074275682,8.940266493605584,1.4241278733315548,15800.941509999999,122.41628440000001,24.76949541,69.51662844,122.17488529999999,17376.901380000003,134.9736239,0.0,0.0,3.147,0.0018600390093977182,381.465,0.22546545304095983,0.0,0.0,0.0,0.0,499.07099999999997,0.2949766534665169,38.841,0.022957030557361546,0.0,0.0,137.844,0.08147290028961522,343.978,0.20330870618830899,0.0,0.0,86.666,0.05122406761628937,102.816,0.06076954902772031,82.73299999999999,0.04889946214315266,4.11,0.002429221585200071,0.0,0.0,0.0,0.0,85.88,0.05075950115255038,0.0,0.0,488.392,0.2886648147053608,0.0,0.0,38.841,0.022957030557361546,0.0,0.0,430.64300000000003,0.2545321827531178,636.915,0.3764495537561321,0.0,0.0,0.0,0.0,21.963,0.012981263668065488,575.1469999999999,0.33994148590342216,14.263,0.008430167267569004,0.0,0.0,400.344,0.2366239139429044,99.92399999999999,0.059060228145871495,0.0,0.0,4.277,0.002527927182457592,0.0,0.0,73.166,0.04324487262840593,0.0,0.0,253.796,0.15000650156628642,0.0,0.0,230.35299999999998,0.13615048170695665,0.0,0.0,19.166,0.011328092676872155,0.0,0.0,0.0,0.0,0.0,0.0,467.38800000000003,0.27625036940717534,1225.01,0.7240439742301554,5.092,0.0030096341391335183,514.318,0.30398841539098054,1031.892,0.6099012944027424,141.966,0.0839092144925823,0.0,0.0,0.0,0.0,25.991999999999997,0.015362610083338257,0.0,0.0,488.325,0.28862521425616167,4.239,0.0025054672261954013,130.629,0.07720846385720195,0.853,0.0005041669129381168,11.337,0.006700750635380341,0.0,0.0,1026.646,0.6068006383355989,0.0,0.0,0.0,0.0,0.0,0.0,0.0,0.0,5.246,0.003100656067143448,0.0,0.0,0.0,0.0,0.0,0.0,30.731154999999998,0.018163694662805128,102.845499,0.06078698445534606,1553.5418029999998,0.9182231828122228,63.780286,0.03769743247236834,23.608139,0.013953625509781901,4.833684,0.0028569560848749924,23.362126999999997,0.013808219752940479,26.241413,0.015510026006265146,0.0,0.0,0.0,0.0,5.688249,0.003362047993380223,0.0,0.0
42,2588558,OMOI-GAWA,OTOME,760.0,36.26,139.75,36.2604,139.7479,0.2,311.235949768125,8.512391036465699,15.5617975,0.0,440.72625844728,0.5799029716411579,0.0,0.42931758,4.654682808572611,12.138311463403044,1.9983371572938695,41.78039802591695,16.978110017708143,3.3048839269475385,2.3117316889775467e-06,7.3801246805565395,0.4293468941922797,0.11462090954951247,12.720614670638401,1.6435315349346868,16537.51094,175.4190372,73.41794311,120.2308534,13.08533917,18831.0558,129.845733,18.201,0.023948684210526316,0.0,0.0,233.035,0.306625,67.512,0.08883157894736843,33.542,0.04413421052631579,241.46099999999998,0.31771184210526315,0.0,0.0,0.0,0.0,236.799,0.31157763157894736,0.0,0.0,14.425999999999998,0.01898157894736842,0.0,0.0,0.0,0.0,0.0,0.0,17.188,0.02261578947368421,0.945,0.001243421052631579,0.0,0.0,0.0,0.0,18.201,0.023948684210526316,264.649,0.34822236842105264,6.277,0.008259210526315789,0.0,0.0,27.265,0.035875000000000004,0.0,0.0,478.26,0.6292894736842105,67.512,0.08883157894736843,0.945,0.001243421052631579,357.519,0.47041973684210525,16.428,0.021615789473684213,0.0,0.0,0.0,0.0,78.39699999999999,0.10315394736842104,0.0,0.0,257.199,0.3384197368421053,150.174,0.19759736842105263,0.0,0.0,0.0,0.0,0.0,0.0,0.0,0.0,0.0,0.0,5.916,0.00778421052631579,0.0,0.0,0.0,0.0,0.0,0.0,0.0,0.0,0.0,0.0,764.893,1.0064381578947368,100.741,0.13255394736842105,150.69,0.1982763157894737,0.0,0.0,408.845,0.5379539473684211,237.868,0.3129842105263158,68.215,0.08975657894736842,0.0,0.0,0.0,0.0,24.0,0.031578947368421054,0.0,0.0,147.586,0.19419210526315792,213.868,0.2814052631578947,3.1039999999999996,0.004084210526315789,0.0,0.0,0.0,0.0,404.38599999999997,0.5320868421052631,0.0,0.0,68.215,0.08975657894736842,0.0,0.0,0.0,0.0,4.459,0.005867105263157894,0.0,0.0,0.0,0.0,0.0,0.0,179.271176,0.23588312631578948,85.74157,0.11281785526315789,503.999187,0.6631568250000001,5.680027,0.007473719736842105,111.78873,0.1470904342105263,13.571451000000001,0.017857172368421055,26.40636,0.03474521052631579,21.494242,0.02828189736842105,0.0,0.0,0.0,0.0,25.147748999999997,0.03308914342105263,0.0,0.0
43,2588559,WATARASE-GAWA,FUJIOKA,1209.5,36.25,139.66,36.2396,139.6396,2.2,496.42834678352796,11.395214474409402,2.25649249,2.031,843.719374317052,0.6975769940612249,0.00167920628358826,0.49610852,4.129684491263261,11.693896624154148,2.0487716527452324,36.81075971302546,16.487946393213115,3.342468967448919,4.1769355812780995e-06,6.937014149294852,0.4445245606138512,0.11040379892460103,12.182102158848355,1.7114089772173977,15153.384259999999,164.6960249,67.43102104,112.69446609999999,21.05455963,19565.32346,134.7318784,0.0,0.0,0.0,0.0,119.803,0.09905167424555601,85.287,0.07051426209177347,119.87799999999999,0.09911368334022322,506.751,0.41897560975609754,0.0,0.0,0.0,0.0,288.982,0.2389268292682927,54.631,0.045168251343530384,0.0,0.0,11.526,0.00952955766845804,0.147,0.000121537825547747,0.0,0.0,38.321,0.03168334022323274,9.499,0.007853658536585366,0.0,0.0,0.0,0.0,0.0,0.0,158.27100000000002,0.13085655229433651,51.711000000000006,0.042754030591153375,0.0,0.0,68.166,0.05635882596114097,66.156,0.05469698222405953,795.7339999999999,0.6579032658123191,85.287,0.07051426209177347,9.499,0.007853658536585366,717.809,0.5934758164530798,113.25,0.09363373294749897,0.0,0.0,0.0,0.0,133.14700000000002,0.11008433236874743,0.0,0.0,60.358000000000004,0.049903265812319145,172.799,0.14286812732534104,0.0,0.0,36.743,0.030378668871434478,0.0,0.0,0.0,0.0,0.0,0.0,1.3619999999999999,0.0011260851591566763,0.0,0.0,0.0,0.0,10.398,0.008596940884663083,0.0,0.0,0.0,0.0,998.1080000000001,0.8252236461347665,247.75900000000001,0.20484415047540308,267.76,0.2213807358412567,91.464,0.07562133112856552,804.595,0.6652294336502688,77.445,0.06403059115336915,4.605,0.003807358412567177,0.0,0.0,6.922000000000001,0.00572302604381976,44.636,0.03690450599421249,84.541,0.06989747829681686,255.028,0.2108540719305498,32.809,0.027126085159156675,12.732000000000001,0.010526663910706904,0.0,0.0,0.0,0.0,775.5160000000001,0.641187267465895,0.0,0.0,4.605,0.003807358412567177,0.0,0.0,0.0,0.0,29.079,0.024042166184373708,0.0,0.0,0.0,0.0,0.0,0.0,136.339643,0.11272397106242249,46.281493,0.03826497974369574,902.0657,0.7458170318313353,45.059385,0.037254555601488215,150.374543,0.1243278569656883,4.937652,0.004082391070690368,28.152383,0.023276050434063663,34.540955,0.028558044646548156,0.0,0.0,0.0,0.0,20.142579,0.01665364117403886,0.0,0.0
44,2588560,KARASU GAWA,IWAHANA,1220.8,36.29,139.08,36.2896,139.0771,0.3,539.991900890194,9.28872300077141,17.99973,1.56,831.512608402861,0.6811210750351091,0.0012778505897772,0.54936989,3.66189136758714,11.35283578099752,2.0117328656133893,33.90308521288459,16.26291727413799,3.264936785131608,0.0005726203843340077,6.521789230403991,0.4680145552048973,0.07679761117503311,11.841051715873759,1.6620037135130905,13457.1874,169.9517885,63.10730949,111.90435459999999,15.32270607,19965.7465,137.1640747,0.0,0.0,0.0,0.0,215.18599999999998,0.17626638269986894,66.642,0.05458879423328965,37.925,0.031065694626474443,472.171,0.3867717889908257,0.0,0.0,0.0,0.0,216.593,0.17741890563564874,0.0,0.0,0.0,0.0,5.0089999999999995,0.004103047182175622,132.719,0.10871477719528178,0.0,0.0,117.45100000000001,0.09620822411533422,0.0,0.0,0.0,0.0,0.0,0.0,0.0,0.0,465.355,0.3811885648754915,3.928,0.003217562254259502,0.0,0.0,33.997,0.02784813237221494,5.0089999999999995,0.004103047182175622,688.7639999999999,0.5641906946264744,66.642,0.05458879423328965,0.0,0.0,159.05100000000002,0.1302842398427261,276.91,0.22682667103538667,16.303,0.013354357798165139,0.0,0.0,4.38,0.00358781127129751,0.0,0.0,110.598,0.09059469200524246,41.84,0.034272608125819136,0.0,0.0,133.585,0.10942414809960682,106.895,0.08756143512450852,416.164,0.34089449541284406,0.0,0.0,0.0,0.0,0.0,0.0,0.0,0.0,0.0,0.0,0.0,0.0,106.895,0.08756143512450852,877.541,0.7188245412844038,281.289,0.23041366317169068,104.921,0.0859444626474443,573.655,0.46990088466579294,300.035,0.2457691677588467,109.965,0.09007617955439057,177.88299999999998,0.14571019003931848,0.0,0.0,85.37,0.06992955439056357,68.742,0.05630897771952818,488.285,0.3999713302752294,104.921,0.0859444626474443,40.022,0.03278342070773264,0.0,0.0,0.0,0.0,0.0,0.0,284.348,0.23291939711664483,0.0,0.0,177.88299999999998,0.14571019003931848,0.0,0.0,1.2,0.000982961992136304,15.687000000000001,0.012849770642201837,0.0,0.0,0.0,0.0,0.0,0.0,64.370597,0.05272820855176934,170.62053600000002,0.13976125163827,921.6093369999999,0.7549224582241153,13.331287,0.01092012368938401,100.720074,0.08250333715596331,9.989727,0.008182934960681522,22.483897,0.018417346821756227,22.986167000000002,0.01882877375491481,0.0,0.0,0.0,0.0,37.953444,0.031088994102228047,0.0,0.0
45,2588561,AGATSUMA GAWA,MURAKAMI,1239.0,36.5478,138.925,36.5521,138.9229,0.5,1055.68391251866,10.0992979892634,21.1136783,1.004,1011.49378540901,0.8163791649790229,0.000810330912025827,0.4346884,4.232773898281497,9.002431420976535,1.8399377334446687,35.36369376028631,13.963946570179825,2.950392084804983,0.0012115948392897055,3.9911172474998033,0.4946228820786383,0.34253355509363675,9.584407131088275,1.4737079685083738,15757.105469999999,130.33125,31.68828125,78.3109375,70.7953125,17616.17813,135.1828125,0.0,0.0,0.0,0.0,679.132,0.5481291364003228,0.0,0.0,0.0,0.0,78.556,0.06340274414850686,8.827,0.007124293785310734,0.0,0.0,139.451,0.11255125100887813,107.339,0.08663357546408394,0.0,0.0,121.194,0.09781598062953996,97.204,0.07845359160613398,10.376,0.008374495560936238,8.035,0.006485068603712672,0.0,0.0,0.0,0.0,10.376,0.008374495560936238,0.0,0.0,784.3710000000001,0.6330677966101695,0.0,0.0,8.827,0.007124293785310734,0.0,0.0,228.53400000000002,0.18445036319612593,218.00799999999998,0.175954802259887,0.0,0.0,0.0,0.0,0.0,0.0,682.666,0.5509814366424536,0.0,0.0,0.0,0.0,0.0,0.0,0.0,0.0,0.0,0.0,0.0,0.0,0.0,0.0,358.694,0.28950282485875706,0.0,0.0,181.135,0.14619451170298628,0.0,0.0,28.461,0.022970944309927358,0.0,0.0,0.0,0.0,0.0,0.0,0.0,0.0,0.0,0.0,539.828,0.4356965294592413,711.127,0.5739523809523809,19.098,0.015414043583535108,979.793,0.7907933817594834,190.729,0.15393785310734465,61.336999999999996,0.04950524616626311,0.0,0.0,0.0,0.0,238.562,0.19254398708635997,0.0,0.0,741.2310000000001,0.5982493946731235,18.475,0.014911218724778049,61.336999999999996,0.04950524616626311,0.623,0.0005028248587570621,0.0,0.0,0.0,0.0,190.729,0.15393785310734465,0.0,0.0,0.0,0.0,0.0,0.0,0.0,0.0,0.0,0.0,0.0,0.0,0.0,0.0,0.0,0.0,21.150984,0.017071012106537532,124.69296100000001,0.10064000080710252,1079.280916,0.8710903276836157,63.751721999999994,0.05145417433414043,18.444768,0.014886818401937046,1.738748,0.0014033478611783696,15.619304999999999,0.01260638014527845,13.111756,0.010582531073446328,0.0,0.0,0.0,0.0,17.258387,0.013929287328490718,0.0,0.0
46,2588600,MABECHI-GAWA,KEN-YOSHI,1751.1,40.44,141.35,40.4438,141.3479,0.5,439.000358933811,7.37231840029963,8.78000718,0.0,1432.05010908289,0.8178003021431608,0.0,0.51774728,3.4491802802613427,8.483936827967081,1.7858037162353464,27.494514140902034,13.93477845244789,3.0158162443379823,0.00014860067886492633,3.112498416953565,0.39835697212374,0.4807760003231809,8.770444026315024,1.3682093267881354,12083.68279,125.3650713,30.55346232,77.64562118,74.43686354,15699.88187,121.76222,0.0,0.0,0.0,0.0,912.02,0.5208269088001828,93.73899999999999,0.053531494489178225,39.518,0.02256752898178288,429.564,0.24531094740448864,0.0,0.0,0.0,0.0,117.316,0.06699560276397694,36.346,0.020756096168122892,72.652,0.04148934955171035,79.325,0.04530009708183428,37.117,0.021196390840043402,0.0,0.0,0.0,0.0,0.0,0.0,0.0,0.0,0.0,0.0,0.0,0.0,1021.789,0.5835126491919366,15.815,0.009031465935697562,0.0,0.0,23.703000000000003,0.01353606304608532,115.671,0.06605619324995718,546.88,0.31230655016846554,93.73899999999999,0.053531494489178225,0.0,0.0,416.56300000000005,0.23788647136085891,240.257,0.1372034721032494,0.0,0.0,0.0,0.0,24.694000000000003,0.014101993032950719,0.0,0.0,0.0,0.0,8.046,0.004594826109302724,0.0,0.0,549.909,0.31403632002741133,0.0,0.0,505.309,0.2885666152704015,0.0,0.0,72.819,0.0415847181771458,0.0,0.0,0.0,0.0,0.0,0.0,0.0,0.0,0.0,0.0,1479.826,0.8450836616983611,337.77,0.1928901833133459,167.053,0.09539889212495004,661.1360000000001,0.37755467991548175,646.625,0.3692678887556393,107.992,0.06167094968876707,234.791,0.13408200559648223,0.0,0.0,7.563,0.004318999486037348,11.526,0.006582148363885558,642.043,0.3666512477871053,167.053,0.09539889212495004,96.445,0.0550768088630004,0.0,0.0,0.021,1.1992461881103308e-05,11.53,0.0065844326423391015,572.29,0.32681742904460054,0.0,0.0,234.791,0.13408200559648223,0.0,0.0,0.0,0.0,74.335,0.04245045971103877,0.0,0.0,0.0,0.0,0.0,0.0,79.658585,0.04549059733881561,230.121291,0.1314152766832277,1511.984276,0.8634482759408372,50.369215999999994,0.028764328707669463,43.866018,0.02505054994003769,7.137422999999999,0.004075965393181428,36.21136,0.020679207355376622,9.506184,0.00542869282165496,0.0,0.0,0.0,0.0,0.47356499999999996,0.00027043858146308034,0.0,0.0
47,2588610,NARUSE GAWA,NODA-BASHI,707.0,38.52,141.06,38.5271,141.0604,0.8,277.207022026091,6.11648535564854,3.46508778,0.0,442.23139144223603,0.625504089734421,0.0,0.4454627,4.077108861109319,10.143865011389892,1.8161999028860656,34.784710498663905,14.923448549496898,3.0877349226256228,3.3054951409272462e-06,5.206460974618137,0.3809995395452006,0.5597449442910277,10.479525990701225,1.4189086593423443,14151.635919999999,144.3468635,55.94710947,98.23124231,93.13899139,16248.416969999998,122.1377614,27.144000000000002,0.0383932107496464,0.0,0.0,248.25,0.3511315417256011,28.487,0.04029278642149929,39.906,0.056444130127298445,192.61599999999999,0.27244130127298444,0.0,0.0,0.0,0.0,89.07799999999999,0.125994342291372,25.182,0.03561810466760962,12.05,0.017043847241867045,22.548000000000002,0.031892503536067894,0.0,0.0,0.0,0.0,27.939,0.03951768033946252,36.755,0.05198727015558699,0.0,0.0,0.0,0.0,27.144000000000002,0.0383932107496464,288.23900000000003,0.4076930693069307,31.864,0.04506930693069307,0.0,0.0,8.042,0.011374823196605375,47.73,0.0675106082036775,281.694,0.39843564356435646,28.487,0.04029278642149929,36.755,0.05198727015558699,0.0,0.0,177.18599999999998,0.2506166902404526,0.0,0.0,0.0,0.0,4.961,0.007016973125884018,95.30799999999999,0.13480622347949078,0.0,0.0,130.722,0.1848967468175389,0.0,0.0,0.0,0.0,0.0,0.0,289.038,0.40882319660537486,0.0,0.0,52.738,0.07459405940594059,0.0,0.0,0.0,0.0,0.0,0.0,0.0,0.0,0.0,0.0,515.069,0.7285275813295615,234.88400000000001,0.33222630834512024,141.753,0.20049929278642148,67.426,0.09536916548797737,388.142,0.548998585572843,119.177,0.16856718528995757,33.455999999999996,0.04732107496463932,0.0,0.0,67.426,0.09536916548797737,0.0,0.0,0.0,0.0,108.90100000000001,0.15403253182461105,118.71,0.1679066478076379,32.853,0.04646817538896747,0.466,0.0006591230551626591,0.0,0.0,388.142,0.548998585572843,0.0,0.0,33.455999999999996,0.04732107496463932,0.0,0.0,0.0,0.0,0.0,0.0,0.0,0.0,0.0,0.0,0.0,0.0,184.305142,0.260686198019802,30.906963,0.04371564780763791,506.79143200000004,0.7168195643564357,14.360613,0.020312041018387555,38.084421999999996,0.05386764073550212,1.4805139999999999,0.002094079207920792,46.848728,0.06626411315417256,14.632914000000001,0.020697190947666196,0.0,0.0,0.0,0.0,2.517315,0.0035605586987270156,0.0,0.0
48,2588620,NATORI GAWA,NATORI-BASHI,431.3,38.2,140.89,38.2062,140.8896,0.7,379.632306148162,8.73755508759742,5.42331866,3.142,342.18593016093104,0.7933826342706491,0.00728495246927892,0.44567429,4.088036152163028,10.484157240020387,1.8219326133600344,37.24364610176613,15.628200789668341,3.077997049940721,6.708158955197255e-08,5.502885659555654,0.40198097559416335,0.36469852970129896,10.913602779828302,1.4457855769997003,14023.642440000001,141.99017680000003,51.27308448,96.95874263,30.29666012,16300.79175,122.98428290000001,4.547,0.010542545791792255,0.0,0.0,94.27799999999999,0.21859030837004403,24.26,0.05624855089265013,10.642999999999999,0.02467655923950846,209.59900000000002,0.48597032228147463,0.0,0.0,0.0,0.0,73.697,0.1708717829816833,20.593000000000004,0.04774634824947833,0.0,0.0,18.465999999999998,0.04281474611639229,0.0,0.0,0.0,0.0,0.0,0.0,0.0,0.0,0.0,0.0,0.0,0.0,4.547,0.010542545791792255,94.27799999999999,0.21859030837004403,3.528,0.008179921168560167,0.0,0.0,7.115,0.016496638070948297,38.84,0.09005332715047532,283.296,0.6568421052631579,24.26,0.05624855089265013,0.0,0.0,0.0,0.0,108.986,0.25269186181312314,0.0,0.0,0.0,0.0,2.984,0.006918618131231161,26.629,0.061741247391606774,0.0,0.0,17.063,0.03956178993739856,0.0,0.0,0.0,0.0,0.0,0.0,300.027,0.6956341293763042,0.0,0.0,0.171,0.00039647577092511013,0.0,0.0,0.0,0.0,0.0,0.0,0.0,0.0,0.0,0.0,343.718,0.7969348481335498,112.14200000000001,0.2600092742870392,53.583,0.12423603060514722,0.0,0.0,257.69,0.5974727567818223,56.417,0.13080686297240898,88.17,0.2044284720612103,0.0,0.0,0.0,0.0,0.0,0.0,0.0,0.0,53.282,0.12353814050544863,56.417,0.13080686297240898,0.301,0.0006978900996985856,0.0,0.0,0.0,0.0,257.69,0.5974727567818223,0.0,0.0,88.17,0.2044284720612103,0.0,0.0,0.0,0.0,0.0,0.0,0.0,0.0,0.0,0.0,0.0,0.0,28.287063,0.06558558543936935,16.880803,0.03913935311847901,411.28060800000003,0.9535836030605148,6.829586,0.015834885230697888,29.694672999999998,0.06884923023417575,6.4765489999999994,0.0150163436123348,10.117457,0.02345805008115001,10.159877,0.023556403895200556,0.0,0.0,0.0,0.0,7.284674000000001,0.01689003941571992,0.0,0.0
49,2588630,TAMA GAWA,ISHIHARA,1040.0,35.64,139.53,35.6396,139.5312,0.1,610.049800815843,12.422669237584,61.0049801,3.862,689.137297291227,0.66263201662618,0.00371346153846154,0.48297138,4.378507771072733,12.432457239728999,2.1146939304678742,48.30325300910568,17.306856731025277,3.52331083449015,0.0,7.723698995280117,0.4639159840943497,0.03551017437742757,12.797716971588526,1.7473061925945226,16188.556169999998,166.3996317,67.52578269,112.54235729999999,17.04604052,19027.368319999998,134.80662980000002,21.258000000000003,0.020440384615384617,0.0,0.0,148.321,0.14261634615384616,52.99,0.05095192307692308,10.784,0.01036923076923077,555.288,0.5339307692307692,0.0,0.0,0.0,0.0,157.29,0.1512403846153846,11.787,0.011333653846153847,3.708,0.0035653846153846157,13.248,0.012738461538461537,0.0,0.0,0.0,0.0,65.70100000000001,0.06317403846153846,0.0,0.0,0.0,0.0,0.0,0.0,21.258000000000003,0.020440384615384617,217.73,0.20935576923076923,10.784,0.01036923076923077,0.0,0.0,0.0,0.0,25.035999999999998,0.02407307692307692,712.578,0.6851711538461538,52.99,0.05095192307692308,0.0,0.0,169.797,0.16326634615384616,0.0,0.0,495.07599999999996,0.47603461538461533,0.0,0.0,1.768,0.0017000000000000001,0.0,0.0,260.941,0.25090480769230766,44.606,0.042890384615384615,46.409,0.04462403846153846,0.0,0.0,0.0,0.0,31.397,0.030189423076923076,0.0,0.0,0.0,0.0,0.0,0.0,0.0,0.0,0.0,0.0,0.0,0.0,0.0,0.0,1001.817,0.9632855769230769,48.177,0.04632403846153846,68.692,0.06605,0.0,0.0,642.271,0.6175682692307692,168.298,0.161825,170.49,0.1639326923076923,0.314,0.0003019230769230769,0.0,0.0,0.0,0.0,0.0,0.0,68.692,0.06605,168.298,0.161825,0.0,0.0,0.0,0.0,0.0,0.0,627.125,0.6030048076923077,0.0,0.0,170.49,0.1639326923076923,0.0,0.0,0.0,0.0,15.145999999999999,0.014563461538461537,0.0,0.0,0.314,0.0003019230769230769,0.0,0.0,5.324347,0.005119564423076923,32.310862,0.03106813653846154,801.451125,0.7706260817307693,13.2323,0.012723365384615385,201.44353700000002,0.19369570865384617,9.383295,0.009022399038461538,61.059913,0.05871145480769231,27.290834000000004,0.026241186538461542,0.0,0.0,0.0,0.0,10.805598,0.010389998076923077,0.0,0.0
50,2588640,KUJI-GAWA,SAKAKI-BASHI,1422.0,36.49,140.57,36.4938,140.5687,0.4,318.03079486546505,6.176690592858701,7.95076987,0.073,1065.65362823303,0.749404801851639,5.13361462728551e-05,0.57944316,3.8195743372749824,12.037267141881832,2.2132262049992337,36.878071601002006,16.859529984790722,3.544329586288292,3.8207423412518455e-05,7.357216653162978,0.5062444648227024,0.05693367076737154,12.497196483441856,1.8946745268679208,14540.295619999999,169.7057239,62.64377104,110.96565659999999,11.29158249,17845.07811,127.20336699999999,0.0,0.0,0.0,0.0,254.31099999999998,0.17884036568213782,88.17299999999999,0.06200632911392404,51.766999999999996,0.036404360056258786,550.085,0.386838959212377,0.0,0.0,0.0,0.0,472.37800000000004,0.33219268635724336,0.0,0.0,7.432,0.005226441631504923,0.0,0.0,0.0,0.0,0.0,0.0,16.027,0.011270745428973277,3.8810000000000002,0.0027292545710267233,0.0,0.0,0.0,0.0,0.0,0.0,277.77,0.19533755274261602,26.526,0.018654008438818565,0.0,0.0,25.241,0.017750351617440225,0.0,0.0,1022.4580000000001,0.7190281293952181,88.17299999999999,0.06200632911392404,3.8810000000000002,0.0027292545710267233,287.768,0.20236849507735583,0.0,0.0,0.0,0.0,152.345,0.10713431786216596,241.22,0.16963431786216596,11.692,0.008222222222222223,35.437,0.02492053445850914,94.755,0.06663502109704642,0.0,0.0,3.889,0.0027348804500703233,29.921999999999997,0.021042194092827003,583.967,0.4106659634317862,4.05,0.002848101265822785,0.0,0.0,0.0,0.0,0.0,0.0,0.0,0.0,0.0,0.0,182.267,0.12817651195499297,1017.508,0.7155471167369902,245.27,0.17248241912798876,205.148,0.14426722925457103,0.0,0.0,1133.5919999999999,0.797181434599156,106.288,0.07474542897327707,0.0,0.0,0.0,0.0,0.0,0.0,34.548,0.02429535864978903,0.0,0.0,205.127,0.14425246132208158,71.74,0.05045007032348804,0.021,1.4767932489451477e-05,0.0,0.0,0.0,0.0,1027.871,0.7228347398030943,0.0,0.0,0.0,0.0,0.0,0.0,0.0,0.0,105.721,0.07434669479606189,0.0,0.0,0.0,0.0,0.0,0.0,142.023091,0.09987559142053445,120.200801,0.08452939592123769,1161.573926,0.8168593009845289,18.985225,0.013351072433192687,54.073124,0.03802610689170183,3.738208,0.0026288382559774967,17.34998,0.01220111111111111,27.818972,0.019563271448663853,0.0,0.0,0.0,0.0,22.280332,0.015668306610407877,0.0,0.0
51,2588650,ABUKUMA GAWA,IWANUMA,5265.0,38.09,140.87,38.0896,140.8688,0.1,407.55582721337913,6.19416718027588,40.7555827,5.6629999999999985,3081.12071122214,0.5852081122929039,0.00107559354226021,0.51369646,3.766854517285453,10.897795107289548,1.9350198145488924,32.89719380017201,15.906662004413798,3.209556228660924,0.00014473591692276973,5.77960176264423,0.43176738034511797,0.4724854924164813,11.380288745472006,1.55718749399097,13256.588529999999,153.2034305,57.82239026,102.84046479999999,30.04850609,17376.233490000002,127.272962,234.053,0.04445451092117759,152.917,0.029044064577397912,1275.482,0.24225679012345677,486.204,0.09234643874643875,392.92199999999997,0.07462905982905982,1535.8,0.29169990503323834,27.388,0.005201899335232669,1.5219999999999998,0.0002890788224121557,975.3,0.18524216524216525,84.786,0.016103703703703703,6.482,0.0012311490978157646,66.334,0.012599050332383666,0.0,0.0,0.0,0.0,13.686,0.0025994301994301996,48.982,0.00930332383665717,0.0,0.0,152.917,0.029044064577397912,235.575,0.04474358974358974,1295.651,0.24608755935422602,235.30700000000002,0.04469268755935423,27.388,0.005201899335232669,157.614,0.029936182336182338,151.12,0.02870275403608737,2511.099,0.4769418803418804,486.204,0.09234643874643875,48.982,0.00930332383665717,47.023999999999994,0.008931433998100664,457.108,0.08682013295346629,0.498,9.458689458689458e-05,59.215,0.011246913580246914,1690.2060000000001,0.32102678062678064,439.639,0.08350218423551757,0.0,0.0,646.323,0.12275840455840456,8.597000000000001,0.0016328584995251665,328.088,0.06231490978157645,9.511000000000001,0.0018064577397910733,1184.6480000000001,0.22500436847103517,29.846,0.005668755935422602,404.082,0.07674871794871795,0.0,0.0,0.0,0.0,3.825,0.0007264957264957265,0.0,0.0,68.726,0.013053371320037987,2650.045,0.503332383665717,2589.84,0.4918974358974359,1015.045,0.19279107312440644,679.676,0.12909325735992402,2092.895,0.39751092117758785,411.55199999999996,0.07816752136752136,1109.752,0.21077910731244065,25.824,0.004904843304843305,206.03,0.03913200379867047,134.567,0.025558784425451092,473.645,0.08996106362773029,969.066,0.18405811965811966,251.46200000000002,0.0477610636277303,45.979,0.008732953466286799,24.414,0.004637037037037038,0.0,0.0,1999.87,0.3798423551756885,0.0,0.0,1109.752,0.21077910731244065,0.0,0.0,0.0,0.0,93.025,0.017668566001899335,0.0,0.0,25.824,0.004904843304843305,1.11,0.00021082621082621085,831.692928,0.1579663680911681,667.515762,0.12678362051282052,3341.055718,0.6345784839506173,123.36019499999999,0.023430236467236465,346.13061400000004,0.06574180702754037,46.477278999999996,0.008827593352326685,105.573224,0.020051894396961062,105.317536,0.02000333067426401,0.0,0.0,0.0,0.0,37.402297,0.0071039500474833804,0.0,0.0
52,2588652,ABUKUMA GAWA,FUSHIGURO,3663.4,37.8256,140.5242,37.8312,140.5229,0.6,446.93835245247396,5.73486545550145,7.44897254,2.481,2029.8253125520496,0.5540823586155071,0.000677239722662008,0.50290709,3.850659979171701,10.84769265981875,1.936524188781909,33.306353878673285,15.833555901942727,3.2058094313669843,0.00016326728969656142,5.728633629426506,0.4349267190891907,0.4958526599821692,11.345811691378705,1.5570278940879485,13359.75313,153.197925,57.89358872,102.55945729999999,32.63766959,17368.64884,127.8699122,156.287,0.04266173500027297,95.50399999999999,0.026069771250750665,1022.38,0.27907954359338316,377.351,0.1030056777856636,171.815,0.04690042037451547,1064.4389999999999,0.29056040836381497,0.0,0.0,0.0,0.0,633.15,0.1728312496587869,53.5,0.014603919855871594,0.0,0.0,38.751999999999995,0.010578151444013755,0.0,0.0,0.0,0.0,13.686,0.003735873778457171,35.189,0.00960555767865917,0.0,0.0,95.50399999999999,0.026069771250750665,156.287,0.04266173500027297,1036.066,0.28281541737184035,106.934,0.029189823661079868,0.0,0.0,64.881,0.017710596713435604,92.25200000000001,0.025182071299885353,1697.589,0.4633916580226019,377.351,0.1030056777856636,35.189,0.00960555767865917,47.023999999999994,0.012836163127149641,155.46200000000002,0.0424365343669815,0.0,0.0,59.215,0.016163946061036195,1297.815,0.3542651635093083,419.67,0.11455751487689032,0.0,0.0,465.274,0.12700605994431402,6.114,0.0016689414205382977,328.088,0.08955833378828411,6.9479999999999995,0.001896598788011137,520.6709999999999,0.1421278047715237,24.905,0.006798329420756674,333.899,0.0911445651580499,0.0,0.0,0.0,0.0,3.825,0.00104411202707867,0.0,0.0,66.163,0.01806054484904733,1784.5520000000001,0.48712998853524053,1818.195,0.49631353387563465,680.98,0.18588742698040073,480.586,0.13118578369820386,1401.901,0.3826775672872195,296.827,0.08102500409455697,808.316,0.2206463940601627,8.888,0.0024261614893268547,148.658,0.040579243325872136,93.325,0.025474968608396573,331.92800000000005,0.09060654037233172,680.627,0.18579106840639842,177.979,0.04858301031828356,0.354,9.663154446688868e-05,24.414,0.006664300922640171,0.0,0.0,1329.521,0.3629199650597805,0.0,0.0,808.316,0.2206463940601627,0.0,0.0,0.0,0.0,72.38,0.01975760222743899,0.0,0.0,8.888,0.0024261614893268547,1.11,0.00030299721570126116,634.290369,0.1731425367145275,500.47306900000007,0.1366143661625812,2212.658638,0.6039904564066167,82.05502299999999,0.022398597750723368,272.77088599999996,0.0744583954796091,30.792682,0.008405492711688596,77.550852,0.021169092100234755,62.136874,0.016961531364306382,0.0,0.0,0.0,0.0,29.821889000000002,0.008140494895452313,0.0,0.0
53,2588653,ABUKUMA GAWA,MOTOMIYA,2283.5,37.5122,140.4094,37.5146,140.4062,0.4,432.05628989034597,4.64365768607156,10.8014072,2.48,1159.5405547934802,0.50779091517122,0.00108605211298445,0.53234358,3.7334252028761017,11.131981719016931,1.987464929497465,32.80613627454326,16.080107393617517,3.273797982623928,0.00014940134269350686,6.0342056643300115,0.4448907161657667,0.3317822203813724,11.638132264857235,1.607016154276386,13211.75887,156.1714408,60.19196238,105.08336899999999,30.40572894,17650.06327,128.69944420000002,120.08,0.052585942631924676,73.141,0.03203021677249836,575.861,0.2521834902561857,261.385,0.11446682723888767,102.583,0.04492358222027589,737.1510000000001,0.32281629078169477,0.0,0.0,0.0,0.0,361.795,0.15843880008758485,6.091,0.002667396540398511,0.0,0.0,13.681,0.005991241515217867,0.0,0.0,0.0,0.0,13.686,0.0059934311364134,13.084000000000001,0.005729800744471207,0.0,0.0,73.141,0.03203021677249836,120.08,0.052585942631924676,589.548,0.25817735931683816,60.898999999999994,0.026669148237354934,0.0,0.0,41.684,0.018254433982920953,19.772000000000002,0.00865863805561638,1098.9460000000001,0.4812550908692797,261.385,0.11446682723888767,13.084000000000001,0.005729800744471207,47.023999999999994,0.02059294941975038,55.641999999999996,0.024366980512371357,0.0,0.0,59.215,0.025931683818699366,728.029,0.31882154587256406,391.716,0.17154193124589445,0.0,0.0,308.676,0.13517670243047952,0.0,0.0,80.074,0.03506634552222465,6.9479999999999995,0.0030426976133128966,276.327,0.12101029121961901,9.595,0.004201883074228159,313.231,0.13717144733961026,0.0,0.0,0.0,0.0,3.825,0.0016750602145828772,0.0,0.0,66.163,0.02897438143201226,1107.642,0.48506328005255095,1106.498,0.48456229472301293,560.585,0.24549375957959274,128.239,0.05615896649879571,821.951,0.35995226625793736,148.274,0.06493277862929714,621.254,0.27206218524195314,0.0,0.0,45.696999999999996,0.020011823954455877,12.232000000000001,0.005356689292752354,82.541,0.03614670462010072,560.232,0.24533917232318808,110.52,0.048399386906065246,0.354,0.00015502518064374862,24.414,0.010691482373549376,0.0,0.0,749.711,0.3283166192248741,0.0,0.0,621.254,0.27206218524195314,0.0,0.0,0.0,0.0,72.24,0.03163564703306328,0.0,0.0,0.0,0.0,1.11,0.0004860959054083644,507.40900199999993,0.2222067011167068,286.883139,0.1256330803590979,1290.6680199999998,0.5652148105977666,43.474455,0.019038517626450622,179.411531,0.07856865820013137,17.468492,0.007649876067440334,52.755685,0.023102993212174294,36.481312,0.015976050799211737,0.0,0.0,0.0,0.0,26.099469,0.011429590102912196,0.0,0.0
54,2588654,ABUKUMA GAWA,SUKAGAWA,910.2,37.2978,140.3933,37.2979,140.3938,0.0,444.37936911047296,3.96827284892432,#DIV/0!,0.875,443.323014076276,0.4870611009407561,0.000961327180839376,0.5261876,3.839851471461325,11.393752199585366,2.0204822223016934,34.23252865813305,16.291413920249465,3.311867430554875,0.0003194171423726705,6.374955001137523,0.4497462590257235,0.2289028751236882,11.932023873345456,1.6480357890746868,13740.48089,157.6995754,60.44373673,105.36730359999999,22.37579618,17723.80255,128.8471338,18.424,0.0202417051197539,0.0,0.0,338.478,0.3718721160184575,109.264,0.12004394638540979,26.958000000000002,0.02961766644693474,254.03400000000002,0.2790969017798286,0.0,0.0,0.0,0.0,115.69200000000001,0.12710613052076467,3.82,0.004196879806635904,0.0,0.0,9.494,0.01043067457701604,0.0,0.0,0.0,0.0,0.0,0.0,6.891,0.007570863546473302,0.0,0.0,0.0,0.0,18.424,0.0202417051197539,338.478,0.3718721160184575,17.3,0.019006811689738518,0.0,0.0,9.658,0.01061085475719622,13.314,0.014627554383651944,369.726,0.40620303230059324,109.264,0.12004394638540979,6.891,0.007570863546473302,44.777,0.049194682487365415,28.96,0.03181718303669523,0.0,0.0,58.408,0.06417051197539002,234.16299999999998,0.25726543616787517,202.83700000000002,0.2228488244341903,0.0,0.0,128.748,0.1414502307185234,0.0,0.0,37.561,0.041266754559437485,6.9479999999999995,0.007633487145682267,28.154,0.03093166337068776,0.0,0.0,114.262,0.1255350472423643,0.0,0.0,0.0,0.0,0.0,0.0,0.0,0.0,65.35600000000001,0.0718039991210723,442.079,0.4856943528894748,377.38599999999997,0.4146187651065699,208.018,0.22854098000439463,58.438,0.06420347176444738,304.45799999999997,0.3344957152274225,98.229,0.10792023731048121,215.678,0.23695671281037134,0.0,0.0,15.103,0.01659305647110525,12.232000000000001,0.013438804658316855,43.335,0.047610415293342125,208.018,0.22854098000439463,61.583999999999996,0.06765985497692814,0.0,0.0,24.414,0.026822676334871457,0.0,0.0,239.25900000000001,0.2628642056690837,0.0,0.0,215.678,0.23695671281037134,0.0,0.0,0.0,0.0,65.199,0.07163150955833882,0.0,0.0,0.0,0.0,0.0,0.0,195.358786,0.21463281256866623,122.261872,0.134324183695891,556.185498,0.6110585563612393,10.796654,0.011861847945506482,53.89156800000001,0.059208490441661175,2.945185,0.0032357558778290485,24.268933999999998,0.026663298176225002,15.637926,0.01718075807514832,0.0,0.0,0.0,0.0,18.649245999999998,0.020489173807954293,0.0,0.0
55,2588655,SHIROISHI GAWA,FUNAOKA-OHASHI,796.4,38.06,140.77,38.0604,140.7688,0.1,459.974054285642,8.37490583623805,45.9974054,3.182,555.2311179742051,0.697176190324215,0.00399547965846308,0.483663,3.790881324929064,10.405539444798523,1.833509048624076,35.606934021534514,15.553837821927216,3.0921950302961245,4.74462203562396e-05,5.371471363330753,0.4063793500777006,0.3071564057237288,10.812738501403256,1.4577839485955753,13853.2521,141.4633854,50.45858343,94.72268908,33.80912365,16820.330130000002,125.5018007,56.593,0.07106102461074837,15.725,0.019745102963335006,192.679,0.24193746860873933,20.523000000000003,0.025769713711702665,64.374,0.0808312405826218,219.865,0.2760735811150176,27.388,0.03438975389251633,0.0,0.0,102.167,0.12828603716725265,31.285999999999998,0.039284279256654946,6.482,0.008139126067302863,27.581999999999997,0.03463335007533902,0.0,0.0,0.0,0.0,0.0,0.0,8.742,0.010976896032144653,0.0,0.0,15.725,0.019745102963335006,56.593,0.07106102461074837,199.162,0.2500778503264691,49.542,0.06220743345052738,27.388,0.03438975389251633,14.832,0.018623807132094425,58.869,0.0739188849824209,322.032,0.4043596182822702,20.523000000000003,0.025769713711702665,8.742,0.010976896032144653,0.0,0.0,207.342,0.2603490708186841,0.0,0.0,0.0,0.0,32.116,0.0403264691109995,0.0,0.0,0.0,0.0,7.358,0.009239075841285785,0.0,0.0,0.0,0.0,0.0,0.0,472.219,0.5929419889502763,0.0,0.0,54.372,0.0682722250125565,0.0,0.0,0.0,0.0,0.0,0.0,0.0,0.0,0.0,0.0,479.577,0.6021810647915621,293.83099999999996,0.368949020592667,97.189,0.12203540934203917,197.59400000000002,0.24810899045705678,319.142,0.4007307885484681,62.021,0.07787669512807635,97.463,0.12237945755901557,0.0,0.0,55.876999999999995,0.07016197890507282,25.288,0.03175288799598192,141.717,0.17794701155198395,97.11399999999999,0.12194123556002008,36.733000000000004,0.04612380713209443,0.075,9.417378201908589e-05,0.0,0.0,0.0,0.0,319.142,0.4007307885484681,0.0,0.0,97.463,0.12237945755901557,0.0,0.0,0.0,0.0,0.0,0.0,0.0,0.0,0.0,0.0,0.0,0.0,65.434489,0.08216284404821697,58.197336,0.07307550979407333,641.931488,0.8060415469613259,31.594584,0.03967175288799599,26.882448999999998,0.03375495856353591,7.799305,0.009793200652938223,15.757852,0.01978635359116022,12.943928999999999,0.01625304997488699,0.0,0.0,0.0,0.0,4.085851,0.005130400552486188,0.0,0.0
56,2588700,KITAKAMI GAWA,TOME,7869.4,38.66,141.29,38.6604,141.2854,0.4,404.67877871582886,7.44525951385356,10.1169695,21.0,5594.12443162291,0.710870515112068,0.00266856431239993,0.4094308,4.1991470486962985,9.03668241648037,1.7192601502945155,30.35891394295366,14.026113468470033,2.8803151052469222,0.002308902106376735,3.9524076860449497,0.4059992163087419,0.828958503624438,9.338973796482883,1.317617181608462,14947.611130000001,132.1754449,40.69437478,85.23969903,85.87555237,15352.713719999998,120.26860149999999,99.005,0.012581009988054998,151.61700000000002,0.01926665311205429,2927.788,0.37204717005108395,296.546,0.03768343202785473,547.629,0.06958967646834575,1894.894,0.24079269067527387,65.197,0.008284875594073246,5.471,0.0006952245406257148,727.9789999999999,0.09250756093221846,729.288,0.09267390144102473,55.158,0.007009174778255013,326.92900000000003,0.04154433628993316,99.006,0.012581137062546065,5.75,0.0007306783236333138,84.56700000000001,0.010746308486034514,37.349000000000004,0.004746105166848808,0.0,0.0,157.36700000000002,0.019997331435687604,104.476,0.013276234528680713,3166.5190000000002,0.4023837903779196,387.531,0.04924530459755509,65.197,0.008284875594073246,160.09799999999998,0.020344371870790655,1056.2169999999999,0.13421823773095787,2622.873,0.3333002516074923,296.546,0.03768343202785473,37.349000000000004,0.004746105166848808,1727.606,0.21953465321371388,534.836,0.06796401250412992,61.395,0.007801738379037792,0.0,0.0,994.077,0.12632182885607543,0.0,0.0,0.0,0.0,722.2819999999999,0.09178361755661169,10.187000000000001,0.001294507840496099,1178.246,0.14972501080133177,111.94,0.014224718530002288,2333.458,0.296522987775434,12.963,0.001647266627697156,183.675,0.02334040714666938,0.0,0.0,193.58700000000002,0.02459996950212215,10.04,0.0012758278903092994,0.0,0.0,111.94,0.014224718530002288,6033.026999999999,0.7666438356164382,1929.3239999999998,0.24516786540269905,1282.68,0.16299590820138768,1170.405,0.14872861971687804,3938.534,0.5004872035987497,657.966,0.08361069458916817,1026.286,0.1304147711388416,13.447000000000001,0.0017087706813734213,267.94599999999997,0.03404910158334816,129.77700000000002,0.016491346227158362,877.221,0.11147241212798943,1233.557,0.15675362797671996,523.0169999999999,0.06646211909421303,32.051,0.004072864513177625,5.172999999999999,0.0006573563422878491,25.239,0.0032072330800315147,3561.9509999999996,0.4526331105293923,17.072,0.0021694157114900757,1026.286,0.1304147711388416,0.0,0.0,0.0,0.0,376.583,0.04785409306935726,0.0,0.0,13.447000000000001,0.0017087706813734213,0.0,0.0,1233.295809,0.15672043726332377,541.1835679999999,0.06877062647724096,5598.626206,0.711442575799934,297.88988,0.0378542048949094,313.54263399999996,0.03984327064325107,33.457967,0.004251654128650214,229.332527,0.029142314153556816,146.60169399999998,0.0186293356545607,0.0,0.0,0.0,0.0,21.216423000000002,0.0026960661549800496,0.0,0.0
57,2588701,KITAKAMI GAWA,OIZUMI,7800.0,38.76,141.27,38.7604,141.2729,0.3,412.05762841700897,7.48594447850075,13.7352543,21.0,5466.230367249021,0.7007987650319261,0.00269230769230769,0.40342885,4.237354112975457,8.994658239733116,1.7094709153405117,30.36733485236527,13.991642267078971,2.8731468386313748,0.002493275785447268,3.9020342704134316,0.4003130206483127,0.8527920903774975,9.301424088977589,1.3040436850794226,15032.727519999999,131.5703259,40.23009066,84.74025974,87.73180593,15277.715390000001,120.12215139999999,92.096,0.011807179487179487,146.766,0.018816153846153844,2838.08,0.36385641025641025,270.409,0.03466782051282051,521.803,0.06689782051282052,1888.194,0.24207615384615383,65.197,0.008358589743589743,5.471,0.0007014102564102564,702.434,0.09005564102564102,729.288,0.09349846153846154,55.158,0.007071538461538462,326.92900000000003,0.041913974358974364,99.006,0.012693076923076923,5.75,0.0007371794871794872,84.56700000000001,0.010841923076923077,24.478,0.003138205128205128,0.0,0.0,152.515,0.019553205128205128,97.56700000000001,0.012508589743589744,3076.8109999999997,0.3944629487179487,367.42199999999997,0.04710538461538461,65.197,0.008358589743589743,154.381,0.019792435897435897,1056.2169999999999,0.13541243589743587,2590.6279999999997,0.33213179487179484,270.409,0.03466782051282051,24.478,0.003138205128205128,1622.1870000000001,0.20797269230769233,534.836,0.06856871794871795,34.124,0.004374871794871795,0.0,0.0,994.077,0.12744576923076922,0.0,0.0,0.0,0.0,682.2260000000001,0.0874648717948718,10.187000000000001,0.0013060256410256411,1178.246,0.1510571794871795,111.94,0.014351282051282051,2318.041,0.2971847435897436,12.963,0.001661923076923077,183.675,0.023548076923076925,0.0,0.0,193.58700000000002,0.024818846153846157,0.0,0.0,0.0,0.0,111.94,0.014351282051282051,5834.8240000000005,0.748054358974359,1929.3239999999998,0.24734923076923074,1207.23,0.15477307692307693,1170.405,0.15005192307692308,3864.842,0.4954925641025641,657.676,0.0843174358974359,976.565,0.12520064102564105,10.558,0.0013535897435897435,267.94599999999997,0.03435205128205128,129.77700000000002,0.016638076923076926,877.221,0.11246423076923077,1190.1580000000001,0.15258435897435899,522.727,0.06701628205128204,0.0,0.0,5.172999999999999,0.0006632051282051281,25.239,0.003235769230769231,3489.535,0.44737628205128205,17.072,0.0021887179487179486,976.565,0.12520064102564105,0.0,0.0,0.0,0.0,375.30699999999996,0.048116282051282044,0.0,0.0,10.558,0.0013535897435897435,0.0,0.0,1183.47094,0.1517270435897436,531.139137,0.06809476115384615,5465.534671,0.7007095732051283,297.387673,0.03812662474358974,304.418379,0.03902799730769231,32.915368,0.004219918974358974,227.84571499999998,0.0292109891025641,139.838313,0.017927988846153847,0.0,0.0,0.0,0.0,21.216423000000002,0.002720054230769231,0.0,0.0
58,2588702,KITAKAMI GAWA,KOZENJI,7065.0,38.95,141.17,38.9521,141.1729,0.3,440.52021510109,7.74077908632069,14.6840072,20.998,4730.054834704361,0.6695052844592161,0.0029721160651097,0.3898387,4.309516301653232,8.794916563176667,1.6800162435663546,30.75267731517818,13.822552086218504,2.8494062916964094,0.0023676612424955216,3.6717085488932115,0.3849474387913307,0.8677820372343442,9.124078891371994,1.2740686417076057,15292.936909999999,129.0462831,38.24437482,82.60096839,95.56878382,15102.55511,119.93264029999999,68.193,0.009652229299363057,32.01,0.004530785562632696,2485.843,0.35185322009907993,200.91099999999997,0.02843750884642604,420.666,0.05954225053078556,1658.976,0.23481613588110406,65.197,0.009228167020523708,5.471,0.0007743807501769286,566.105,0.08012809624911536,678.498,0.09603651804670914,55.158,0.007807218683651805,296.681,0.0419930644019816,99.006,0.014013588110403397,5.75,0.0008138711960368011,84.56700000000001,0.011969851380042465,23.053,0.0032629865534324135,0.0,0.0,37.76,0.005344656758669498,73.664,0.010426610049539986,2724.575,0.38564401981599433,284.257,0.0402345364472753,65.197,0.009228167020523708,136.409,0.01930771408351026,975.179,0.13802958244869074,2225.081,0.31494423213021944,200.91099999999997,0.02843750884642604,23.053,0.0032629865534324135,1289.509,0.18252073602264685,504.06800000000004,0.07134720452937014,8.606,0.0012181174805378627,0.0,0.0,725.2760000000001,0.10265760792639775,0.0,0.0,0.0,0.0,610.135,0.08636022646850672,10.187000000000001,0.0014418966737438077,1178.246,0.1667722576079264,79.664,0.0112758669497523,1973.807,0.2793782024062279,9.801,0.0013872611464968152,183.675,0.025997876857749472,0.0,0.0,193.58700000000002,0.027400849256900214,0.0,0.0,0.0,0.0,79.664,0.0112758669497523,5060.303,0.7162495399858457,1626.594,0.2302326963906582,1047.05,0.14820240622788391,1059.518,0.14996716206652513,3571.0209999999997,0.5054523708421798,596.453,0.08442363765038924,492.452,0.06970304317055909,2.96,0.000418966737438075,255.785,0.036204529370134464,95.079,0.013457749469214436,778.4939999999999,0.11019023354564754,1029.978,0.1457859872611465,498.95099999999996,0.07062292993630573,0.0,0.0,2.4219999999999997,0.0003428167020523708,25.239,0.0035723991507431,3221.645,0.4560007077140835,17.072,0.002416418966737438,492.452,0.06970304317055909,0.0,0.0,0.0,0.0,349.376,0.04945166312809625,0.0,0.0,2.96,0.000418966737438075,0.0,0.0,1006.3381539999999,0.14243993687190373,422.830637,0.05984863934890305,4711.072394,0.666818456334041,274.976171,0.03892090176928521,264.043854,0.03737351082802548,28.485615999999997,0.004031934324133049,209.85723199999998,0.029703783722576076,123.837395,0.017528293701344656,0.0,0.0,0.0,0.0,19.431729999999998,0.0027504217975937717,0.0,0.0
59,2588703,KITAKAMI GAWA,SAKURAGI-BASHI,6006.0,39.16,141.16,39.1604,141.1646,0.4,463.41646044285005,7.9413462036965,11.5854115,20.998,4410.07842898505,0.7342787927048041,0.0034961704961705,0.38035946,4.394738626591441,8.639115792363636,1.671580422711519,30.98134632102889,13.690448412315247,2.844367482617982,0.002369358062964909,3.4976299643954283,0.3823104387811882,0.8896552191407427,8.93759093835355,1.2580195679156292,15481.49278,127.32955430000001,36.60195683,81.08495108,100.4075167,15043.551790000001,119.99751509999999,68.193,0.011354145854145854,2.833,0.0004716949716949717,2266.331,0.37734448884448885,173.622,0.02890809190809191,339.999,0.056609890109890114,1531.235,0.25495088245088243,65.197,0.010855311355311356,0.0,0.0,527.698,0.08786180486180485,678.498,0.11297002997002997,39.031,0.006498667998667999,283.60900000000004,0.04722094572094573,89.436,0.014891108891108892,5.75,0.0009573759573759574,69.02199999999999,0.011492174492174491,23.053,0.0038383283383283387,0.0,0.0,8.582,0.001428904428904429,68.193,0.011354145854145854,2463.82,0.4102264402264403,235.503,0.03921128871128871,65.197,0.010855311355311356,104.495,0.0173984348984349,962.1080000000001,0.1601911421911422,2058.933,0.3428126873126873,173.622,0.02890809190809191,23.053,0.0038383283383283387,1274.396,0.21218714618714618,501.7,0.08353313353313353,8.606,0.001432900432900433,0.0,0.0,679.553,0.11314568764568765,0.0,0.0,0.0,0.0,521.639,0.08685298035298035,10.187000000000001,0.0016961371961371962,1096.096,0.1825001665001665,0.11599999999999999,1.9314019314019312e-05,1712.674,0.28516050616050614,0.0,0.0,183.675,0.030581918081918083,0.0,0.0,193.58700000000002,0.032232267732267735,0.0,0.0,0.0,0.0,0.11599999999999999,1.9314019314019312e-05,4613.412,0.7681338661338661,1568.7020000000002,0.26118914418914424,933.94,0.15550116550116552,1059.518,0.17640992340992342,3393.0040000000004,0.564935730935731,490.35,0.08164335664335665,305.41700000000003,0.05085198135198136,0.0,0.0,255.785,0.04258824508824509,82.34,0.01370962370962371,778.4939999999999,0.1296193806193806,916.868,0.15265867465867466,405.588,0.06753046953046954,0.0,0.0,2.4219999999999997,0.0004032634032634032,25.239,0.0042022977022977024,3050.493,0.5079075924075924,17.072,0.0028424908424908423,305.41700000000003,0.05085198135198136,0.0,0.0,0.0,0.0,342.51099999999997,0.057028138528138525,0.0,0.0,0.0,0.0,0.0,0.0,844.5221970000001,0.14061308641358644,396.990538,0.06609899067599068,4385.596514,0.7302025497835497,263.047717,0.043797488677988675,231.18393799999998,0.038492164169164164,24.323632,0.0040498887778887774,198.306064,0.03301799267399267,108.04483799999998,0.017989483516483513,0.0,0.0,0.0,0.0,17.422937,0.0029009219114219118,0.0,0.0
60,2588704,KITAKAMI GAWA,OTOKOYAMA,5458.7,39.26,141.13,39.2604,141.1229,0.6,478.80803510741,8.10945403025304,7.98013392,20.311,4002.5484782994,0.7332420683128579,0.00372084928646015,0.38263801,4.365458760646332,8.572096077177553,1.670390460242789,30.92224078430221,13.641852795754179,2.8467054608067057,0.0019066075244739075,3.414474483539918,0.3808513405683516,0.8624073474378853,8.875650872382582,1.2587673331069211,15510.087019999999,126.1826316,34.99192982,79.87035088,99.89754386,15050.07298,120.17964909999999,63.483000000000004,0.011629692051220988,2.833,0.0005189880374448129,2038.9620000000002,0.3735251983072893,125.836,0.02305237510762636,281.57,0.0515818784692326,1399.0639999999999,0.2562998516130214,46.878,0.008587758990235771,0.0,0.0,486.204,0.08906955868613406,595.455,0.10908366460878965,35.591,0.006520050561489,236.863,0.04339183322036382,73.40899999999999,0.01344807371718541,5.75,0.0010533643541502556,42.925,0.00786359389598256,23.053,0.004223166688039277,0.0,0.0,8.582,0.0015721691977943469,63.483000000000004,0.011629692051220988,2190.887,0.40135691648194627,197.012,0.03609137706780003,46.878,0.008587758990235771,84.55799999999999,0.015490501401432575,832.319,0.15247568102295417,1885.2679999999998,0.34536941029915547,125.836,0.02305237510762636,23.053,0.004223166688039277,1230.833,0.22548097532379507,438.25199999999995,0.08028504955392309,8.606,0.0015765658490116694,0.0,0.0,615.735,0.11279883488742741,0.0,0.0,0.0,0.0,469.48199999999997,0.0860061919504644,10.187000000000001,0.0018661952479528095,945.587,0.17322567644310916,0.0,0.0,1384.931,0.25371077362742045,0.0,0.0,181.322,0.03321706633447524,0.0,0.0,187.105,0.034276476084049316,0.0,0.0,0.0,0.0,0.0,0.0,4039.441,0.7400005495814022,1432.601,0.2624436221078279,827.408,0.15157601626760953,953.711,0.17471394288017295,3202.322,0.5866455383149835,352.379,0.06455364830454138,136.221,0.02495484272812208,0.0,0.0,255.785,0.04685822631762141,72.872,0.013349698646197812,672.687,0.12323208822613443,810.336,0.14844853170168723,277.084,0.05076007107919468,0.0,0.0,2.4219999999999997,0.00044369538534815977,25.239,0.004623628336417096,2864.79,0.5248117683697584,17.072,0.0031274845659222893,136.221,0.02495484272812208,0.0,0.0,0.0,0.0,337.532,0.061833769945225055,0.0,0.0,0.0,0.0,0.0,0.0,660.954121,0.12108269752871563,346.817013,0.06353472676644623,3982.180254,0.7295107358894976,240.17686600000002,0.04399891292798652,190.568975,0.03491105482990456,20.959734,0.003839693333577592,184.760674,0.03384701009397842,91.409992,0.016745743858427833,0.0,0.0,0.0,0.0,15.715361999999999,0.00287895689449869,0.0,0.0
61,2588705,KITAKAMI GAWA,ASAHI-BASHI,4228.6,39.38,141.13,39.3812,141.1312,0.2,487.311939351838,7.81175643230847,24.365597,16.396,3198.7941093157397,0.756466468645826,0.00387740623374166,0.41013057,4.064717393421935,8.458667213007441,1.6670648513669355,30.138373932420755,13.583757063338618,2.8461839234089505,0.001254332806249758,3.2498664715766985,0.3746705719083505,0.598929622515727,8.743492785522362,1.251486791507802,14463.85801,125.8316017,33.41212121,79.23419913,79.33008658,15290.853680000002,120.9002165,51.668,0.012218701224991722,2.833,0.0006699616894480443,1897.0539999999999,0.4486246038878115,83.51700000000001,0.019750508442510525,212.025,0.05014070850872629,1015.4169999999999,0.2401307761434044,46.878,0.011085938608522914,0.0,0.0,423.284,0.10010026959277302,436.59,0.10324693752069242,31.333000000000002,0.007409781014993142,103.961,0.024585205505368204,73.40899999999999,0.017360119188383857,5.75,0.0013597881095398002,0.0,0.0,18.82,0.00445064560374592,0.0,0.0,8.582,0.002029513314099229,51.668,0.012218701224991722,2001.796,0.47339450409118855,154.392,0.03651137492314241,46.878,0.011085938608522914,57.633,0.01362933358558388,540.5509999999999,0.1278321430260606,1438.701,0.3402310457361774,83.51700000000001,0.019750508442510525,18.82,0.00445064560374592,1230.833,0.2910734049094263,400.214,0.09464456321241072,8.606,0.002035188951426004,0.0,0.0,606.59,0.1434493685853474,0.0,0.0,0.0,0.0,408.231,0.09654046256444213,0.0,0.0,802.551,0.1897911838433524,0.0,0.0,642.4069999999999,0.15191954784089293,0.0,0.0,130.168,0.03078276498131769,0.0,0.0,187.105,0.0442475050844251,0.0,0.0,0.0,0.0,0.0,0.0,3092.6279999999997,0.7313597881095397,1324.0770000000002,0.31312420186350093,595.124,0.14073783285248073,896.163,0.21192900723643757,2531.84,0.5987419003925649,299.377,0.07079813649907771,94.20100000000001,0.02227711299247978,0.0,0.0,255.785,0.060489287234545705,72.872,0.017233126803197274,615.139,0.1454710778981223,578.0509999999999,0.13670032634914625,224.082,0.05299200681076478,0.0,0.0,2.4219999999999997,0.0005727664002270254,25.239,0.005968642103769569,2207.791,0.5221092087215626,17.072,0.004037270018445821,94.20100000000001,0.02227711299247978,0.0,0.0,0.0,0.0,324.04900000000004,0.07663269167100223,0.0,0.0,0.0,0.0,0.0,0.0,511.15376299999997,0.12088014070850871,326.08471299999997,0.07711410703306057,3169.741568,0.7495959816487726,208.651418,0.049342907345220635,155.959461,0.03688205576313673,17.730291,0.004192945892257485,172.952791,0.04090072151539516,66.90489000000001,0.01582199545949014,0.0,0.0,0.0,0.0,13.761113,0.003254295275031925,0.0,0.0
62,2588706,KITAKAMI GAWA,FUNADA-BASHI,1078.5,39.83,141.16,39.8312,141.1562,0.3,586.7553149874141,6.44499441026122,19.5585105,5.015,811.469357566323,0.752405523937249,0.00464997681965693,0.43465198,3.839613162053948,7.677963763524097,1.6688954670077483,28.96326361824407,13.027601848164625,2.8750717003026347,0.0004892303545439872,2.2634795595027057,0.3668504941039609,0.5695222782328854,7.992066564763218,1.2453494768495916,13261.62407,117.08713689999999,21.77925311,70.41161826,84.71618257,15454.56515,122.4058091,0.0,0.0,0.0,0.0,665.799,0.6173379694019471,8.118,0.007527121001390821,0.0,0.0,161.922,0.15013630041724618,8.15,0.00755679184051924,0.0,0.0,65.19800000000001,0.0604524802967084,95.943,0.0889596662030598,17.125,0.015878535002318034,24.495,0.02271210013908206,58.751999999999995,0.05447566063977746,5.75,0.005331478905887807,0.0,0.0,4.598,0.004263328697264719,0.0,0.0,5.75,0.005331478905887807,0.0,0.0,741.676,0.6876921650440427,0.0,0.0,8.15,0.00755679184051924,0.0,0.0,120.43799999999999,0.11167176634214185,227.12,0.21058878071395457,8.118,0.007527121001390821,4.598,0.004263328697264719,408.287,0.37856930922577653,235.632,0.21848122392211405,0.0,0.0,0.0,0.0,59.521,0.055188687992582294,0.0,0.0,0.0,0.0,98.096,0.09095595734816876,0.0,0.0,314.222,0.29135095039406583,0.0,0.0,0.038,3.523412146499768e-05,0.0,0.0,0.053,4.914232730644413e-05,0.0,0.0,0.0,0.0,0.0,0.0,0.0,0.0,0.0,0.0,820.6410000000001,0.7609095966620306,295.207,0.2737199814557255,33.806,0.03134538711172925,556.008,0.515538247566064,444.714,0.41234492350486784,81.322,0.07540287436254056,0.0,0.0,0.0,0.0,142.601,0.13222160407974037,53.403,0.04951599443671766,388.168,0.3599146963375058,33.806,0.03134538711172925,25.497,0.023641168289290682,0.0,0.0,2.4219999999999997,0.0022457116365322202,25.239,0.023401947148817805,314.68,0.2917756142790913,0.0,0.0,0.0,0.0,0.0,0.0,0.0,0.0,130.034,0.12056930922577654,0.0,0.0,0.0,0.0,0.0,0.0,99.91630500000001,0.09264376912378304,132.56586000000001,0.12291688456189152,823.369747,0.7634397283263792,73.557366,0.06820339916550765,24.471629,0.022690430227167362,3.6058339999999998,0.0033433787668057484,40.635874,0.03767814000927214,11.993164,0.011120226240148355,0.0,0.0,0.0,0.0,6.879917,0.006379153453871117,0.0,0.0
63,2588707,SARUGAISHI GAWA,YASUNO,959.9,39.39,141.16,39.3854,141.1562,0.6,516.7699937629519,8.80411685248281,8.61283323,2.8280000000000003,764.670980518807,0.7966152521291869,0.00294614022293989,0.49073989,3.5688115048733,8.964999017265395,1.7513581553468185,31.495009969503823,14.073864546917846,2.9419410130699015,0.00010496929529134192,3.8368832055426014,0.3795453047822563,0.22903097468819186,9.277507999716834,1.3222778199108107,13302.2973,127.6312741,35.70656371,80.32818533,53.94305019,15248.33205,120.88803090000002,14.5,0.015105740181268883,0.0,0.0,586.656,0.6111636628815501,6.591,0.006866340243775393,35.969,0.037471611626211064,120.275,0.12529951036566309,28.043000000000003,0.02921450151057402,0.0,0.0,76.604,0.07980414626523596,71.25,0.07422648192520054,0.0,0.0,6.422000000000001,0.006690280237524743,0.0,0.0,0.0,0.0,0.0,0.0,0.0,0.0,0.0,0.0,0.0,0.0,14.5,0.015105740181268883,586.656,0.6111636628815501,7.742999999999999,0.008066465256797583,28.043000000000003,0.02921450151057402,28.226,0.02940514636941348,77.672,0.08091676216272528,196.88,0.20510469840608397,6.591,0.006866340243775393,0.0,0.0,234.18599999999998,0.2439691634545265,0.0,0.0,8.606,0.00896551724137931,0.0,0.0,483.02099999999996,0.5031992915928742,0.0,0.0,0.0,0.0,71.861,0.07486300656318368,0.0,0.0,0.0,0.0,0.0,0.0,81.85300000000001,0.0852724242108553,0.0,0.0,0.0,0.0,0.0,0.0,71.545,0.0745338056047505,0.0,0.0,0.0,0.0,0.0,0.0,396.506,0.41307011146994477,554.566,0.5777330971976248,73.459,0.076527763308678,0.0,0.0,787.051,0.8199302010626107,65.624,0.06836545473486821,24.938000000000002,0.02597978956141265,0.0,0.0,0.0,0.0,18.906,0.01969580164600479,0.0,0.0,73.459,0.076527763308678,46.718999999999994,0.04867069486404833,0.0,0.0,0.0,0.0,0.0,0.0,706.943,0.7364756745494322,0.0,0.0,24.938000000000002,0.02597978956141265,0.0,0.0,0.0,0.0,80.108,0.08345452651317846,0.0,0.0,0.0,0.0,0.0,0.0,86.039723,0.08963404833836858,55.963471,0.058301355349515575,770.445439,0.8026309396812168,52.285046,0.05446926346494427,16.377319,0.017061484529638505,3.468989,0.003613906656943432,65.242636,0.06796815918324826,14.357709,0.014957504948432128,0.0,0.0,0.0,0.0,0.0,0.0,0.0,0.0
64,2588708,HONNAI GAWA,HIROOMOTE,885.5,39.29,141.07,39.2896,141.0687,0.1,496.8924373800809,10.0839647605182,49.6892437,3.915,777.637209464083,0.8781899598690941,0.00442123094297007,0.28563764,5.921236081721744,8.841671680353313,1.6913278870717974,37.97836871937419,13.723708071596546,2.8758872048854234,0.0014798305852050909,3.84796081429447,0.3966494692662728,1.6545064880592524,9.056411334114252,1.272722338747476,20937.23931,123.58248470000001,38.36456212,78.97657841,207.7830957,13867.45825,117.2423625,0.0,0.0,0.0,0.0,116.12,0.13113495200451722,36.405,0.04111236589497459,12.769,0.014420101637492942,374.36400000000003,0.4227713156408809,0.0,0.0,0.0,0.0,60.263000000000005,0.06805533596837945,158.865,0.17940711462450593,4.257,0.004807453416149068,132.903,0.15008808582721625,0.0,0.0,0.0,0.0,16.62,0.018769057029926595,0.0,0.0,0.0,0.0,0.0,0.0,0.0,0.0,136.996,0.15471033314511576,4.946000000000001,0.005585544889892716,0.0,0.0,7.8229999999999995,0.008834556747600225,291.768,0.32949520045172215,434.62699999999995,0.49082665160926026,36.405,0.04111236589497459,0.0,0.0,0.0,0.0,38.038000000000004,0.04295652173913044,0.0,0.0,0.0,0.0,9.145,0.010327498588368154,0.0,0.0,0.0,0.0,22.315,0.025200451722190854,10.187000000000001,0.011504234895539246,61.415,0.069356295878035,0.0,0.0,720.311,0.8134511575381141,0.0,0.0,51.153999999999996,0.05776849237718803,0.0,0.0,0.0,0.0,0.0,0.0,0.0,0.0,0.0,0.0,804.041,0.90800790513834,108.524,0.12255674760022586,113.414,0.1280790513833992,57.548,0.06498927159796725,669.1569999999999,0.755682665160926,44.646,0.05041897233201581,27.801,0.03139582156973461,0.0,0.0,0.0,0.0,0.0,0.0,57.548,0.06498927159796725,113.414,0.1280790513833992,44.646,0.05041897233201581,0.0,0.0,0.0,0.0,0.0,0.0,655.674,0.7404562394127612,0.0,0.0,27.801,0.03139582156973461,0.0,0.0,0.0,0.0,13.482999999999999,0.015226425748164877,0.0,0.0,0.0,0.0,0.0,0.0,85.90744699999999,0.09701575042348955,12.36273,0.013961298701298702,834.04048,0.9418864822134387,31.136340999999998,0.03516244042913608,11.866683,0.013401110107284021,1.3557059999999999,0.001531006211180124,7.702031,0.008697945793337098,17.766794,0.02006413777526821,0.0,0.0,0.0,0.0,1.655144,0.0018691631846414454,0.0,0.0
65,2588709,EAI GAWA,ARAO,405.0,38.58,140.98,38.5854,140.9812,0.6,392.27075175351797,8.925204609213788,6.53784586,0.873,335.515780748195,0.8284340265387529,0.0021555555555555607,0.38408145,4.5232575014376435,9.405381246685014,1.7372992884468492,34.047604113464224,14.167092297627876,2.968193255955688,5.2144208437907126e-05,4.482489964220628,0.3883022474273112,0.8095190590596498,9.745066617958623,1.3477242212715348,17143.05814,134.72868219999998,49.82364341,90.81976744,84.44573643,15284.91085,120.18992250000001,15.199000000000002,0.0375283950617284,0.0,0.0,112.92299999999999,0.2788222222222222,20.397000000000002,0.05036296296296297,25.74,0.06355555555555555,170.454,0.42087407407407407,0.0,0.0,0.0,0.0,38.435,0.09490123456790124,17.090999999999998,0.042199999999999994,4.5680000000000005,0.011279012345679013,32.816,0.08102716049382716,0.0,0.0,0.0,0.0,0.0,0.0,6.447,0.01591851851851852,0.0,0.0,0.0,0.0,15.199000000000002,0.0375283950617284,117.491,0.2901012345679012,8.851,0.021854320987654323,0.0,0.0,16.889,0.04170123456790123,49.858000000000004,0.12310617283950619,208.888,0.5157728395061728,20.397000000000002,0.05036296296296297,6.447,0.01591851851851852,0.0,0.0,35.009,0.08644197530864198,0.0,0.0,0.0,0.0,19.980999999999998,0.0493358024691358,36.028,0.08895802469135802,0.0,0.0,32.044000000000004,0.079120987654321,0.0,0.0,1.682,0.004153086419753086,0.0,0.0,255.352,0.6304987654320988,0.0,0.0,68.351,0.1687679012345679,0.0,0.0,0.0,0.0,0.0,0.0,0.0,0.0,0.0,0.0,325.106,0.8027308641975308,123.34100000000001,0.3045456790123457,80.27199999999999,0.19820246913580244,19.622,0.048449382716049386,277.413,0.6849703703703705,29.599,0.07308395061728395,41.541000000000004,0.10257037037037038,0.0,0.0,19.622,0.048449382716049386,0.0,0.0,0.0,0.0,73.877,0.18241234567901232,24.519000000000002,0.06054074074074074,0.696,0.0017185185185185183,5.081,0.01254567901234568,0.0,0.0,277.413,0.6849703703703705,5.699,0.014071604938271604,41.541000000000004,0.10257037037037038,0.0,0.0,0.0,0.0,0.0,0.0,0.0,0.0,0.0,0.0,0.0,0.0,60.009347999999996,0.1481712296296296,14.491844,0.035782330864197534,408.520612,1.0086928691358026,7.921278999999999,0.01955871358024691,21.487525,0.05305561728395062,2.261937,0.00558502962962963,8.228388,0.020317007407407408,14.614434,0.03608502222222222,0.0,0.0,0.0,0.0,2.459362,0.006072498765432099,0.0,0.0
66,2588800,KANO GAWA,TOKURA,568.0,35.09,138.9,35.0938,138.9021,0.5,355.74859116875086,8.4197744495495,7.11497182,0.041,363.151160890456,0.6393506353705211,7.21830985915493e-05,0.34994437,6.882369034643995,14.712389084020323,2.4084463095589506,69.70906890996628,19.168040937566055,3.6541695310494458,0.0,10.341818917342916,0.6543605181543158,0.03675230341353188,15.187620880211025,2.158528312758126,25872.608780000002,181.43327240000002,99.40219378,136.6453382,9.248628885,18284.59415,130.738574,0.0,0.0,0.0,0.0,214.1,0.37693661971830983,16.559,0.029153169014084507,33.736999999999995,0.05939612676056337,102.617,0.1806637323943662,0.0,0.0,0.0,0.0,118.15299999999999,0.20801584507042253,0.0,0.0,0.0,0.0,0.0,0.0,0.7140000000000001,0.001257042253521127,0.0,0.0,31.676,0.055767605633802814,5.642,0.009933098591549297,0.0,0.0,0.0,0.0,0.0,0.0,246.49099999999999,0.43396302816901405,19.125,0.03367077464788732,0.0,0.0,14.613,0.025727112676056336,0.0,0.0,220.771,0.388681338028169,16.559,0.029153169014084507,5.642,0.009933098591549297,0.0,0.0,297.08,0.5230281690140844,0.0,0.0,0.0,0.0,0.0,0.0,0.0,0.0,0.0,0.0,37.863,0.06666021126760563,99.646,0.1754330985915493,14.753,0.025973591549295776,0.0,0.0,75.373,0.13269894366197185,0.0,0.0,0.0,0.0,0.0,0.0,0.0,0.0,0.0,0.0,0.0,0.0,0.0,0.0,127.988,0.22533098591549297,396.726,0.6984612676056338,62.475,0.10999119718309859,380.654,0.6701654929577465,25.695999999999998,0.045239436619718305,55.888999999999996,0.09839612676056338,0.0,0.0,0.0,0.0,13.174000000000001,0.023193661971830988,40.582,0.07144718309859155,367.48,0.6469718309859155,62.475,0.10999119718309859,15.307,0.02694894366197183,0.0,0.0,0.0,0.0,0.0,0.0,25.695999999999998,0.045239436619718305,0.0,0.0,0.0,0.0,0.0,0.0,0.0,0.0,0.0,0.0,0.0,0.0,0.0,0.0,0.0,0.0,37.316891999999996,0.06569875352112675,40.735877,0.07171809330985916,416.907098,0.7339913697183099,13.204796,0.023247880281690142,51.623307000000004,0.09088610387323945,1.465415,0.002579955985915493,8.372187,0.014739765845070424,6.739692999999999,0.011865656690140844,0.0,0.0,0.2847,0.0005012323943661973,18.435481,0.03245683274647887,0.0,0.0
67,2588900,ABE KAWA,TEGOSHI,537.3,34.96,138.37,34.9604,138.3688,0.1,593.718449541979,16.4658677386781,59.371845,0.0,456.04090452006403,0.848764013623793,0.0,0.2877278,7.80673608478242,13.761796786652255,2.2462150331033386,79.11023034349827,18.216066713393094,3.5354790142425423,5.044720445417446e-06,9.461403404880338,0.5371274061390654,0.010553781427787094,14.376583961175461,1.9610541498548053,29293.51805,174.9638989,75.61371841,120.38267150000001,8.518050542000001,18984.68953,135.31046930000002,0.0,0.0,3.2960000000000003,0.006134375581611763,7.1,0.01321421924437,0.001,1.8611576400521126e-06,32.792,0.06103108133258888,315.323,0.5868658105341522,0.0,0.0,0.0,0.0,163.83,0.30491345616973764,6.215,0.01156709473292388,0.0,0.0,2.524,0.004697561883491532,0.0,0.0,0.0,0.0,0.0,0.0,0.0,0.0,0.0,0.0,3.2960000000000003,0.006134375581611763,0.0,0.0,7.1,0.01321421924437,2.009,0.003739065698864694,0.0,0.0,30.783,0.057292015633724186,8.738,0.016262795458775358,479.153,0.89177926670389,0.001,1.8611576400521126e-06,0.0,0.0,0.0,0.0,0.0,0.0,132.59,0.24677089149450962,0.0,0.0,0.0,0.0,0.0,0.0,0.0,0.0,24.646,0.04587009119672437,61.32,0.11412618648799554,0.0,0.0,0.0,0.0,0.594,0.0011055276381909548,0.0,0.0,0.0,0.0,314.536,0.5854010794714313,0.0,0.0,0.0,0.0,0.0,0.0,0.0,0.0,472.36699999999996,0.8791494509584962,61.32,0.11412618648799554,59.383,0.11052112413921461,0.0,0.0,467.209,0.8695495998511075,6.432,0.011970965940815188,0.0,0.0,0.662,0.0012320863577144985,0.0,0.0,0.0,0.0,0.0,0.0,59.383,0.11052112413921461,6.432,0.011970965940815188,0.0,0.0,0.0,0.0,0.0,0.0,445.131,0.8284589614740369,0.0,0.0,0.0,0.0,0.0,0.0,0.0,0.0,22.078000000000003,0.04109063837707055,0.0,0.0,0.662,0.0012320863577144985,0.0,0.0,5.033947,0.009368968918667413,38.59807,0.07183709287176625,509.85413,0.948918909361623,4.815956,0.008963253303554812,22.830085,0.04249038712078913,0.929199,0.001729385817978783,3.261039,0.006069307649357901,21.850835999999997,0.040667850362925737,0.0,0.0,0.0,0.0,0.0,0.0,0.0,0.0
68,2588910,OI GAWA,KANZA,1160.0,34.88,138.12,34.8812,138.1062,1.3,1203.8729499925398,21.2055491694673,9.26056115,6.005,1081.43426856782,0.932270921179155,0.00517672413793103,0.3044577,7.138077608870666,10.266047908476905,2.1732426789410075,67.09901800242,14.771700170962125,3.4189604903066795,0.0004170732988036801,5.912412989709277,0.5480852984525989,0.09941350011453234,10.960071901245556,1.83020602520042,27613.06162,138.0024979,36.62697752,82.68942548,19.34221482,18936.8776,141.8051624,0.0,0.0,1.1320000000000001,0.0009758620689655173,1.32,0.0011379310344827587,0.0,0.0,0.013000000000000001,1.120689655172414e-05,655.7330000000001,0.5652870689655173,16.096,0.013875862068965517,0.0,0.0,182.15,0.15702586206896552,144.161,0.12427672413793103,0.0,0.0,140.06799999999998,0.12074827586206895,0.0,0.0,0.0,0.0,0.0,0.0,0.0,0.0,0.0,0.0,1.1320000000000001,0.0009758620689655173,0.0,0.0,1.32,0.0011379310344827587,0.0,0.0,16.096,0.013875862068965517,0.013000000000000001,1.120689655172414e-05,284.22900000000004,0.24502500000000005,837.883,0.7223129310344828,0.0,0.0,0.0,0.0,223.641,0.19279396551724137,0.0,0.0,917.18,0.7906724137931034,0.0,0.0,0.0,0.0,0.0,0.0,0.0,0.0,0.009000000000000001,7.758620689655173e-06,0.0,0.0,0.0,0.0,0.0,0.0,0.057999999999999996,4.9999999999999996e-05,0.0,0.0,0.0,0.0,10.827,0.009333620689655172,0.0,0.0,0.0,0.0,0.0,0.0,0.0,0.0,1151.714,0.992856896551724,0.0,0.0,27.910999999999998,0.024061206896551723,0.0,0.0,1106.973,0.9542870689655172,16.83,0.014508620689655171,0.0,0.0,0.0,0.0,0.0,0.0,0.0,0.0,0.0,0.0,27.910999999999998,0.024061206896551723,16.83,0.014508620689655171,0.0,0.0,0.0,0.0,0.0,0.0,1060.779,0.9144646551724138,0.0,0.0,0.0,0.0,0.0,0.0,0.0,0.0,46.193999999999996,0.039822413793103445,0.0,0.0,0.0,0.0,0.0,0.0,1.003379,0.0008649818965517242,22.218971,0.019154285344827587,1201.826641,1.036057449137931,36.120137,0.031138049137931036,6.206729,0.005350628448275862,0.771058,0.0006647051724137931,1.043979,0.0008999818965517241,37.563307,0.032382161206896555,0.0,0.0,0.0,0.0,0.0,0.0,0.0,0.0
69,2588920,MIYA-KAWA,IWADE,780.0,34.46,136.66,34.4646,136.6562,0.6,387.443473271238,13.6467430494351,6.45739122,2.186,683.7968998001629,0.8766626920514909,0.0028025641025641,0.34608936,7.3188135368493725,14.5360703612515,2.5329634786384587,74.45346351057377,18.725171893725676,3.849955934917024,0.0,10.416408412758967,0.6239061325096574,0.11888180742794265,15.055237408181007,2.2664611154472927,25504.78239,180.909434,81.05283019,128.0477987,0.0,17524.07044,129.7735849,10.839,0.013896153846153846,179.549,0.23019102564102564,33.373000000000005,0.04278589743589744,4.939,0.0063320512820512825,1.714,0.0021974358974358975,333.904,0.4280820512820513,0.0,0.0,5.664,0.007261538461538461,169.016,0.21668717948717947,0.0,0.0,0.0,0.0,25.46,0.03264102564102564,0.0,0.0,0.0,0.0,0.0,0.0,0.0,0.0,0.0,0.0,179.549,0.23019102564102564,16.504,0.02115897435897436,33.373000000000005,0.04278589743589744,0.0,0.0,0.0,0.0,1.714,0.0021974358974358975,25.46,0.03264102564102564,502.92,0.6447692307692308,4.939,0.0063320512820512825,0.0,0.0,344.463,0.4416192307692308,0.0,0.0,87.85700000000001,0.11263717948717951,0.0,0.0,7.735,0.009916666666666667,0.013999999999999999,1.7948717948717948e-05,0.0,0.0,21.244,0.027235897435897435,0.0,0.0,0.0,0.0,300.448,0.38518974358974356,0.0,0.0,2.697,0.003457692307692308,0.0,0.0,0.0,0.0,0.0,0.0,0.0,0.0,0.0,0.0,300.448,0.38518974358974356,453.57800000000003,0.5815102564102564,10.432,0.013374358974358975,49.356,0.06327692307692308,0.0,0.0,648.36,0.8312307692307692,66.745,0.08557051282051283,0.0,0.0,0.0,0.0,0.0,0.0,6.962999999999999,0.008926923076923075,0.0,0.0,49.356,0.06327692307692308,59.782,0.07664358974358974,0.0,0.0,0.0,0.0,0.0,0.0,642.45,0.8236538461538462,0.0,0.0,0.0,0.0,0.0,0.0,0.0,0.0,5.91,0.0075769230769230774,0.0,0.0,0.0,0.0,0.0,0.0,33.715565000000005,0.04322508333333334,9.77978,0.012538179487179488,786.925423,1.0088787474358976,10.608433,0.013600555128205127,8.709566,0.011166110256410258,2.527564,0.0032404666666666668,2.029045,0.0026013397435897434,16.116966,0.020662776923076925,0.0,0.0,0.0,0.0,0.0,0.0,0.0,0.0
70,2589100,YOSHII GAWA,TSUSE,1675.1,34.87,134.11,34.8688,134.1104,0.1,389.547059463906,8.63206245461148,38.9547059,0.235,1245.97425130343,0.743820817445782,0.000140290131932422,0.54075516,4.303774556460699,12.764832626654153,2.327288281045336,35.553461156054475,17.289934151282687,3.5264748365433807,3.0443708795920428e-05,8.247602715444799,0.5959549559986552,0.3981956153645469,13.337055184062415,2.0518444830249174,16284.29468,175.4656306,69.54572624,117.71667659999999,41.43933054,16462.27794,126.6198446,49.918,0.0298000119395857,50.178999999999995,0.029955823532923406,204.452,0.12205360873977673,147.782,0.0882227926690944,59.727,0.03565578174437347,538.086,0.3212261954510179,4.558,0.002721031580204167,0.0,0.0,586.5740000000001,0.3501725270133127,0.0,0.0,0.0,0.0,20.13,0.012017193003402782,0.0,0.0,0.0,0.0,2.5639999999999996,0.001530654886275446,0.0,0.0,0.0,0.0,50.178999999999995,0.029955823532923406,49.918,0.0298000119395857,207.016,0.12358426362605218,55.508,0.033137126141722886,4.558,0.002721031580204167,4.22,0.002519252581935407,20.13,0.012017193003402782,1124.6580000000001,0.671397528505761,147.782,0.0882227926690944,0.0,0.0,328.99699999999996,0.19640439376753624,180.179,0.1075631305593696,41.516999999999996,0.024784788967822817,0.0,0.0,428.515,0.2558145782341353,41.543,0.024800310429228107,0.0,0.0,132.167,0.07890096113664856,0.53,0.0003163990209539729,0.0,0.0,161.425,0.09636738105187752,129.667,0.07740851292460152,78.684,0.04697271804668378,148.173,0.08845621156945854,0.0,0.0,0.0,0.0,0.0,0.0,0.0,0.0,161.425,0.09636738105187752,673.8919999999999,0.4022995642051221,836.081,0.4991230374306012,250.947,0.14981016058742763,1.663,0.0009927765506536925,1303.155,0.7779565399080652,109.514,0.0653775893976479,6.122999999999999,0.003655304160945615,0.0,0.0,1.663,0.0009927765506536925,24.021,0.0143400394006328,0.0,0.0,250.947,0.14981016058742763,85.493,0.051037549997015104,0.0,0.0,0.0,0.0,0.0,0.0,1184.289,0.7069960002387917,0.0,0.0,6.122999999999999,0.003655304160945615,0.0,0.0,0.0,0.0,118.866,0.07096053966927347,0.0,0.0,0.0,0.0,0.0,0.0,234.174922,0.1397975774580622,45.65439,0.027254725091039343,1401.5183769999999,0.8366774383618888,21.130325,0.012614366306489166,49.930436,0.029807435973971706,5.405093,0.003226728553519193,16.69693,0.009967721330069845,21.117314,0.012606599009014388,0.0,0.0,0.0,0.0,10.489517999999999,0.006262024953734105,0.0,0.0
71,2589101,YOSHII GAWA,MIYASU,1996.1,34.71,134.09,34.7104,134.0854,0.4,350.48060457671204,8.526892265815379,8.76201511,0.235,1510.55316651345,0.7567522501445071,0.0001177295726667,0.62573403,3.799405555378293,13.009447066084077,2.3774173360985364,32.650089732350004,17.504424205396635,3.5552021120911483,2.340161124187192e-06,8.51300589118923,0.6287743781340663,0.25180628865287746,13.575368324689085,2.11104522140754,15482.0226,178.71253069999997,71.74103194,120.5675676,34.06781327,16873.99066,127.57985259999998,122.03200000000001,0.06113521366664998,144.361,0.07232152697760633,204.452,0.10242573017383899,189.47099999999998,0.09492059516056309,80.91199999999999,0.04053504333450228,580.044,0.2905886478633335,4.558,0.0022834527328290167,2.4090000000000003,0.0012068533640599171,669.3860000000001,0.33534692650668807,0.0,0.0,0.0,0.0,20.13,0.010084665096939031,0.0,0.0,0.0,0.0,2.5639999999999996,0.0012845047843294422,0.0,0.0,0.0,0.0,144.361,0.07232152697760633,124.44,0.06234156605380492,207.016,0.10371023495816843,68.649,0.034391563548920395,4.558,0.0022834527328290167,12.263,0.006143479785581885,20.13,0.010084665096939031,1249.428,0.6259345724162116,189.47099999999998,0.09492059516056309,0.0,0.0,364.69699999999995,0.18270477430990428,187.407,0.09388657882871601,45.956,0.02302289464455689,0.0,0.0,486.74699999999996,0.24384900556084363,44.157,0.022121637192525422,0.0,0.0,202.23,0.10131255949100747,0.53,0.000265517759631281,0.0,0.0,161.425,0.08087019688392366,129.667,0.0649601723360553,78.684,0.039418866790240974,326.497,0.1635674565402535,0.0,0.0,0.0,0.0,0.0,0.0,0.0,0.0,161.425,0.08087019688392366,786.704,0.3941205350433345,1079.866,0.5409879264565903,330.20599999999996,0.16542557988076748,1.663,0.0008331245929562648,1510.5720000000001,0.7567616852863084,113.646,0.05693402134161615,71.738,0.035939081208356295,0.0,0.0,1.663,0.0008331245929562648,24.624000000000002,0.01233605530785031,0.0,0.0,330.20599999999996,0.16542557988076748,89.022,0.04459796603376585,0.0,0.0,0.0,0.0,0.0,0.0,1316.4660000000001,0.659519062171234,0.0,0.0,71.738,0.035939081208356295,0.0,0.0,0.0,0.0,194.105,0.09724212213816943,0.0,0.0,0.0,0.0,0.0,0.0,278.659022,0.13960173438204498,52.050584,0.026076140473924155,1706.297341,0.8548155608436451,24.881210999999997,0.012464912078553178,69.72984100000001,0.03493303992785933,7.84657,0.003930950353188718,22.320822,0.011182216321827565,32.638077,0.016350922799458947,0.0,0.0,0.0,0.0,11.800099000000001,0.00591157707529683,0.0,0.0
72,2589200,GONO KAWA,KAWAHIRA,3807.0,34.9953,132.2867,34.9979,132.2854,0.3,415.2649311522711,8.394344196210719,13.8421644,2.824,3194.58662176975,0.83913491509581,0.000741791436826898,0.50588617,4.588782361957132,12.360116197965903,2.3214015351124724,37.253132515262976,16.959323700492455,3.5796423021132147,5.78922860493219e-07,7.713260988847764,0.555967350580296,0.3441211976198672,12.897706926055918,2.051440910919999,17048.29685,173.69574409999998,67.60163891,116.16574150000001,39.21385144,16247.993390000001,126.86386470000001,77.127,0.020259259259259258,323.663,0.08501786183346467,373.93800000000005,0.09822379826635147,258.078,0.06779038613081166,61.183,0.016071184659837142,1305.7269999999999,0.3429805621224061,29.802,0.007828211189913318,6.101,0.001602574205411085,1352.441,0.35525111636459156,0.0,0.0,0.0,0.0,0.0,0.0,25.709,0.006753086419753087,0.0,0.0,0.0,0.0,5.872000000000001,0.0015424218544785922,0.0,0.0,323.663,0.08501786183346467,83.228,0.02186183346467034,399.647,0.10497688468610454,57.005,0.014973732597846073,29.802,0.007828211189913318,4.178,0.001097452061991069,0.0,0.0,2658.167,0.6982314158129761,258.078,0.06779038613081166,5.872000000000001,0.0015424218544785922,49.457,0.012991069083267665,324.154,0.08514683477804046,21.656999999999996,0.005688731284475964,0.0,0.0,1009.539,0.26517966903073287,54.971000000000004,0.014439453638035199,0.0,0.0,327.513,0.08602915681639085,24.984,0.006562647754137116,0.0,0.0,55.698,0.014630417651694247,109.234,0.02869293406882059,17.268,0.0045358550039401105,1819.828,0.4780215392697662,0.0,0.0,10.76,0.002826372471762543,0.853,0.0002240609403729971,0.0,0.0,55.698,0.014630417651694247,563.685,0.14806540583136327,3206.533,0.8422729183083792,576.175,0.15134620436038876,9.455,0.002483582873653796,2925.175,0.7683674809561335,119.90299999999999,0.03149540320462306,195.209,0.05127633307065931,0.0,0.0,3.447,0.0009054373522458629,10.715,0.0028145521407932756,6.007999999999999,0.0015781455214079324,576.175,0.15134620436038876,109.18799999999999,0.028680851063829785,0.0,0.0,0.0,0.0,0.0,0.0,2480.257,0.6514990806409247,0.0,0.0,195.209,0.05127633307065931,0.0,0.0,0.0,0.0,444.918,0.11686840031520883,0.0,0.0,0.0,0.0,0.0,0.0,400.87297,0.10529891515629104,57.905384999999995,0.015210240346729707,3316.502864,0.8711591447333858,131.146733,0.03444883976884686,39.072148999999996,0.010263238508011557,11.876924,0.0031197593905962703,32.933303,0.008650723141581298,49.613951,0.013032296033622276,0.0,0.0,0.0,0.0,7.4187520000000005,0.0019487134226425008,0.0,0.0
73,2589201,GONO KAWA,TSUGA,2890.0,34.9456,132.645,34.9438,132.6438,0.2,444.904143053258,7.87557816185012,22.2452072,2.824,2370.60688436342,0.820279198741668,0.000977162629757785,0.51423397,4.447499213971863,12.220872942522078,2.2870551795719853,36.92102503438071,16.814175666960807,3.5623862187286317,0.0,7.561952194127303,0.5143481130753624,0.2702972755503973,12.794648905917747,2.016975333842792,16165.67145,172.639958,65.04338698,114.09167250000002,37.60776767,16410.683,127.6347096,70.437,0.02437266435986159,269.612,0.09329134948096887,331.909,0.11484740484429065,233.68,0.08085813148788927,52.729,0.018245328719723182,949.875,0.3286764705882353,16.78,0.005806228373702422,6.101,0.0021110726643598617,914.2080000000001,0.31633494809688584,0.0,0.0,0.0,0.0,0.0,0.0,25.709,0.008895847750865053,0.0,0.0,0.0,0.0,5.872000000000001,0.002031833910034602,0.0,0.0,269.612,0.09329134948096887,76.538,0.02648373702422145,357.61800000000005,0.12374325259515573,48.551,0.016799653979238754,16.78,0.005806228373702422,4.178,0.001445674740484429,0.0,0.0,1864.0829999999999,0.645011418685121,233.68,0.08085813148788927,5.872000000000001,0.002031833910034602,49.457,0.017113148788927335,271.252,0.09385882352941177,21.656999999999996,0.007493771626297577,0.0,0.0,725.6410000000001,0.2510868512110727,20.975,0.007257785467128028,0.0,0.0,263.184,0.09106712802768167,24.984,0.008644982698961938,0.0,0.0,0.0,0.0,95.73299999999999,0.033125605536332176,17.268,0.005975086505190312,1381.424,0.478001384083045,0.0,0.0,10.76,0.00372318339100346,0.853,0.00029515570934256056,0.0,0.0,0.0,0.0,451.85900000000004,0.15635259515570935,2431.33,0.8412906574394463,435.35400000000004,0.1506415224913495,0.0,0.0,2355.724,0.815129411764706,92.11200000000001,0.031872664359861594,0.0,0.0,0.0,0.0,0.0,0.0,9.793,0.0033885813148788924,0.0,0.0,435.35400000000004,0.1506415224913495,82.319,0.0284840830449827,0.0,0.0,0.0,0.0,0.0,0.0,1985.474,0.6870152249134948,0.0,0.0,0.0,0.0,0.0,0.0,0.0,0.0,370.25,0.12811418685121106,0.0,0.0,0.0,0.0,0.0,0.0,345.125761,0.1194206785467128,43.729784,0.015131413148788929,2448.8271219999997,0.8473450249134947,114.01402900000001,0.03945122110726644,32.567564000000004,0.011269053287197234,8.211443,0.002841329757785467,26.670569,0.009228570588235294,34.453368,0.01192158062283737,0.0,0.0,0.0,0.0,6.382591000000001,0.0022085089965397926,0.0,0.0
74,2589202,GONO KAWA,OZEKIYAMA,1981.0,34.8083,132.8436,34.8104,132.8396,0.4,444.15373395861394,7.4600978435920595,11.1038433,1.704,1606.34451719001,0.8108755765724429,0.000860171630489652,0.53462376,4.265493719890732,12.284911326066926,2.2804343087531143,36.10304682050046,16.841930880068308,3.5554017049532813,0.0,7.647394455894653,0.5079891499025151,0.21743875449920266,12.800276633893773,2.0063810338859067,15675.15214,173.8517971,65.28311177,114.4849828,34.12161497,16580.95667,128.1418021,48.265,0.024363957597173146,238.43200000000002,0.12035941443715296,224.49900000000002,0.11332609793033822,197.41099999999997,0.09965219586067642,37.931,0.019147400302877333,564.11,0.2847602221100454,16.78,0.008470469459868754,3.7510000000000003,0.0018934881373043918,636.729,0.3214179707218577,0.0,0.0,0.0,0.0,0.0,0.0,25.709,0.012977788995456839,0.0,0.0,0.0,0.0,5.872000000000001,0.002964159515396265,0.0,0.0,238.43200000000002,0.12035941443715296,52.016000000000005,0.02625744573447754,250.208,0.12630388692579506,33.753,0.017038364462392732,16.78,0.008470469459868754,4.178,0.0021090358404846038,0.0,0.0,1200.839,0.606178192831903,197.41099999999997,0.09965219586067642,5.872000000000001,0.002964159515396265,40.153,0.020269056032306915,250.61599999999999,0.12650984351337707,21.656999999999996,0.01093235739525492,0.0,0.0,419.425,0.2117238768298839,20.464000000000002,0.010330136294800608,0.0,0.0,217.87,0.10997980817768804,2.6830000000000003,0.0013543664815749623,0.0,0.0,0.0,0.0,81.602,0.04119232710752146,17.268,0.00871680969207471,921.7439999999999,0.46529227662796563,0.0,0.0,10.76,0.005431600201918223,0.853,0.0004305906108026249,0.0,0.0,0.0,0.0,382.599,0.19313427561837454,1622.497,0.8190292781423524,322.69,0.1628924785461888,0.0,0.0,1615.743,0.8156198889449773,66.66199999999999,0.033650681474003026,0.0,0.0,0.0,0.0,0.0,0.0,5.624,0.0028389702170620898,0.0,0.0,322.69,0.1628924785461888,61.038000000000004,0.03081171125694094,0.0,0.0,0.0,0.0,0.0,0.0,1351.49,0.682226148409894,0.0,0.0,0.0,0.0,0.0,0.0,0.0,0.0,264.253,0.1333937405350833,0.0,0.0,0.0,0.0,0.0,0.0,274.20042,0.13841515396264514,32.162656,0.01623556587582029,1736.423246,0.8765387410398788,68.51299300000001,0.034585054517920245,27.695088000000002,0.013980357395254923,7.597916000000001,0.0038353942453306414,24.146347,0.012188968702675416,24.150304000000002,0.012190966178697629,0.0,0.0,0.0,0.0,4.414505,0.002228422513881878,0.0,0.0
75,2589210,HIME-KAWA,YAMAMOTO,697.7,36.98,137.87,36.9813,137.8729,0.3,1099.7193795811902,17.0611486821771,36.6573127,0.084,633.103632805983,0.907415268462065,0.000120395585495199,0.25042756,7.217743982028193,8.522645508120142,1.8075220452700336,46.677697510990285,13.423264354724813,2.9152560405438246,0.004198336552362233,3.66289964331328,0.5216019410171532,1.7364346170492355,9.15584642931689,1.4577777779758274,23836.97678,119.2527322,23.77185792,69.30191257,136.24863390000002,15869.450819999998,131.1243169,0.0,0.0,7.506,0.010758205532463809,26.319000000000003,0.037722516841049165,4.572,0.00655295972481009,4.865,0.0069729109932635805,390.13699999999994,0.5591758635516697,3.955,0.005668625483732263,0.0,0.0,110.209,0.15796044145048013,78.5,0.11251254120682241,0.0,0.0,72.003,0.10320051598108068,0.0,0.0,0.0,0.0,0.0,0.0,0.0,0.0,0.0,0.0,7.506,0.010758205532463809,0.0,0.0,26.319000000000003,0.037722516841049165,4.713,0.006755052314748459,3.955,0.005668625483732263,0.152,0.0002178586785151211,150.503,0.21571305718790307,500.33,0.7171133725096746,4.572,0.00655295972481009,0.0,0.0,85.90899999999999,0.12313171850365484,135.822,0.19467106206105775,74.814,0.10722946825283071,0.0,0.0,25.09,0.03596101476279203,4.338,0.00621757202235918,0.0,0.0,47.04600000000001,0.06743012756198939,0.0,0.0,0.0,0.0,5.027,0.007205102479575749,202.938,0.29086713487172133,0.0,0.0,39.989000000000004,0.057315465099613015,0.0,0.0,74.295,0.10648559552816396,2.8789999999999996,0.004126415364769958,0.0,0.0,5.027,0.007205102479575749,417.92400000000004,0.5990024365773255,275.19599999999997,0.3944331374516267,45.643,0.06541923462806364,1.473,0.0021112225885050882,630.803,0.9041178156800916,20.233,0.02899957001576609,0.0,0.0,0.0,0.0,1.473,0.0021112225885050882,0.0,0.0,0.0,0.0,44.636,0.06397592088290097,20.233,0.02899957001576609,1.0070000000000001,0.0014433137451626775,0.0,0.0,0.0,0.0,625.757,0.8968854808657014,0.0,0.0,0.0,0.0,0.0,0.0,0.0,0.0,5.046,0.007232334814390139,0.0,0.0,0.0,0.0,0.0,0.0,22.508833,0.032261477712483874,2.428121,0.003480179160097463,653.303687,0.936367617887344,53.047825,0.07603242797764082,4.51405,0.0064699011036262,0.54761,0.000784878887774115,21.513617,0.030835053748029237,14.296276,0.02049057761215422,0.0,0.0,0.0,0.0,0.0,0.0,0.0,0.0
76,2589220,KUROBE GAWA,UNAZUKI,637.0,36.81,137.59,36.8104,137.5896,0.1,1702.7890254188198,24.0145533927597,170.278903,2.888,593.733390493996,0.9320775360973248,0.00453375196232339,0.21903339,7.819860981481179,6.042482235245767,1.7128106777358312,50.73350827037829,10.922917754618798,2.794732466032261,0.0014747425643493158,1.21539895706633,0.4989391328622961,1.851767462464635,6.7663580288081375,1.331312085538531,25448.37231,83.12923077,-12.04307692,35.13846154,165.89384619999998,15446.21385,135.7353846,0.0,0.0,0.0,0.0,0.0,0.0,0.0,0.0,0.0,0.0,137.27700000000002,0.21550549450549453,354.654,0.556756671899529,0.0,0.0,3.6180000000000003,0.005679748822605966,63.206,0.09922448979591837,0.0,0.0,40.772,0.06400627943485086,0.0,0.0,0.0,0.0,0.0,0.0,0.0,0.0,0.0,0.0,0.0,0.0,0.0,0.0,0.0,0.0,0.0,0.0,354.654,0.556756671899529,0.0,0.0,103.977,0.16322919937205652,140.895,0.2211852433281005,0.0,0.0,0.0,0.0,16.85,0.026452119309262168,6.32,0.009921507064364208,19.971,0.03135164835164835,37.829,0.0593861852433281,428.421,0.6725604395604395,0.0,0.0,0.0,0.0,0.0,0.0,0.0,0.0,0.0,0.0,37.209,0.05841287284144427,0.0,0.0,0.0,0.0,41.281000000000006,0.06480533751962324,0.0,0.0,11.645999999999999,0.018282574568288853,0.0,0.0,0.0,0.0,75.03699999999999,0.11779748822605964,36.821,0.05780376766091051,487.667,0.7655682888540031,1.359,0.0021334379905808476,0.0,0.0,586.88,0.9213186813186813,11.287,0.017718995290423863,0.0,0.0,0.0,0.0,0.0,0.0,0.0,0.0,0.0,0.0,1.359,0.0021334379905808476,5.295,0.008312401883830456,0.0,0.0,0.0,0.0,0.0,0.0,586.808,0.9212056514913658,0.0,0.0,0.0,0.0,0.0,0.0,5.992000000000001,0.009406593406593408,0.07200000000000001,0.00011302982731554161,0.0,0.0,0.0,0.0,0.0,0.0,0.0,0.0,0.0,0.0,651.9802599999999,1.0235168916797488,33.005977,0.05181472056514914,0.08256000000000001,0.00012960753532182106,0.020640000000000002,3.2401883830455265e-05,0.05159,8.098901098901099e-05,15.039560999999999,0.023609985871271583,0.0,0.0,0.0,0.0,0.0,0.0,0.0,0.0
77,2589230,SHO GAWA,DAIMON,1120.0,36.73,137.05,36.7271,137.0021,4.3,1007.3951586816701,17.0370689655172,2.34277944,11.758,1010.87835512439,0.902569959932491,0.0104982142857143,0.24071555,7.667639191986361,8.982309958607232,1.8457200013246244,52.193496303163606,13.582923334304185,3.0136930137060802,0.00047636080497082014,4.3224915062823985,0.4473801769407296,1.3121047962838768,9.735771443406415,1.4801840407138345,27053.55715,126.4767146,30.36071126,76.47840813,149.8171041,15168.88061,128.3141406,2.847,0.002541964285714286,8.629,0.007704464285714285,63.027,0.05627410714285715,37.591,0.03356339285714286,11.635,0.010388392857142856,574.934,0.5133339285714286,137.77,0.12300892857142857,0.0,0.0,47.248000000000005,0.04218571428571429,154.688,0.13811428571428572,0.0,0.0,71.921,0.06421517857142858,0.0,0.0,0.0,0.0,0.0,0.0,0.0,0.0,0.0,0.0,8.629,0.007704464285714285,2.847,0.002541964285714286,63.027,0.05627410714285715,9.326,0.008326785714285715,137.77,0.12300892857142857,2.309,0.002061607142857143,226.61,0.20233035714285716,622.182,0.5555196428571428,37.591,0.03356339285714286,0.0,0.0,0.0,0.0,100.876,0.09006785714285714,89.304,0.07973571428571428,64.34899999999999,0.057454464285714275,226.505,0.20223660714285713,0.0,0.0,0.0,0.0,44.785,0.03998660714285714,0.0,0.0,0.0,0.0,0.0,0.0,140.579,0.1255169642857143,0.0,0.0,441.216,0.39394285714285715,0.0,0.0,0.0,0.0,0.0,0.0,0.0,0.0,64.34899999999999,0.057454464285714275,274.668,0.24523928571428572,768.597,0.6862473214285714,77.249,0.06897232142857142,1.8019999999999998,0.0016089285714285713,979.0110000000001,0.8741169642857144,39.111999999999995,0.03492142857142857,10.610999999999999,0.009474107142857142,2.505,0.0022366071428571426,1.8019999999999998,0.0016089285714285713,7.622999999999999,0.00680625,0.0,0.0,77.249,0.06897232142857142,31.489,0.028115178571428572,0.0,0.0,0.0,0.0,0.0,0.0,959.544,0.8567357142857143,0.0,0.0,10.610999999999999,0.009474107142857142,0.0,0.0,0.0,0.0,19.467,0.017381249999999997,0.0,0.0,2.505,0.0022366071428571426,0.0,0.0,50.413447999999995,0.045012007142857136,2.216339,0.0019788741071428573,1105.790614,0.9873130482142857,40.499481,0.03616025089285715,16.002874,0.014288280357142856,2.804864,0.002504342857142857,6.997367999999999,0.006247649999999999,34.841525,0.031108504464285713,0.0,0.0,0.0,0.0,2.531721,0.0022604651785714286,0.0,0.0
78,2589240,ARA KAWA,TSUZURAYAMA,1127.0,38.1319,139.4644,38.1312,139.4646,0.1,496.18351241696,12.9030091348737,49.6183512,0.0,1005.27623073702,0.891993106244028,0.0,0.23730751,7.81450344539261,9.53342142957085,1.8544403219992545,42.20837677657481,14.289896780063927,3.096589079032359,0.0067049569585413,4.825289719064922,0.4793721937600636,2.8434705763913937,9.756383702749616,1.4296324379065732,27615.966289999997,136.315471,45.82454624,88.82108902,174.14347450000002,13759.759719999998,118.2843561,0.0,0.0,11.418,0.010131322094055012,79.075,0.07016415261756877,17.535999999999998,0.01555989352262644,8.089,0.0071774622892635314,609.6990000000001,0.5409929015084295,0.0,0.0,0.0,0.0,168.877,0.14984649511978707,42.54,0.03774622892635315,0.0,0.0,155.441,0.137924578527063,0.0,0.0,0.0,0.0,0.0,0.0,0.0,0.0,0.0,0.0,11.418,0.010131322094055012,0.0,0.0,79.075,0.07016415261756877,4.105,0.0036424134871339844,0.0,0.0,3.984,0.0035350488021295475,197.98,0.17566992014196983,778.576,0.6908393966282165,17.535999999999998,0.01555989352262644,0.0,0.0,96.699,0.08580212954747116,22.105,0.01961401952085182,0.0,0.0,6.987,0.006199645075421473,321.808,0.2855439219165927,0.0,0.0,0.0,0.0,39.343,0.0349094942324756,0.0,0.0,0.0,0.0,0.0,0.0,542.413,0.4812892635314996,0.8,0.000709849157054126,62.518,0.05547293700088731,0.0,0.0,0.0,0.0,0.0,0.0,0.0,0.0,6.987,0.006199645075421473,678.455,0.6020008873114464,407.231,0.361340727595386,101.42399999999999,0.08999467613132209,0.0,0.0,929.835,0.825053238686779,61.413999999999994,0.054493345164152614,0.0,0.0,0.0,0.0,0.0,0.0,13.878,0.01231410825199645,0.0,0.0,101.255,0.0898447204968944,47.536,0.042179236912156165,0.16899999999999998,0.0001499556344276841,0.0,0.0,0.0,0.0,883.331,0.7837897071872227,0.0,0.0,0.0,0.0,0.0,0.0,0.0,0.0,46.504,0.04126353149955634,0.0,0.0,0.0,0.0,0.0,0.0,44.723366999999996,0.03968355545696539,4.3802959999999995,0.0038866867790594496,1064.58836,0.944621437444543,58.112956999999994,0.051564291925465834,8.121551,0.007206345164152618,1.693396,0.0015025696539485358,3.052814,0.0027087968056787935,17.846378,0.015835295474711623,0.0,0.0,0.0,0.0,1.3391620000000002,0.001188253771073647,0.0,0.0
79,2589250,SEKI-GAWA,TAKADA,703.0,37.12,138.27,37.1188,138.2646,0.5,692.976805372845,10.174130605356302,13.8595361,5.112,493.607211311014,0.702143970570432,0.007271692745376958,0.31940792,5.898186410469641,9.403973250130404,1.8839274246408424,36.818078103869524,14.487675438851278,3.0314133381018693,0.006631042576951643,4.526998313955817,0.5247199345013648,1.39810878284519,10.03253858730876,1.5387007778353212,21417.49406,139.0250991,49.39233818,91.19022457,183.9326288,15351.219290000001,125.2457067,0.0,0.0,22.976,0.032682788051209104,277.817,0.3951877667140825,24.523000000000003,0.034883357041251783,72.351,0.10291749644381223,146.596,0.20852916073968705,1.1159999999999999,0.0015874822190611662,3.42,0.004864864864864865,56.993,0.08107112375533429,37.817,0.053793741109530585,0.0,0.0,62.023999999999994,0.0882275960170697,0.0,0.0,0.0,0.0,0.0,0.0,0.0,0.0,0.0,0.0,22.976,0.032682788051209104,3.42,0.004864864864864865,277.817,0.3951877667140825,64.758,0.09211664295874822,1.1159999999999999,0.0015874822190611662,7.593999999999999,0.010802275960170696,99.84100000000001,0.14202133712660028,203.59,0.28960170697012805,24.523000000000003,0.034883357041251783,0.0,0.0,0.0,0.0,23.006999999999998,0.03272688477951636,0.0,0.0,0.0,0.0,0.0,0.0,95.572,0.13594879089615933,0.0,0.0,86.81299999999999,0.12348933143669984,0.0,0.0,188.043,0.2674864864864865,0.0,0.0,316.82099999999997,0.4506699857752489,0.0,0.0,0.0,0.0,0.0,0.0,0.0,0.0,0.0,0.0,0.0,0.0,0.0,0.0,687.248,0.9775931721194879,23.006999999999998,0.03272688477951636,7.193,0.010231863442389758,145.327,0.20672403982930299,400.084,0.5691095305832148,117.479,0.16711095305832147,39.965,0.05684921763869133,3.878,0.005516358463726885,145.327,0.20672403982930299,99.699,0.14181934566145094,0.0,0.0,7.193,0.010231863442389758,17.781,0.02529302987197724,0.0,0.0,0.0,0.0,0.0,0.0,400.084,0.5691095305832148,0.0,0.0,39.965,0.05684921763869133,0.0,0.0,0.0,0.0,0.0,0.0,0.0,0.0,3.878,0.005516358463726885,0.0,0.0,109.329605,0.15551864153627312,12.943439,0.01841171977240398,530.853658,0.7551261137980085,32.835524,0.04670771550497866,42.247636,0.06009621052631579,4.1932279999999995,0.005964762446657183,47.022378,0.06688816216216217,14.139553,0.020113162162162163,0.0,0.0,0.0,0.0,6.000449,0.0085354893314367,0.0,0.0
80,2589300,ASHIDA GAWA,YAMATE,817.1,34.49,133.3425,34.4896,133.3438,0.1,291.282108791858,6.8495488185685085,29.1282109,2.11,588.628260102269,0.72038705189361,0.0025823032676539,0.69905072,3.472914837901925,13.586013243801016,2.4277436174070863,32.96037383256373,18.004586462456672,3.6981056961339007,0.0,9.030430836661868,0.5405638946534068,0.01615143417308483,14.127683278740491,2.1408743652574707,12948.96154,186.0995475,80.90950226,129.9434389,0.622171946,18730.42873,133.70701359999998,31.328000000000003,0.03834047240239873,370.76199999999994,0.4537535185411821,29.215,0.035754497613511196,96.402,0.11798066332150288,42.95,0.05256394566148574,108.914,0.13329335454656713,3.997,0.0048916901236078815,4.885,0.005978460408762697,153.614,0.18799902092767104,0.0,0.0,0.0,0.0,0.0,0.0,0.0,0.0,0.0,0.0,0.0,0.0,0.8420000000000001,0.0010304736262391385,0.0,0.0,370.76199999999994,0.4537535185411821,36.213,0.04431893281116142,29.215,0.035754497613511196,39.834,0.04875045894015421,3.997,0.0048916901236078815,3.116,0.0038134867213315384,0.0,0.0,262.529,0.32129359931464935,96.402,0.11798066332150288,0.8420000000000001,0.0010304736262391385,194.94,0.23857544976135112,5.256,0.006432505201321748,0.0,0.0,0.0,0.0,426.043,0.5214086403133031,7.1979999999999995,0.008809203279892302,0.0,0.0,108.321,0.13256761718271937,0.0,0.0,0.0,0.0,0.0,0.0,0.11900000000000001,0.00014563700893403502,19.055999999999997,0.023321502876024962,83.37899999999999,0.1020425896463101,0.0,0.0,0.0,0.0,0.0,0.0,0.0,0.0,0.0,0.0,310.579,0.38009913107330806,533.734,0.65320523803696,139.933,0.17125566026190184,0.0,0.0,640.341,0.7836751927548647,11.8,0.014441316852282463,52.24,0.06393342308163015,0.0,0.0,0.0,0.0,0.0,0.0,0.0,0.0,139.29,0.17046873087749356,11.8,0.014441316852282463,0.643,0.0007869293844082731,0.0,0.0,0.0,0.0,527.144,0.6451401297270836,0.0,0.0,52.24,0.06393342308163015,0.0,0.0,0.0,0.0,113.196,0.13853383918736997,0.0,0.0,0.0,0.0,0.0,0.0,132.58717,0.1622655366540203,26.791991999999997,0.032789122506425156,689.099378,0.8433476661363358,9.552486,0.01169071839432138,56.361822,0.06897787541304613,3.8939,0.004765512177212091,13.871526000000001,0.01697653408395545,16.362498000000002,0.02002508628074899,0.0,0.0,0.0,0.0,5.525772,0.006762663076734793,0.0,0.0
81,2589320,ASAHI GAWA,MAKIYAMA,1586.6,34.7386,133.9639,34.7396,133.9646,0.1,409.22154032997804,8.630127600160309,40.922154,5.78,1232.00151739058,0.776504170799559,0.00364301021051305,0.58861479,4.020134715460856,12.645283667185964,2.3663107621002624,33.22818101564151,17.141236837246787,3.59596612512042,0.0,8.100144252450168,0.603080971729791,0.35036675912994025,13.167843909878652,2.085299320552772,15241.67445,175.51671919999998,68.73375394,117.3072555,34.31798107,16237.349530000001,126.1716088,44.321000000000005,0.027934577083070723,40.131,0.025293709819740325,199.27900000000002,0.12560128576830962,82.396,0.051932434135888064,29.779,0.018769065927139797,424.723,0.26769381066431364,6.864,0.004326232194630027,4.675,0.0029465523761502584,712.605,0.4491396697340225,0.0,0.0,0.0,0.0,6.233,0.003928526408672633,1.242,0.0007828060002521115,0.0,0.0,3.9730000000000003,0.0025040968107903697,0.0,0.0,0.0,0.0,40.131,0.025293709819740325,48.997,0.03088175973780411,204.493,0.12888755830076895,19.768,0.012459347031387874,6.864,0.004326232194630027,10.011000000000001,0.006309718895751924,6.233,0.003928526408672633,1137.328,0.716833480398336,82.396,0.051932434135888064,0.0,0.0,148.37,0.09351443337955377,207.299,0.13065612000504223,35.900999999999996,0.022627631413084583,0.0,0.0,411.918,0.25962309340728607,50.928999999999995,0.032099457960418507,0.0,0.0,85.79,0.054071599647044,0.0,0.0,0.0,0.0,420.39300000000003,0.26496470439934455,27.304000000000002,0.017209126433883778,48.534,0.030589940753813185,92.509,0.058306441447119634,0.0,0.0,17.819000000000003,0.011230934072860207,19.727999999999998,0.012434135888062523,0.0,0.0,420.39300000000003,0.26496470439934455,368.023,0.23195701500063032,778.08,0.49040715996470446,180.88,0.11400479011723182,79.175,0.04990230681961427,1258.715,0.793341106769192,29.162,0.018380184041346274,18.559,0.011697340224379177,0.0,0.0,41.157,0.025940375646035546,5.61,0.0035358628513803103,30.564,0.019263834614899788,180.88,0.11400479011723182,22.013,0.013874322450523132,0.0,0.0,0.0,0.0,7.454,0.004698096558678936,1012.704,0.6382856422538762,0.0,0.0,18.559,0.011697340224379177,0.0,0.0,0.0,0.0,246.01,0.15505483423673264,0.0,0.0,0.0,0.0,1.54,0.0009706290180259675,178.250296,0.11234734400605068,67.662534,0.042646246060758855,1367.848427,0.862125568511282,20.130765,0.012687990041598388,27.398466,0.01726866633051809,6.152799,0.003877977436026724,18.56457,0.011700850876087231,28.164284000000002,0.01775134501449641,0.0,0.0,0.0,0.0,12.215514,0.007699176856170428,0.0,0.0
82,2589350,KINO KAWA,FUNATO,1558.0,34.25,135.31,34.2521,135.3104,0.2,474.918548514664,11.4676488331481,23.7459274,1.683,1192.5634495127804,0.765445089546072,0.00108023106546855,0.52558752,4.565751859666941,13.562866343014829,2.399702185042113,41.21392005622729,18.089564507025703,3.653356219602871,0.0,9.194657726511354,0.5742778237051088,0.15604298940946978,14.104447790611804,2.118883803483772,16965.56468,177.837523,76.89944819,123.37155120000001,0.0,16718.67689,128.8344574,50.553999999999995,0.032448010269576374,133.884,0.08593324775353016,11.648,0.007476251604621309,75.653,0.04855776636713736,46.091,0.02958344030808729,766.9939999999999,0.4922939666238767,47.236000000000004,0.030318356867779207,20.663,0.013262516046213094,440.37699999999995,0.28265532734274706,0.0,0.0,0.0,0.0,20.711,0.013293324775353015,0.0,0.0,0.0,0.0,0.0,0.0,0.0,0.0,0.0,0.0,133.884,0.08593324775353016,71.217,0.04571052631578947,11.648,0.007476251604621309,0.0,0.0,47.236000000000004,0.030318356867779207,46.091,0.02958344030808729,20.711,0.013293324775353015,1207.361,0.7749428754813864,75.653,0.04855776636713736,0.0,0.0,500.23699999999997,0.32107637997432603,8.41,0.005397946084724005,248.71099999999998,0.15963478818998716,0.0,0.0,99.431,0.0638196405648267,93.897,0.06026765083440309,0.0,0.0,85.559,0.05491591784338896,0.0,0.0,0.0,0.0,577.6030000000001,0.37073363286264444,0.0,0.0,0.0,0.0,0.0,0.0,0.0,0.0,0.0,0.0,0.0,0.0,0.0,0.0,577.6030000000001,0.37073363286264444,928.404,0.5958947368421053,107.84100000000001,0.06921758664955072,130.82,0.08396662387676508,0.0,0.0,1292.229,0.8294152759948652,119.178,0.07649422336328626,71.622,0.04597047496790757,0.0,0.0,0.0,0.0,10.287,0.0066026957637997435,0.0,0.0,129.938,0.083400513478819,108.89,0.06989088575096278,0.882,0.0005661103979460847,0.0,0.0,0.0,0.0,1244.744,0.7989370988446726,0.0,0.0,71.622,0.04597047496790757,0.0,0.0,0.0,0.0,47.483999999999995,0.0304775353016688,0.0,0.0,0.0,0.0,0.0,0.0,92.72615400000001,0.059516145057766374,173.942877,0.11164497881899872,1348.6691640000001,0.8656413119383827,20.448759,0.013125005776636714,62.405448,0.040054844672657255,3.8471230000000003,0.002469270218228498,20.928667,0.01343303401797176,36.707147,0.02356042811296534,0.0,0.0,0.0,0.0,10.117758,0.006494068035943518,0.0,0.0
83,2589351,KINO KAWA,MITANI,1048.9,34.29,135.53,34.2938,135.5229,0.8,548.935658261252,12.4470202316376,6.86169573,1.683,904.865561512765,0.8626804857591429,0.0016045380875202599,0.44820607,5.236145142302775,13.224234959089742,2.346872044018188,47.99893656239745,17.74453752270273,3.6453719109946,0.0,8.849345069743135,0.539240466667486,0.18420960752192245,13.786926937749293,2.0486829230574934,17578.510130000002,172.88810569999998,70.67929515,117.81762109999998,0.0,16182.8696,127.6643172,41.06100000000001,0.03914672514062351,51.113,0.048730098198112304,11.27,0.01074458957002574,30.454,0.029034226332348173,15.552,0.014826961578796833,607.748,0.5794146248450758,33.079,0.03153684812660883,14.89,0.014195824196777576,288.569,0.2751158356373343,0.0,0.0,0.0,0.0,20.234,0.019290685480026694,0.0,0.0,0.0,0.0,0.0,0.0,0.0,0.0,0.0,0.0,51.113,0.048730098198112304,55.952,0.05334350271713223,11.27,0.01074458957002574,0.0,0.0,33.079,0.03153684812660883,15.552,0.014826961578796833,20.234,0.019290685480026694,896.317,0.8545304604824101,30.454,0.029034226332348173,0.0,0.0,452.434,0.4313414052817237,8.41,0.008017923538945562,151.084,0.14404042330060063,0.0,0.0,99.431,0.09479550004766897,93.75299999999999,0.08938220993421678,0.0,0.0,24.180999999999997,0.023053675278863567,0.0,0.0,0.0,0.0,284.67900000000003,0.27140718848317286,0.0,0.0,0.0,0.0,0.0,0.0,0.0,0.0,0.0,0.0,0.0,0.0,0.0,0.0,284.67900000000003,0.27140718848317286,721.451,0.6878167604156735,107.84100000000001,0.10281342358661455,61.809,0.05892744780245971,0.0,0.0,929.695,0.8863523691486319,61.758,0.05887882543617123,60.708999999999996,0.057878730098198106,0.0,0.0,0.0,0.0,8.899,0.008484126227476402,0.0,0.0,60.927,0.05808656687958814,52.858000000000004,0.05039374582896368,0.882,0.0008408809228715797,0.0,0.0,0.0,0.0,901.0369999999999,0.8590304128134234,0.0,0.0,60.708999999999996,0.057878730098198106,0.0,0.0,0.0,0.0,28.658,0.027321956335208314,0.0,0.0,0.0,0.0,0.0,0.0,51.078185999999995,0.04869690723615215,75.081215,0.07158090857088378,1019.8586300000001,0.9723125464772618,12.233207,0.011662891600724567,35.99627,0.03431811421489179,2.804799,0.002674038516541138,14.545144,0.013867045476213175,20.560797,0.019602247116026313,0.0,0.0,0.0,0.0,6.8935059999999995,0.00657212889693965,0.0,0.0
84,2589360,YAMATO GAWA,KASHIWARA,962.0,34.58,135.62,34.5812,135.6188,0.2,210.194833583807,6.2368159454392185,10.5097417,0.162,387.193190289365,0.402487723793519,0.000168399168399168,0.66541561,3.6475838712073636,14.279579753824189,2.427159248540584,33.46198230100795,18.878337886866586,3.6450605562246254,0.0,9.719763953505543,0.6226154210028598,0.038613294520409916,14.800177614924015,2.113098259542988,13498.667,194.7611336,96.19534413,141.8076923,0.0,18035.24494,130.7368421,96.54,0.10035343035343036,336.17800000000005,0.3494573804573805,3.955,0.004111226611226611,271.44,0.28216216216216217,77.375,0.08043139293139293,79.133,0.08225883575883576,0.0,0.0,7.454,0.007748440748440748,88.559,0.09205717255717255,0.0,0.0,0.0,0.0,0.0,0.0,0.0,0.0,0.0,0.0,0.0,0.0,0.0,0.0,0.0,0.0,336.17800000000005,0.3494573804573805,103.994,0.1081018711018711,3.955,0.004111226611226611,69.954,0.07271725571725571,0.0,0.0,7.422000000000001,0.007715176715176715,0.0,0.0,167.692,0.17431600831600833,271.44,0.28216216216216217,0.0,0.0,0.0,0.0,19.732,0.02051143451143451,30.891,0.03211122661122661,0.0,0.0,413.76300000000003,0.43010706860706865,122.844,0.1276964656964657,0.0,0.0,285.117,0.2963794178794179,0.0,0.0,0.0,0.0,0.0,0.0,89.988,0.09354261954261954,6.672000000000001,0.006935550935550937,0.0,0.0,0.0,0.0,0.0,0.0,0.0,0.0,0.0,0.0,0.0,0.0,528.841,0.5497307692307692,440.166,0.45755301455301456,308.928,0.3211309771309771,0.0,0.0,321.508,0.3342079002079002,110.484,0.11484823284823284,228.08700000000002,0.2370966735966736,0.0,0.0,0.0,0.0,22.648000000000003,0.023542619542619547,0.0,0.0,307.443,0.31958731808731805,87.836,0.0913056133056133,1.485,0.0015436590436590438,0.0,0.0,0.0,0.0,293.558,0.30515384615384616,0.0,0.0,228.08700000000002,0.2370966735966736,0.0,0.0,0.0,0.0,27.95,0.029054054054054052,0.0,0.0,0.0,0.0,0.0,0.0,207.754348,0.2159608607068607,45.691266999999996,0.047496119542619536,464.99012999999997,0.48335772349272343,19.924846,0.020711898128898128,239.060406,0.24850354054054055,9.857139,0.010246506237006237,45.709142,0.047514700623700626,27.648349,0.028740487525987526,0.0,0.0,0.021213,2.205093555093555e-05,13.870199,0.014418086278586277,0.0,0.0
85,2589370,KAKO GAWA,KUNIKANE,1656.0,34.7972,134.9178,34.8021,134.9146,0.6,229.098973315841,7.573392591145519,3.81831622,1.7619999999999998,1076.46194286103,0.650037405109318,0.00106400966183575,0.62708406,3.9060629932458366,14.129226551721745,2.449429828609686,35.511107888180874,18.650949048906114,3.621360502731956,0.0,9.59096140538365,0.6666481988963702,0.16455443672498066,14.750051357875972,2.1847188064262446,14282.76637,188.0831858,87.30324484,133.5368732,15.26961652,17312.39764,127.420649,52.5,0.03170289855072464,439.907,0.2656443236714976,77.79,0.04697463768115943,192.558,0.11627898550724637,10.078,0.006085748792270531,528.327,0.31903804347826087,0.0,0.0,2.9939999999999998,0.0018079710144927536,378.967,0.228844806763285,0.0,0.0,0.0,0.0,0.0,0.0,0.0,0.0,0.0,0.0,0.0,0.0,0.0,0.0,0.0,0.0,439.907,0.2656443236714976,55.494,0.03351086956521739,77.79,0.04697463768115943,6.37,0.003846618357487923,0.0,0.0,3.708,0.002239130434782609,0.0,0.0,907.288,0.5478792270531401,192.558,0.11627898550724637,0.0,0.0,340.09,0.2053683574879227,19.395,0.01171195652173913,33.938,0.020493961352657006,0.0,0.0,8.314,0.005020531400966184,14.85,0.008967391304347826,0.0,0.0,275.051,0.16609359903381643,0.0,0.0,0.0,0.0,0.0,0.0,328.629,0.19844746376811595,1.2229999999999999,0.0007385265700483091,661.625,0.3995320048309179,0.0,0.0,0.0,0.0,0.0,0.0,0.0,0.0,0.0,0.0,992.556,0.5993695652173914,690.557,0.4170030193236715,255.07299999999998,0.15402958937198066,0.0,0.0,1012.81,0.6116002415458937,250.831,0.15146799516908213,164.399,0.09927475845410628,0.0,0.0,0.0,0.0,126.134,0.07616787439613526,0.0,0.0,255.07299999999998,0.15402958937198066,124.697,0.07530012077294686,0.0,0.0,0.0,0.0,0.0,0.0,964.14,0.5822101449275362,0.0,0.0,164.399,0.09927475845410628,0.0,0.0,0.0,0.0,48.67,0.029390096618357488,0.0,0.0,0.0,0.0,0.0,0.0,342.845104,0.20703206763285023,20.166428,0.012177794685990338,1189.065644,0.718034809178744,28.740734999999997,0.017355516304347826,107.952528,0.06518872463768116,11.247992,0.006792265700483092,32.499221999999996,0.019625134057971012,42.529183,0.025681873792270535,0.0,0.0,0.0,0.0,69.312271,0.04185523611111111,0.0,0.0
86,2589380,IBO GAWA,KAMIGAWARA,795.5,34.8011,134.5633,34.8021,134.5646,0.2,431.78705808323997,12.4721406852615,21.5893529,0.81,635.637248842871,0.799041167621459,0.0010182275298554401,0.54092236,4.431150294848374,13.298139374796715,2.3969082531574153,37.60637776687315,17.80793748207887,3.5534532084830985,0.0,8.776476676084831,0.653991838326531,0.3341390949487679,13.901616732727414,2.1432901629748944,16998.65244,174.7439024,73.05365854,119.0146341,41.99756098,16328.33049,126.51219509999999,0.0,0.0,130.1,0.16354494028912633,64.34899999999999,0.08089126335637963,80.069,0.10065241986172219,9.762,0.012271527341294783,331.957,0.41729352608422376,0.0,0.0,2.4290000000000003,0.003053425518541798,162.017,0.20366687617850407,0.0,0.0,0.0,0.0,6.971,0.00876304211187932,0.0,0.0,0.0,0.0,0.0,0.0,0.0,0.0,0.0,0.0,130.1,0.16354494028912633,2.4290000000000003,0.003053425518541798,64.34899999999999,0.08089126335637963,9.762,0.012271527341294783,0.0,0.0,0.0,0.0,6.971,0.00876304211187932,493.974,0.6209604022627279,80.069,0.10065241986172219,0.0,0.0,243.653,0.30628912633563793,123.448,0.1551829038340666,0.0,0.0,0.0,0.0,95.729,0.12033815210559397,0.0,0.0,0.0,0.0,108.93299999999999,0.13693651791326208,1.751,0.0022011313639220616,0.0,0.0,6.9110000000000005,0.008687617850408549,0.0,0.0,15.469000000000001,0.019445631678189818,183.21099999999998,0.23030923947203014,0.0,0.0,8.512,0.010700188560653677,0.0,0.0,0.0,0.0,6.9110000000000005,0.008687617850408549,352.586,0.4432256442489001,428.121,0.5381785040854808,129.87,0.16325581395348837,0.0,0.0,636.253,0.7998152105593966,19.31,0.024274041483343806,2.222,0.0027932118164676304,0.0,0.0,0.0,0.0,2.039,0.0025631678189817725,0.0,0.0,129.87,0.16325581395348837,17.271,0.021710873664362036,0.0,0.0,0.0,0.0,0.0,0.0,599.97,0.7542049025769957,0.0,0.0,2.222,0.0027932118164676304,0.0,0.0,0.0,0.0,36.283,0.04561030798240101,0.0,0.0,0.0,0.0,0.0,0.0,73.36122900000001,0.09222027529855438,3.501247,0.004401316153362665,755.432191,0.9496319182903834,5.6676269999999995,0.007124609679446888,32.105869,0.04035935763670647,3.9248849999999997,0.004933859208045254,5.6298580000000005,0.007077131363922062,13.482441,0.016948385920804526,0.0,0.0,0.15854200000000002,0.00019929855436832183,1.2872379999999999,0.0016181495914519169,0.0,0.0
87,2589390,KUZURYU GAWA,NAKATSUNO,1239.6,36.1,136.21,36.1021,136.2104,0.2,698.7436994950459,14.930248076621098,34.937185,9.98,1099.17788008282,0.8867198129096641,0.00805098418844789,0.27827366,7.0457972106785425,10.58951733743026,1.9606598002625344,45.32671369919626,15.264771531435766,3.1690338680463466,4.256103299766218e-05,5.977519815300694,0.4943409041763005,1.1732063692381158,11.361175163386493,1.6077279348766682,27533.98065,147.16145830000002,54.15327381,97.77976190000001,117.859375,16006.33036,128.11904760000002,0.0,0.0,12.145,0.009797515327525009,74.086,0.05976605356566635,59.318999999999996,0.047853339787028076,83.45100000000001,0.06732090997095838,766.824,0.6186060019361085,72.01,0.058091319780574385,5.3870000000000005,0.004345756695708294,131.865,0.10637705711519847,14.790999999999999,0.011932074862858986,0.0,0.0,91.17200000000001,0.07354953210713135,0.0,0.0,0.0,0.0,0.0,0.0,0.0,0.0,0.0,0.0,12.145,0.009797515327525009,5.3870000000000005,0.004345756695708294,74.086,0.05976605356566635,43.113,0.034779767666989356,72.01,0.058091319780574385,40.338,0.032541142303969026,105.963,0.08548160696999033,898.689,0.7249830590513069,59.318999999999996,0.047853339787028076,0.0,0.0,233.27900000000002,0.1881889319135205,240.09900000000002,0.19369070667957408,246.15599999999998,0.19857696030977734,24.381999999999998,0.01966924814456276,50.174,0.040475959987092615,57.178000000000004,0.04612616973217167,0.0,0.0,136.466,0.1100887383026783,0.0,0.0,0.0,0.0,0.0,0.0,210.287,0.16964101323007424,0.0,0.0,115.984,0.09356566634398193,0.0,0.0,0.0,0.0,0.0,0.0,0.0,0.0,24.381999999999998,0.01966924814456276,883.367,0.7126226202000645,406.25699999999995,0.3277323330106486,153.864,0.1241239109390126,0.0,0.0,1033.377,0.8336374636979671,124.262,0.10024362697644403,0.0,0.0,2.505,0.0020208131655372703,0.0,0.0,58.148,0.046908680219425625,0.0,0.0,153.864,0.1241239109390126,54.641000000000005,0.04407954178767345,0.0,0.0,4.746,0.0038286544046466607,0.0,0.0,1015.32,0.8190706679574057,0.0,0.0,0.0,0.0,0.0,0.0,6.726,0.00542594385285576,18.057000000000002,0.014566795740561474,0.0,0.0,2.505,0.0020208131655372703,0.0,0.0,109.615408,0.08842804775734109,2.708216,0.002184749919328816,1210.31712,0.9763771539206195,27.307053000000003,0.022028923039690226,35.321707,0.028494439335269447,1.1138,0.0008985156502097451,16.247167,0.013106782026460151,37.738613,0.03044418602775089,0.0,0.0,0.0,0.0,1.23904,0.0009995482413681833,0.0,0.0
88,2589400,JINZU GAWA,JINTSU-OHASHI,2688.0,36.6983,137.2069,36.6979,137.2021,0.4,945.733257077285,13.9270728179476,23.6433314,2.6210000000000004,2346.65961757847,0.8730132505872281,0.0009750744047619052,0.29861892,6.0913637117300965,9.433477685576667,1.8189964653533772,40.090208135571,14.04058085430928,2.9861422064454195,0.0006173266276206794,4.661732290532164,0.4265080457568494,1.215959415774732,10.071409505590395,1.4331412989437142,22236.89064,135.8605505,35.94605505,82.42348624,96.97027523,16265.611380000002,131.292844,68.693,0.025555431547619047,105.811,0.03936421130952381,60.784,0.022613095238095238,152.94899999999998,0.056900669642857137,16.274,0.006054315476190476,1402.023,0.5215859374999999,180.093,0.06699888392857142,25.369,0.009437872023809524,240.575,0.08949962797619047,323.025,0.12017299107142856,0.0,0.0,125.709,0.04676674107142857,0.0,0.0,0.0,0.0,0.0,0.0,0.0,0.0,0.0,0.0,105.811,0.03936421130952381,94.06200000000001,0.034993303571428575,60.784,0.022613095238095238,8.587,0.003194568452380952,180.093,0.06699888392857142,7.687,0.002859747023809524,448.73400000000004,0.16693973214285715,1642.598,0.6110855654761904,152.94899999999998,0.056900669642857137,0.0,0.0,173.27,0.06446056547619047,189.31,0.07042782738095238,181.912,0.06767559523809524,540.719,0.20116034226190477,485.82800000000003,0.18073958333333334,23.854,0.008874255952380953,0.0,0.0,218.583,0.08131808035714286,0.0,0.0,0.0,0.0,0.0,0.0,383.236,0.14257291666666666,0.0,0.0,508.51,0.18917782738095237,0.0,0.0,0.0,0.0,0.0,0.0,0.0,0.0,540.719,0.20116034226190477,980.8539999999999,0.36490104166666665,1183.6480000000001,0.4403452380952381,300.49,0.11178943452380953,5.336,0.0019851190476190476,2162.522,0.8045096726190476,179.605,0.0668173363095238,58.033,0.02158965773809524,2.855,0.0010621279761904763,5.336,0.0019851190476190476,48.882,0.018185267857142855,0.0,0.0,299.964,0.11159375,130.72299999999998,0.048632068452380946,0.525,0.0001953125,0.0,0.0,0.0,0.0,2038.3239999999998,0.7583050595238094,0.0,0.0,58.033,0.02158965773809524,0.0,0.0,0.0,0.0,124.197,0.04620424107142857,0.0,0.0,2.855,0.0010621279761904763,0.0,0.0,197.570107,0.07350078385416667,27.663096000000003,0.010291330357142858,2464.7878920000003,0.9169597812500001,40.95782,0.015237284226190476,68.661716,0.025543793154761903,6.3628599999999995,0.0023671354166666667,23.619882,0.008787158482142857,41.808442,0.015553735863095238,0.0,0.0,0.0,0.0,6.973839,0.0025944341517857143,0.0,0.0
89,2589410,YURA-GAWA,FUKUCHIYAMA,1344.3,35.3,135.13,35.3021,135.1312,0.3,305.487138059227,9.80127259797133,10.1829046,1.084,1119.95729331536,0.8331155942240269,0.000806367626273897,0.5117857,4.587894180849365,13.396225485139427,2.348018640929445,38.029184735328,18.11733531688691,3.633101450416938,0.00048117860470840354,8.832038600095329,0.6080996872559231,0.4505794549767598,13.925080345045204,2.046666462282382,16895.83684,177.92748369999998,79.51486584,123.71065990000001,38.862219,15165.8992,121.37781000000001,15.092,0.011226660715614074,57.652,0.04288626050732724,13.074000000000002,0.009725507699174293,92.21600000000001,0.06859778323290933,43.958,0.03269954623223983,687.622,0.5115093357137543,2.148,0.0015978576210667263,2.4019999999999997,0.0017868035408762923,433.42699999999996,0.32241835899724763,0.0,0.0,0.0,0.0,2.025,0.0015063601874581566,0.0,0.0,0.0,0.0,0.0,0.0,0.0,0.0,0.0,0.0,57.652,0.04288626050732724,17.493,0.013012720374916313,13.074000000000002,0.009725507699174293,2.504,0.0018626794614297405,2.148,0.0015978576210667263,41.45399999999999,0.030836866770810083,2.025,0.0015063601874581566,1121.048,0.833926950829428,92.21600000000001,0.06859778323290933,0.0,0.0,1062.8339999999998,0.7906226288774826,0.0,0.0,16.991,0.012639291824741501,0.0,0.0,0.0,0.0,0.0,0.0,0.0,0.0,153.847,0.11444394852339508,0.0,0.0,0.0,0.0,0.0,0.0,0.0,0.0,116.45700000000001,0.08663021646953806,0.0,0.0,0.0,0.0,0.0,0.0,0.0,0.0,0.0,0.0,0.0,0.0,1233.672,0.9177058692256194,116.45700000000001,0.08663021646953806,178.459,0.13275236182399763,0.0,0.0,1085.672,0.8076113962657145,85.99700000000001,0.06397158372387117,0.0,0.0,0.0,0.0,0.0,0.0,6.976,0.005189317860596593,0.0,0.0,178.459,0.13275236182399763,79.02199999999999,0.05878300974484862,0.0,0.0,0.0,0.0,0.0,0.0,1072.281,0.7976500781075653,0.0,0.0,0.0,0.0,0.0,0.0,0.0,0.0,13.390999999999998,0.009961318158149221,0.0,0.0,0.0,0.0,0.0,0.0,142.518697,0.10601703265640111,25.617501,0.019056386967194822,1214.213336,0.9032309276203229,14.473532999999998,0.010766594510153982,36.073170000000005,0.026834166480696277,6.839776,0.0050879833370527415,15.943688,0.011860215725656476,20.696299,0.01539559547720003,0.0,0.0,0.0,0.0,5.576707,0.004148409581194674,0.0,0.0
90,2589420,MARUYAMA-GAWA,FUICHIBA,837.0,35.48,134.8,35.4813,134.7896,1.0,396.10880342388396,12.8352731379659,3.96108803,0.0,707.9872785766589,0.8458629373675729,0.0,0.47048959,4.758772839616566,12.915108838498524,2.2389530596073635,38.224030897033145,17.770934175652897,3.4989445345452004,0.0001671247849885488,8.232399377416996,0.6068423965109185,0.6299599889898994,13.502605529700508,1.9689405631804842,18026.03226,170.73041469999998,72.46658986,116.9193548,82.72695853,14207.49194,119.1670507,0.0,0.0,118.787,0.14191995221027479,60.208,0.07193309438470728,64.175,0.0766726403823178,2.238,0.0026738351254480285,392.45300000000003,0.46888052568697736,0.0,0.0,8.876,0.010604540023894863,192.41099999999997,0.2298817204301075,0.0,0.0,0.0,0.0,8.633,0.0103142174432497,0.0,0.0,0.0,0.0,0.0,0.0,0.0,0.0,0.0,0.0,118.787,0.14191995221027479,8.876,0.010604540023894863,60.208,0.07193309438470728,2.238,0.0026738351254480285,0.0,0.0,0.0,0.0,8.633,0.0103142174432497,584.864,0.6987622461170848,64.175,0.0766726403823178,0.0,0.0,89.616,0.10706810035842294,129.765,0.1550358422939068,13.686,0.016351254480286737,0.0,0.0,113.961,0.13615412186379927,0.0,0.0,0.0,0.0,13.216,0.015789725209080046,21.976999999999997,0.026256869772998803,0.0,0.0,0.0,0.0,136.107,0.16261290322580646,108.081,0.12912903225806452,158.832,0.18976344086021504,0.0,0.0,62.54,0.07471923536439666,0.0,0.0,0.0,0.0,0.0,0.0,252.625,0.30182198327359616,595.156,0.7110585424133811,93.14200000000001,0.11128076463560335,0.0,0.0,724.16,0.8651851851851852,30.479,0.03641457586618877,0.0,0.0,0.0,0.0,0.0,0.0,13.072000000000001,0.01561768219832736,0.0,0.0,93.14200000000001,0.11128076463560335,16.541,0.01976224611708483,0.0,0.0,0.866,0.001034647550776583,0.0,0.0,706.793,0.8444360812425329,0.0,0.0,0.0,0.0,0.0,0.0,0.0,0.0,17.367,0.02074910394265233,0.0,0.0,0.0,0.0,0.0,0.0,65.80351999999999,0.07861830346475507,13.679644,0.016343660692951015,794.936035,0.9497443667861409,11.323499,0.013528672640382319,24.003088,0.028677524492234173,2.194636,0.002622026284348865,9.316275,0.011130555555555555,11.074926,0.013231691756272401,0.0,0.0,0.0,0.0,1.877793,0.0022434802867383513,0.0,0.0
91,2589500,SHINANO GAWA,OJIYA,9719.0,37.31,138.81,37.3146,138.8063,0.6,973.61805929205,12.3810394492014,16.2269677,13.313,7336.09295202144,0.7548197296040171,0.00136979113077477,0.41331116,4.510554876928567,9.03625346457476,1.86426265465504,29.586008677735485,13.729623477008612,2.967891089993928,0.006537600918850986,4.156338822470109,0.5139278130178795,1.5255405824611503,9.700171117017453,1.5274406975676311,16737.6104,135.447839,33.05108818,81.03504649,105.00378049999999,17647.74323,135.42249919999998,129.17,0.013290461981685358,212.34599999999998,0.021848544088898032,2181.295,0.22443615598312586,396.92,0.04083959255067394,406.98199999999997,0.04187488424735055,3601.111,0.37052279041053604,137.965,0.01419539047227081,7.726,0.0007949377507974071,1269.5,0.1306204342010495,824.7560000000001,0.08486017079946498,16.297,0.001676818602736907,397.925,0.04094299825084886,0.0,0.0,0.0,0.0,73.456,0.0075579792159687215,5.933,0.0006104537503858422,0.0,0.0,212.34599999999998,0.021848544088898032,136.89600000000002,0.014085399732482767,2271.048,0.23367095380183145,171.135,0.017608293034262784,137.965,0.01419539047227081,235.847,0.024266591213087767,1222.675,0.1258025517028501,4870.611,0.5011432246115856,396.92,0.04083959255067394,5.933,0.0006104537503858422,1092.891,0.11244891449737628,1642.685,0.16901790307644818,227.08,0.02336454367733306,0.0,0.0,979.4789999999999,0.100779812737936,725.8510000000001,0.07468371231608191,0.0,0.0,837.692,0.08619117193126866,31.052,0.0031949789072949894,1121.83,0.11542648420619404,0.0,0.0,2974.5640000000003,0.30605659018417536,0.0,0.0,113.027,0.011629488630517543,0.0,0.0,0.0,0.0,0.0,0.0,0.0,0.0,0.0,0.0,6979.908,0.7181714168124294,2766.243,0.28462218335219674,1116.106,0.11483753472579483,2205.987,0.22697674657886616,5280.658,0.5433334705216586,934.3489999999999,0.09613633089824056,160.82399999999998,0.01654738141784134,48.597,0.00500020578248791,455.93699999999995,0.046911925095174396,119.398,0.012285008745755735,1722.906,0.17727194155777343,1110.557,0.11426659121308777,634.989,0.06533480810783003,5.55,0.0005710464039510237,27.646,0.0028445313303837845,27.144000000000002,0.0027928799259183045,5238.641,0.5390102891243955,0.0,0.0,160.82399999999998,0.01654738141784134,0.0,0.0,152.316,0.015671982714271015,42.018,0.004323284288507048,0.0,0.0,48.597,0.00500020578248791,0.0,0.0,857.6138390000001,0.08824095472785266,618.306145,0.06361828840415681,7553.191414,0.7771572604177385,292.93995099999995,0.030140955962547584,475.18734000000006,0.048892616524333785,36.585418,0.0037643191686387487,170.469272,0.017539795452207015,188.819381,0.019427860993929416,0.0,0.0,0.0,0.0,47.666212,0.004904435847309394,0.0,0.0
92,2589501,SHINANO GAWA,IWASAWA,8126.0,37.24,138.81,37.2479,138.8063,0.9,1048.1496962975698,12.201130166729401,11.6461077,10.556,6090.468569945229,0.74950388505356,0.00129904011813931,0.46002136,4.064783335620591,8.809894037329727,1.8698871494763076,30.253600844348203,13.606947941073269,2.973809966961343,0.003841110989043525,3.853262763681668,0.5141425184985171,0.9681319437103076,9.493007414622557,1.523367661028156,14994.02323,133.9074434,29.85940161,78.86548285,79.86852347,18192.15386,137.9080516,129.17,0.015895889736647795,203.49200000000002,0.025042087127738127,1959.6660000000002,0.2411599803101157,354.38800000000003,0.04361161703174994,373.034,0.04590622692591681,2865.098,0.35258405119369923,87.163,0.01072643366970219,7.726,0.000950775289195176,943.591,0.11611998523258676,761.925,0.09376384444991386,16.297,0.0020055377799655426,337.204,0.0414969234555747,0.0,0.0,0.0,0.0,73.456,0.009039625892197884,5.933,0.0007301255230125523,0.0,0.0,203.49200000000002,0.025042087127738127,136.89600000000002,0.016846665025842974,2049.419,0.2522051439822791,149.529,0.01840130445483633,87.163,0.01072643366970219,223.505,0.02750492247108048,1099.124,0.1352601525966035,3808.6890000000003,0.46870403642628605,354.38800000000003,0.04361161703174994,5.933,0.0007301255230125523,888.375,0.10932500615308885,1511.745,0.18603802608909673,226.44799999999998,0.027867093280826972,0.0,0.0,691.67,0.08511813930593157,685.3889999999999,0.08434518828451881,0.0,0.0,661.817,0.08144437607679055,31.052,0.0038213142997784886,1121.83,0.1380543933054393,0.0,0.0,2276.603,0.280162810730987,0.0,0.0,102.04,0.012557223726310608,0.0,0.0,0.0,0.0,0.0,0.0,0.0,0.0,0.0,0.0,5860.460999999999,0.7211987447698744,2336.506,0.2875345803593404,939.0269999999999,0.11555833128230371,2194.873,0.2701049716957913,4044.3070000000002,0.49769960620231357,820.309,0.10094868323898597,153.753,0.01892111740093527,45.068999999999996,0.005546271228156534,452.217,0.05565062761506276,95.213,0.011717080974649274,1722.906,0.21202387398474035,933.477,0.11487533841988679,545.134,0.06708515874969234,5.55,0.0006829928624169333,27.646,0.0034021658872754124,19.750999999999998,0.002430593157765198,4002.29,0.4925289195175978,0.0,0.0,153.753,0.01892111740093527,0.0,0.0,152.316,0.018744277627368938,42.018,0.005170809746492739,0.0,0.0,45.068999999999996,0.005546271228156534,0.0,0.0,694.602489,0.0854790166133399,604.644146,0.07440858306669948,6298.150418,0.7750615823283289,213.57451899999998,0.02628285983263598,435.87557699999996,0.053639623061777005,27.812413,0.00342264496677332,150.986741,0.018580696652719664,151.541348,0.018648947575682993,0.0,0.0,0.0,0.0,46.238440999999995,0.005690184715727294,0.0,0.0
93,2589502,SHINANO GAWA,TATEGAHANA,6442.3,36.73,138.31,36.7313,138.3104,0.1,1098.2839785468702,12.319110764430599,109.828398,8.658999999999999,4717.32589702411,0.7322425060962869,0.00134408518696739,0.49523695,3.784940763815348,8.732132865039263,1.8744425048890816,31.410720740185475,13.608002693977351,2.980327586742322,0.0011878102016947222,3.702369213087311,0.5075815295089247,0.4072893348362271,9.454491189678386,1.5250239723557002,13764.1262,134.7869767,26.99968992,77.89968992,48.47007752,18937.729919999998,140.859845,105.617,0.016394300172298714,176.392,0.027380283439144403,1770.7939999999999,0.27486984462070996,304.35400000000004,0.047243065364854175,338.691,0.052572994117007894,2035.287,0.3159255234931624,76.53399999999999,0.011879918662589447,7.726,0.0011992611334461294,710.107,0.11022569579187556,493.983,0.07667804976483554,16.297,0.002529686602610869,282.442,0.043841795631994786,0.0,0.0,0.0,0.0,62.835,0.009753504183288577,5.933,0.000920944383217174,0.0,0.0,176.392,0.027380283439144403,113.344,0.01759371652981078,1849.9270000000001,0.2871531906306754,118.59200000000001,0.018408332427859615,76.53399999999999,0.011879918662589447,220.09900000000002,0.034164661689148286,776.425,0.12051984539683032,2745.3940000000002,0.42615121928503796,304.35400000000004,0.047243065364854175,5.933,0.000920944383217174,888.375,0.13789717957872188,982.316,0.1524790835571147,226.44799999999998,0.03515017928379616,0.0,0.0,691.67,0.10736382968815485,555.376,0.0862077208450398,0.0,0.0,551.136,0.08554957080545766,31.052,0.004820017695543517,842.815,0.1308251711345327,0.0,0.0,1574.243,0.24436039923629757,0.0,0.0,93.744,0.01455132483740279,0.0,0.0,0.0,0.0,0.0,0.0,0.0,0.0,0.0,0.0,4638.392,0.7199900656597799,1798.781,0.2792141005541499,833.0039999999999,0.12930226782360335,1440.126,0.22354221318473216,3453.188,0.5360178818123962,576.873,0.08954457259053444,110.427,0.017140927929466185,23.927,0.0037140462257268365,432.675,0.0671615727302361,72.101,0.011191810378281049,1007.451,0.15638064045449607,827.455,0.12844092948170685,353.528,0.054876053583347566,5.55,0.0008614935659624667,0.68,0.00010555236483864459,0.0,0.0,3411.17,0.5294956770097636,0.0,0.0,110.427,0.017140927929466185,0.0,0.0,150.565,0.02337131148813312,42.018,0.0065222048026326,0.0,0.0,23.927,0.0037140462257268365,0.0,0.0,531.799222,0.08254803750213432,518.9595019999999,0.08055500395821368,4896.684038,0.760083205997858,162.334265,0.025198184654548837,387.950084,0.06021918941992766,25.161223,0.003905627338062493,104.209489,0.016175820592024586,109.189223,0.01694879515080018,0.0,0.0,0.0,0.0,43.075953999999996,0.006686424724089222,0.0,0.0
94,2589503,SHINANO GAWA,KUISEGE,2595.9,36.53,138.12,36.5312,138.1146,0.5,1106.00510224075,9.889745508982037,22.120102,0.965,1856.66711989318,0.7152306020621669,0.000371740051619862,0.61219164,3.2889991058156363,8.746692273345571,2.013497742158561,30.348191221425548,13.784220479503135,3.1600772708352007,0.00045255342871774844,3.6725019958944674,0.5127421004201569,0.14161355593517558,9.386655362127986,1.678016749041549,12188.951340000001,136.8855586,27.42351109,79.12767614,31.93616193,19873.026469999997,143.7442585,42.19,0.016252552101390653,12.493,0.00481258908278439,1359.3229999999999,0.5236422820601717,136.129,0.0524400015408914,44.78,0.01725027928656728,521.73,0.20098231827111984,9.712,0.0037412843329866327,0.0,0.0,208.717,0.08040255787973342,75.40100000000001,0.029046188219885208,16.297,0.006277976809584344,92.139,0.035494048306945566,0.0,0.0,0.0,0.0,13.210999999999999,0.005089179090103624,0.7,0.0002696559959936823,0.0,0.0,12.493,0.00481258908278439,42.19,0.016252552101390653,1388.8310000000001,0.5350094379598598,16.457,0.006339612465811472,9.712,0.0037412843329866327,28.322,0.010910281597904387,167.54,0.06454023652683076,730.447,0.2813848761508533,136.129,0.0524400015408914,0.7,0.0002696559959936823,182.602,0.07034246311491198,550.405,0.2120285835355753,226.44799999999998,0.08723294425825338,0.0,0.0,109.676,0.04224970145229015,168.326,0.06484302168804652,0.0,0.0,35.565,0.01370045071073616,1.275,0.0004911591355599214,766.727,0.29536076120035437,0.0,0.0,504.17800000000005,0.19422088678300398,0.0,0.0,0.0,0.0,0.0,0.0,0.0,0.0,0.0,0.0,0.0,0.0,0.0,0.0,1883.846,0.7257005277553065,661.355,0.254769058900574,175.792,0.06771909549674486,1105.662,0.4259262683462383,836.757,0.3223379174852652,310.324,0.11954389614391926,110.427,0.04253900381370623,6.232,0.002400708810046612,292.11,0.11252744712816365,5.4910000000000005,0.0021152586771447284,813.551,0.31339843599522327,175.505,0.06760853653838746,168.167,0.06478177125467083,0.287,0.00011055895835740975,0.68,0.0002619515389652914,0.0,0.0,807.185,0.31094610732308636,0.0,0.0,110.427,0.04253900381370623,0.0,0.0,135.986,0.052384914673138404,29.573,0.01139219538503024,0.0,0.0,6.232,0.002400708810046612,0.0,0.0,209.381958,0.08065871489656766,238.77075499999998,0.09197995107669786,1925.348187,0.7416881185715937,74.300612,0.02862229361685735,136.914973,0.05274277630109018,7.300047999999999,0.002812145306059555,57.536246999999996,0.02216427712931931,30.672218,0.01181563927732193,0.0,0.0,0.0,0.0,30.661528999999998,0.011811521630263106,0.0,0.0
95,2589504,SHINANO GAWA,IKUTA,2036.4,36.36,138.28,36.3688,138.2854,1.1,1171.5557923046094,9.55779988494575,10.6505072,0.7340000000000001,1499.92644018915,0.7365578669166909,0.000360439992142997,0.59882671,3.39668237897861,8.478333502130521,2.034024130608372,31.49430109157881,13.515565605067987,3.1850416191025275,0.00033608046262625143,3.4249503696295776,0.5093392339911338,0.09749600527988428,9.123868158886133,1.7019681862088936,12526.47214,133.6964809,24.32893451,76.07282502,27.28152493,19766.62121,143.91153469999998,7.71,0.003786093105480259,5.03,0.002470045177764683,1216.9189999999999,0.5975834806521311,72.258,0.035483205657041834,31.381,0.015410037320762128,365.402,0.17943527794146533,9.712,0.004769200549990179,0.0,0.0,115.25200000000001,0.056595953643684936,71.046,0.034888037713612256,16.297,0.008002848163425653,92.139,0.04524602239245727,0.0,0.0,0.0,0.0,13.210999999999999,0.006487428795914358,0.0,0.0,0.0,0.0,5.03,0.002470045177764683,7.71,0.003786093105480259,1246.4260000000002,0.6120732665488117,13.395999999999999,0.006578275387939501,9.712,0.004769200549990179,17.985,0.008831761932822627,163.185,0.08013406010606954,480.654,0.23603123158515024,72.258,0.035483205657041834,0.0,0.0,182.602,0.08966902376743273,487.524,0.2394048320565704,226.44799999999998,0.11120015714005106,0.0,0.0,86.609,0.04253044588489491,156.809,0.07700304458848949,0.0,0.0,0.0,0.0,1.2429999999999999,0.0006103908858770378,717.51,0.35234236888626985,0.0,0.0,160.296,0.07871538008249852,0.0,0.0,0.0,0.0,0.0,0.0,0.0,0.0,0.0,0.0,0.0,0.0,0.0,0.0,1443.664,0.7089294834020821,575.376,0.28254566882734233,87.897,0.04316293459045374,920.818,0.4521793360832842,643.73,0.3161117658613239,256.161,0.12579110194460813,110.427,0.0542265763111373,0.0,0.0,270.393,0.13277990571596934,0.0,0.0,650.425,0.31939943036731483,87.65299999999999,0.04304311530151247,119.49600000000001,0.05868002357100766,0.244,0.0001198192889412689,0.68,0.00033392260852484776,0.0,0.0,618.018,0.3034855627578079,0.0,0.0,110.427,0.0542265763111373,0.0,0.0,135.986,0.06677764682773521,25.712,0.012626203103516007,0.0,0.0,0.0,0.0,0.0,0.0,162.891511,0.07998993861716755,200.16911299999998,0.09829557699862501,1554.435156,0.763325061873895,68.184921,0.03348306865055981,84.671717,0.04157911854252602,5.340161,0.0026223536633274407,34.890572999999996,0.01713345757218621,18.993535,0.00932701581221764,0.0,0.0,0.0,0.0,28.516779999999997,0.014003525829895893,0.0,0.0
96,2589505,UONO GAWA,HORINOUCHI,1408.0,37.24,138.933,37.2396,138.9354,0.2,632.9205075856501,14.2711141158169,31.6460254,2.757,1126.3541333577198,0.799967424259744,0.0019580965909090893,0.26687762,6.822546161794947,9.98423715509016,1.8207849143732384,35.869470610722,14.50011143443356,3.0061614684430937,0.007737954373027741,5.275868191724387,0.4205245446405853,2.590557776273379,10.369866186062398,1.4601385630103625,25684.18366,140.67248600000002,47.11522346,89.81075419,243.08659219999998,14840.61522,123.0384078,0.0,0.0,0.0,0.0,175.583,0.12470383522727273,40.263000000000005,0.028595880681818186,22.837,0.016219460227272726,660.034,0.4687741477272727,50.802,0.036080965909090906,0.0,0.0,293.552,0.20848863636363638,62.83,0.044623579545454546,0.0,0.0,60.721000000000004,0.04312571022727273,0.0,0.0,0.0,0.0,0.0,0.0,0.0,0.0,0.0,0.0,0.0,0.0,0.0,0.0,175.583,0.12470383522727273,16.333,0.011600142045454544,50.802,0.036080965909090906,6.504,0.004619318181818182,123.552,0.08775000000000001,953.586,0.6772627840909091,40.263000000000005,0.028595880681818186,0.0,0.0,204.516,0.1452528409090909,130.941,0.09299786931818183,0.632,0.00044886363636363635,0.0,0.0,287.81,0.20441051136363636,38.13,0.027080965909090912,0.0,0.0,135.143,0.09598224431818182,0.0,0.0,0.0,0.0,0.0,0.0,558.924,0.39696306818181815,0.0,0.0,10.526,0.007475852272727273,0.0,0.0,0.0,0.0,0.0,0.0,0.0,0.0,0.0,0.0,937.346,0.6657286931818182,429.276,0.30488352272727276,150.567,0.10693678977272728,11.114,0.007893465909090909,1122.309,0.7970944602272727,82.632,0.058687500000000004,0.0,0.0,0.0,0.0,3.721,0.002642755681818182,24.186,0.017177556818181818,0.0,0.0,150.567,0.10693678977272728,58.446999999999996,0.04151065340909091,0.0,0.0,0.0,0.0,7.393,0.005250710227272727,1122.309,0.7970944602272727,0.0,0.0,0.0,0.0,0.0,0.0,0.0,0.0,0.0,0.0,0.0,0.0,0.0,0.0,0.0,0.0,139.796289,0.09928713707386363,6.645881,0.0047200859375,1194.750814,0.848544612215909,78.179606,0.05552528835227273,29.345423999999998,0.020841920454545453,6.8143839999999996,0.004839761363636363,19.837785,0.014089335937500001,26.922219000000002,0.019120894176136365,0.0,0.0,0.0,0.0,1.427771,0.0010140419034090908,0.0,0.0
97,2589506,SAI GAWA,KOICHI,2773.0,36.62,138.14,36.6229,138.1396,0.3,1192.29647406513,14.869302124668698,39.7432158,7.441,2135.88120169615,0.770242048934782,0.0026833754056978,0.392456,4.470568078596828,8.491941798130389,1.7545012443258134,36.39739454296552,13.32539676514972,2.848281924210319,2.2335139499476327e-05,3.4413667690145227,0.4683071643370164,0.3898769576528806,9.22065546635674,1.3347611815001643,15723.544590000001,130.591649,21.37473461,73.18612879999999,54.5601557,18573.45081,140.8177636,20.698,0.00746411828344753,49.077,0.01769816083663902,241.583,0.08711972592859718,98.23299999999999,0.035424810674359895,169.58700000000002,0.06115650919581681,1194.007,0.430583122971511,51.803000000000004,0.018681211684096647,4.85,0.0017490082942661375,356.461,0.1285470609448251,391.42400000000004,0.14115542733501624,0.0,0.0,171.44299999999998,0.061825820411107096,0.0,0.0,0.0,0.0,2.31,0.0008330328164442842,0.0,0.0,0.0,0.0,49.077,0.01769816083663902,25.548000000000002,0.009213126577713669,243.893,0.08795275874504146,22.896,0.008256761630003606,51.803000000000004,0.018681211684096647,146.691,0.0528997475658132,562.867,0.2029812477461233,1550.4679999999998,0.5591301839163361,98.23299999999999,0.035424810674359895,0.0,0.0,705.773,0.25451604760187524,273.241,0.09853624233681932,0.0,0.0,0.0,0.0,515.378,0.18585575189325643,190.896,0.06884096646231518,0.0,0.0,332.10400000000004,0.11976343310494052,0.0,0.0,0.0,0.0,0.0,0.0,660.852,0.2383166245943022,0.0,0.0,93.744,0.033805986296429856,0.0,0.0,0.0,0.0,0.0,0.0,0.0,0.0,0.0,0.0,1889.624,0.6814367111431663,882.363,0.3181979805265056,405.05800000000005,0.1460721240533718,18.047,0.006508113956004328,2157.325,0.7779751172015866,187.7,0.06768842408943382,0.0,0.0,3.858,0.0013912729895420124,18.047,0.006508113956004328,30.854,0.011126577713667507,0.0,0.0,405.05800000000005,0.1460721240533718,156.41299999999998,0.05640569780021636,0.0,0.0,0.0,0.0,0.0,0.0,2145.781,0.7738121168409664,0.0,0.0,0.0,0.0,0.0,0.0,0.433,0.00015614857554994592,11.544,0.004163000360620267,0.0,0.0,3.858,0.0013912729895420124,0.0,0.0,243.169769,0.08769194698882077,147.623223,0.053235926072845295,2318.239834,0.836004267580238,60.592261,0.021850797331410026,129.464853,0.04668764983772088,9.740618,0.003512664262531554,22.073584,0.007960181752614497,56.972793,0.020545543815362423,0.0,0.0,0.0,0.0,6.645711,0.002396578074287775,0.0,0.0
98,2589550,AGANO GAWA,MAOROSHI,6997.0,37.7361,139.2722,37.7396,139.2729,0.4,740.7074224014,12.101637202681301,18.5176856,149.857,5941.70987574458,0.849179630662367,0.021417321709304,0.35583096,5.06335656218066,9.240780014679427,1.8016990454850683,30.68560119938318,13.725427355695707,2.9791028394356185,0.003289846801754159,4.462685781753617,0.4576945166237502,1.7600323449045248,9.656633736690523,1.413981452814574,18550.88,132.5900719,35.09510791,80.45942446,146.3293525,15279.1846,125.44460430000001,44.271,0.006327140202944119,39.051,0.005581106188366443,546.7230000000001,0.07813677290267258,486.61,0.06954551950836073,148.632,0.021242246677147348,3242.1279999999997,0.46335972559668426,17.549,0.002508074889238245,5.475,0.0007824782049449763,1342.906,0.1919259682721166,367.787,0.052563527225953977,6.0360000000000005,0.000862655423753037,501.134,0.07162126625696727,34.277,0.004898813777333143,0.0,0.0,24.997,0.0035725310847506075,37.608000000000004,0.005374874946405603,0.0,0.0,39.051,0.005581106188366443,49.746,0.007109618407889096,612.033,0.08747077318850936,49.687,0.007101186222666857,17.549,0.002508074889238245,98.944,0.014140917536086895,868.921,0.12418479348292126,4585.034000000001,0.655285693868801,486.61,0.06954551950836073,37.608000000000004,0.005374874946405603,901.584,0.1288529369729884,437.485,0.06252465342289552,19.587,0.0027993425753894525,0.0,0.0,839.181,0.11993440045733887,78.453,0.011212376732885523,0.0,0.0,399.909,0.05715435186508504,0.0,0.0,247.62,0.035389452622552525,0.0,0.0,2734.248,0.39077433185650995,0.0,0.0,1188.993,0.16992896955838216,0.0,0.0,6.8420000000000005,0.0009778476489924253,8.359,0.0011946548520794626,0.0,0.0,0.0,0.0,4389.7609999999995,0.6273775903958839,2472.501,0.35336587108760903,721.825,0.10316206945833929,617.318,0.08822609689867085,5166.008,0.7383175646705731,355.87199999999996,0.05086065456624267,0.0,0.0,124.9,0.017850507360297273,167.979,0.024007288838073463,26.249000000000002,0.003751464913534372,441.287,0.06306802915535228,683.696,0.09771273402886951,260.981,0.03729898527940546,26.78,0.003827354580534515,68.642,0.009810204373302843,8.052,0.001150778905245105,5139.215,0.7344883521509219,0.0,0.0,0.0,0.0,7.185,0.001026868657996284,0.0,0.0,26.793000000000003,0.0038292125196512797,4.163,0.0005949692725453767,124.9,0.017850507360297273,0.0,0.0,415.098672,0.05932523538659426,123.494827,0.017649682292411033,6064.946349,0.8667923894526225,216.279407,0.030910305416607116,99.85623199999999,0.014271292268114905,24.671172,0.0035259642704016003,39.463193,0.005640016149778476,259.164604,0.03703938888094898,0.0,0.0,0.0,0.0,11.628296,0.0016618973845933973,0.0,0.0
99,2589551,AGANO GAWA,YAMASHINA,2714.9,36.61,139.82,37.6104,139.8063,0.0,717.99511337758,10.318636027995401,0,122.724,1985.4252785784,0.7313069647421271,0.0452038749125198,0.44206915,4.068946284529009,9.32388086735077,1.7987556171246917,29.120083793110837,13.988025033738682,2.9991160444158527,0.0009449149028362232,4.376060586336512,0.4236127957351353,0.9660843227040641,9.85634795890301,1.3914890048419857,14961.64107,133.1722998,36.73218222,82.2674504,88.83504776,15681.35893,126.2454078,5.609,0.002066006114405687,21.206,0.007810969096467641,30.826999999999998,0.011354746031161368,0.0,0.0,7.166,0.0026395079008434933,1125.282,0.4144837747246675,186.09799999999998,0.06854690780507569,1.311,0.00048289071420678473,514.133,0.18937456259899077,0.0,0.0,0.0,0.0,16.166,0.005954547128807691,0.0,0.0,0.0,0.0,0.0,0.0,0.0,0.0,0.0,0.0,21.206,0.007810969096467641,6.92,0.0025488968286124718,30.826999999999998,0.011354746031161368,0.0,0.0,186.09799999999998,0.06854690780507569,7.166,0.0026395079008434933,16.166,0.005954547128807691,1639.415,0.6038583373236583,0.0,0.0,0.0,0.0,128.275,0.047248517440789714,0.0,0.0,45.663999999999994,0.016819772367306345,0.0,0.0,0.0,0.0,0.843,0.0003105086743526465,0.0,0.0,12.662,0.00466389185605363,0.0,0.0,0.0,0.0,1590.389,0.5858002136358613,0.0,0.0,132.135,0.04867030093189435,0.0,0.0,0.0,0.0,6.9639999999999995,0.0025651036870602967,0.0,0.0,0.0,0.0,1590.389,0.5858002136358613,187.44400000000002,0.06904269033850234,139.09799999999998,0.05123503628126266,40.42,0.014888209510479207,0.0,0.0,1838.19,0.6770746620501676,38.321999999999996,0.014115437032671551,0.0,0.0,0.0,0.0,0.0,0.0,8.209,0.003023684113595344,0.0,0.0,40.42,0.014888209510479207,30.113000000000003,0.011091752919076209,0.0,0.0,0.0,0.0,0.0,0.0,1786.866,0.6581700983461637,0.0,0.0,0.0,0.0,0.0,0.0,0.0,0.0,51.323,0.018904195366311834,0.0,0.0,0.0,0.0,0.0,0.0,39.156178000000004,0.014422696231905412,66.27923,0.024413138605473495,1807.6359710000002,0.6658204615271281,101.55293,0.03740577185163358,8.056751,0.002967605068326642,2.372028,0.0008737073188699398,3.967565,0.0014614037349441969,35.207066999999995,0.012968089800729306,0.0,0.0,0.0,0.0,1.131154,0.0004166466536520682,0.0,0.0
100,2589552,AGANO GAWA,OYA,868.0,37.38,139.93,37.3812,139.9271,0.3,862.0222641023538,11.950532020742399,28.7340755,2.438,749.3847370340559,0.8633464712373922,0.00280875576036866,0.48467089,3.76830993792202,9.007823687062064,1.826390129896144,29.970239171090878,13.616720122657915,3.0085540103371735,0.0005089709263225343,4.11063846664082,0.4532530148236538,0.6479257939163541,9.5016842723709,1.4249656642396986,14095.128209999999,130.148272,29.23522854,76.61649944,88.89855072,15819.231880000001,127.690078,44.271,0.05100345622119816,2.7030000000000003,0.003114055299539171,440.56,0.5075576036866359,328.23800000000006,0.3781543778801844,63.441,0.07308870967741936,913.9110000000001,1.0528928571428573,17.549,0.020217741935483872,0.0,0.0,493.38599999999997,0.5684170506912442,71.003,0.08180069124423964,6.0360000000000005,0.006953917050691245,125.805,0.14493663594470046,34.277,0.03948963133640553,0.0,0.0,24.997,0.028798387096774195,34.855,0.040155529953917045,0.0,0.0,2.7030000000000003,0.003114055299539171,44.271,0.05100345622119816,505.871,0.5828006912442396,22.004,0.025350230414746544,17.549,0.020217741935483872,41.437,0.04773847926267281,196.80700000000002,0.22673617511520738,1407.297,1.6213099078341013,328.23800000000006,0.3781543778801844,34.855,0.040155529953917045,68.337,0.07872926267281107,229.865,0.2648214285714286,0.0,0.0,0.0,0.0,92.633,0.1067200460829493,38.643,0.04451958525345622,0.0,0.0,399.035,0.4597177419354839,0.0,0.0,247.62,0.28527649769585256,0.0,0.0,949.8380000000001,1.094283410138249,0.0,0.0,577.681,0.6655311059907835,0.0,0.0,0.0,0.0,0.0,0.0,0.0,0.0,0.0,0.0,1703.474,1.9625276497695852,900.179,1.0370725806451613,464.61800000000005,0.5352741935483871,490.293,0.5648536866359447,1478.328,1.703142857142857,170.662,0.1966152073732719,0.0,0.0,117.551,0.1354274193548387,162.505,0.18721774193548388,6.837999999999999,0.007877880184331797,327.788,0.37763594470046086,436.4,0.5027649769585253,111.516,0.1284746543778802,24.054000000000002,0.02771198156682028,52.306999999999995,0.060261520737327184,0.0,0.0,1478.328,1.703142857142857,0.0,0.0,0.0,0.0,0.0,0.0,0.0,0.0,0.0,0.0,4.163,0.004796082949308756,117.551,0.1354274193548387,0.0,0.0,321.770877,0.3707037753456221,86.286751,0.09940869930875576,2116.290714,2.4381229423963138,96.689504,0.11139343778801843,76.178925,0.08776373847926268,15.151295999999999,0.017455410138248847,27.667941,0.031875508064516125,168.766251,0.1944311647465438,0.0,0.0,0.0,0.0,5.690801,0.006556222350230415,0.0,0.0
101,2589600,IWAKI GAWA,GOSHOGAWARA,1740.3,40.8075,140.4406,40.8062,140.4396,0.2,351.45376051636697,9.012536796019312,17.572688,5.693,940.6564673399,0.5405139730735511,0.0032712750675170893,0.36592901,4.76550260123549,9.082122374694134,1.7438356634739929,33.48253744342025,14.202546715704573,2.8669121214424584,0.003497891501442624,4.243776844101023,0.4516577767784946,1.140258095105824,9.48749714983158,1.315034225222011,15476.78971,126.1797967,39.92947903,81.68106734,151.3506989,14436.414869999999,117.62007620000001,1.348,0.0007745790955582372,0.0,0.0,136.517,0.07844452105958742,39.251,0.022554157329196117,4.5760000000000005,0.002629431707176924,384.283,0.22081422743205195,0.0,0.0,0.0,0.0,189.847,0.10908866287421709,30.794,0.017694650347641214,0.0,0.0,55.07899999999999,0.0316491409527093,0.0,0.0,0.0,0.0,0.0,0.0,0.0,0.0,0.0,0.0,0.0,0.0,1.348,0.0007745790955582372,136.517,0.07844452105958742,0.0,0.0,0.0,0.0,4.5760000000000005,0.002629431707176924,85.87299999999999,0.04934379130035051,574.13,0.329902890306269,39.251,0.022554157329196117,0.0,0.0,41.595,0.02390105154283744,55.123000000000005,0.0316744239498937,0.0,0.0,0.0,0.0,24.664,0.0141722691489973,20.916,0.012018617479744873,0.0,0.0,28.906,0.01660977992300178,0.0,0.0,61.662,0.035431822099637994,0.0,0.0,343.968,0.19764868126185142,0.0,0.0,264.861,0.15219272539217377,0.0,0.0,0.0,0.0,0.0,0.0,0.0,0.0,0.0,0.0,497.04699999999997,0.2856099523070735,344.648,0.19803941849106477,54.912,0.03155318048612308,113.56700000000001,0.06525713957363674,595.154,0.34198356605183017,78.062,0.0448554846865483,0.0,0.0,0.0,0.0,0.0,0.0,0.0,0.0,113.56700000000001,0.06525713957363674,54.912,0.03155318048612308,33.27,0.01911739355283572,0.0,0.0,44.791000000000004,0.025737516520140207,0.0,0.0,595.154,0.34198356605183017,0.0,0.0,0.0,0.0,0.0,0.0,0.0,0.0,0.0,0.0,0.0,0.0,0.0,0.0,0.0,0.0,24.231563,0.01392378497960122,21.143054,0.012149085789806354,852.591214,0.4899104832500144,25.381864999999998,0.01458476412112854,7.454923,0.0042836999367925075,1.2718969999999998,0.0007308492788599666,3.97035,0.002281416997069471,14.229460000000001,0.008176440843532725,0.0,0.0,0.0,0.0,1.394009,0.0008010164914095271,0.0,0.0
102,2589610,KOYOSHI GAWA,TODOROKI-BASHI,937.0,39.37,140.07,39.3729,140.0687,0.3,334.42228767065,7.31519633169724,11.1474096,0.0,700.413511176681,0.7475064153433091,0.0,0.30011401,6.529520921880219,9.816243919384414,1.9596007090513308,36.56593526244279,14.763087499467987,3.1770636193294766,0.014431111918614131,5.02164336558158,0.5252803764850704,2.157031985736169,9.843250026052926,1.5530762798640632,22722.19008,141.17665290000002,50.92975207,94.35123967,121.14359499999999,14329.3874,118.1239669,0.0,0.0,0.0,0.0,422.404,0.45080469583778016,80.845,0.08628068303094984,96.801,0.10330949839914622,248.36599999999999,0.2650651013874066,0.638,0.0006808964781216649,0.0,0.0,274.801,0.29327748132337245,106.383,0.11353575240128068,0.0,0.0,202.96,0.21660618996798292,0.0,0.0,0.0,0.0,0.0,0.0,6.372000000000001,0.00680042689434365,0.0,0.0,0.0,0.0,0.0,0.0,422.404,0.45080469583778016,46.791000000000004,0.04993703308431164,0.638,0.0006808964781216649,50.01,0.053372465314834576,309.343,0.33014194236926364,523.1669999999999,0.558342582710779,80.845,0.08628068303094984,6.372000000000001,0.00680042689434365,93.14299999999999,0.09940554962646743,126.691,0.1352091782283885,0.0,0.0,0.0,0.0,0.0,0.0,0.0,0.0,0.0,0.0,267.376,0.2853532550693703,0.0,0.0,402.905,0.42999466382070434,0.0,0.0,498.99300000000005,0.5325432230522946,0.0,0.0,57.053999999999995,0.06089007470651013,0.0,0.0,0.0,0.0,0.0,0.0,0.0,0.0,0.0,0.0,1262.4160000000002,1.3472956243329777,183.745,0.1960992529348986,309.686,0.3305080042689434,366.667,0.39132017075773745,706.568,0.7540747065101387,52.037,0.05553575240128068,10.318,0.011011739594450374,0.884,0.0009434364994663821,185.963,0.19846638207043757,0.0,0.0,151.36,0.1615368196371398,309.686,0.3305080042689434,52.037,0.05553575240128068,0.0,0.0,0.0,0.0,29.343000000000004,0.03131590181430097,698.216,0.7451611526147278,0.0,0.0,10.318,0.011011739594450374,0.0,0.0,0.0,0.0,8.352,0.008913553895410885,0.0,0.0,0.884,0.0009434364994663821,0.0,0.0,156.084039,0.16657848345784418,223.31521,0.23833000000000001,1013.905966,1.0820768046958378,51.134593,0.054572671291355394,82.06505200000001,0.08758276627534686,5.275775,0.005630496264674494,17.861104,0.019062010672358593,28.826207,0.030764361792956243,0.0,0.0,0.0,0.0,3.573546,0.0038138164354322305,0.0,0.0
103,2589620,AKA GAWA,HAMANAKA,695.1,38.84,139.82,38.8396,139.8187,0.1,467.833885013551,12.372476512785699,46.7833885,2.7960000000000003,650.437073138471,0.935746041056641,0.0040224428139836,0.24276201,7.9301945255682895,9.810633418975721,1.9251500018225045,43.887484618613996,14.595082566357036,3.1860123013802397,0.015687082554634146,5.192715993733973,0.5522886116851201,2.861499708829925,9.855075357947374,1.5343450544649493,25836.2666,135.49892930000001,47.55139186,91.43147752,222.15738760000002,14138.70664,119.2087794,2.2969999999999997,0.0033045604948928205,0.0,0.0,75.13,0.10808516760178391,58.011,0.08345705653862753,70.973,0.10210473313192346,562.461,0.8091799741044454,2.2880000000000003,0.003291612717594591,0.0,0.0,55.68600000000001,0.080112214069918,61.617,0.08864479930945188,0.0,0.0,6.955,0.010005754567688102,0.0,0.0,0.0,0.0,0.0,0.0,6.212000000000001,0.008936843619623077,0.0,0.0,0.0,0.0,2.2969999999999997,0.0033045604948928205,75.13,0.10808516760178391,70.973,0.10210473313192346,2.2880000000000003,0.003291612717594591,0.0,0.0,68.572,0.09865055387713997,618.1469999999999,0.8892921881743633,58.011,0.08345705653862753,6.212000000000001,0.008936843619623077,0.0,0.0,397.49699999999996,0.5718558480794129,0.0,0.0,0.0,0.0,0.0,0.0,0.0,0.0,0.0,0.0,83.29700000000001,0.11983455617896707,0.0,0.0,0.0,0.0,0.0,0.0,420.98900000000003,0.6056524241116387,0.0,0.0,0.0,0.0,0.0,0.0,0.0,0.0,0.0,0.0,0.0,0.0,0.0,0.0,504.286,0.7254869802906057,397.49699999999996,0.5718558480794129,77.608,0.11165012228456338,202.68400000000003,0.2915896993238383,273.881,0.39401668824629543,77.795,0.11191914832398216,269.818,0.3881714861171054,0.0,0.0,115.094,0.16557905337361528,47.369,0.06814702920443101,87.59,0.126010645950223,77.608,0.11165012228456338,30.426,0.04377211911955114,0.0,0.0,0.0,0.0,0.0,0.0,273.881,0.39401668824629543,0.0,0.0,269.818,0.3881714861171054,0.0,0.0,0.0,0.0,0.0,0.0,0.0,0.0,0.0,0.0,0.0,0.0,108.403144,0.15595330743777872,24.802735000000002,0.03568225435189182,773.349953,1.1125736627823335,52.30636,0.07525012228456336,19.069086,0.027433586534311608,1.007096,0.0014488505251043014,4.9587330000000005,0.007133841173931809,9.626381,0.013848915263990793,0.0,0.0,0.0,0.0,0.0,0.0,0.0,0.0
104,2589700,MOGAMI GAWA,TAKAYA,6270.9,38.76,140.07,38.7562,140.0687,0.4,446.62220580668196,9.641612407588472,11.1655551,3.346,4505.05845207274,0.7184069993258929,0.000533575722783014,0.30606798,5.6323900536782485,9.525524552103134,1.7238942407380244,31.56053992208048,14.269418481756189,2.9285205701053463,0.010311912281931778,4.710270696443422,0.4236897267655357,1.995883449132985,9.804214469542703,1.318254521396095,18696.90625,135.8201142,46.34406726,89.44923858,163.6081853,14734.824709999999,120.44400379999999,0.0,0.0,15.649000000000001,0.002495495064504298,0.0,0.0,59.034,0.009413959718700666,132.21,0.021083098119887102,338.629,0.05400006378669729,0.0,0.0,0.0,0.0,204.736,0.032648583137986575,20.088,0.0032033679376166106,0.0,0.0,77.468,0.012353569663046772,0.0,0.0,0.0,0.0,0.0,0.0,2.7319999999999998,0.0004356631424516417,9.311,0.0014847948460348596,24.959,0.003980130443795946,0.0,0.0,0.0,0.0,120.13600000000001,0.019157696662361067,0.0,0.0,12.074000000000002,0.0019254014575260333,97.556,0.015556937600663382,543.365,0.08664864692468387,59.034,0.009413959718700666,2.7319999999999998,0.0004356631424516417,2.245,0.0003580028385080292,121.544,0.019382225836801735,0.0,0.0,3.883,0.0006192093638871614,289.268,0.04612862587507375,0.0,0.0,0.0,0.0,165.618,0.02641056307707028,0.0,0.0,77.344,0.012333795786888644,0.0,0.0,157.404,0.02510070324833756,0.0,0.0,38.883,0.006200545376261781,0.0,0.0,0.0,0.0,0.0,0.0,12.798,0.0020408553796105824,3.883,0.0006192093638871614,415.409,0.0662439203304151,449.695,0.07171139708813727,139.76,0.022287072031127907,81.152,0.012941045145035003,555.254,0.08854454703471591,93.353,0.014886698878948796,0.0,0.0,0.847,0.00013506833149946578,0.0,0.0,54.592,0.00870560844535872,81.152,0.012941045145035003,106.89299999999999,0.01704587858202172,31.878,0.005083480840070803,24.656,0.003931812020603103,6.882999999999999,0.0010976095935192715,0.0,0.0,540.832,0.08624471766413115,0.0,0.0,0.0,0.0,0.0,0.0,0.0,0.0,14.422,0.002299829370584765,8.21,0.0013092219617598753,0.847,0.00013506833149946578,0.0,0.0,151.459439,0.0241527434658502,25.014933,0.003989049897143951,698.089909,0.11132212425648633,22.029513,0.003512974692627853,42.271634999999996,0.006740919963641582,2.4217009999999997,0.0003861807715001036,5.527229,0.0008814092076097531,17.129957,0.0027316584541293917,0.040172,6.406098008260378e-06,0.261183,4.165000239200115e-05,1.518415,0.00024213669489228025,0.0,0.0
105,2589701,MOGAMI GAWA,SAGOSHI,6497.2,38.88,139.91,38.8812,139.9104,0.1,442.86800243818,9.73336253016831,44.2868002,3.346,4844.6071303986,0.7456453749920892,0.000514991073077633,0.3035198,5.704831938239536,9.565461714576477,1.731529473737696,31.611420091102623,14.302179681070342,2.9341496793569664,0.010600528582946828,4.765709120447019,0.43136986367536495,2.06241686492955,9.770356990264037,1.3242646087840657,19005.92725,135.986285,47.03041145,89.85912343,169.622093,14687.247169999999,120.248062,205.76,0.031669026657637135,124.016,0.019087606969155946,567.496,0.08734470233331282,324.281,0.04991088468878902,513.789,0.07907852613433479,2375.348,0.36559564119928584,0.0,0.0,0.0,0.0,1300.44,0.20015391245459585,186.59599999999998,0.028719448377762725,33.603,0.005171920211783538,373.87,0.05754324939974143,46.364,0.007135997044880871,0.0,0.0,44.383,0.006831096472326542,20.152,0.0031016437850150836,0.0,0.0,124.016,0.019087606969155946,205.76,0.031669026657637135,691.846,0.10648371606230377,436.556,0.06719140552853536,0.0,0.0,77.233,0.011887120605799422,560.466,0.08626269777750416,3675.7870000000003,0.5657493997414271,324.281,0.04991088468878902,20.152,0.0031016437850150836,11.558,0.0017789201502185557,430.074,0.06619374499784524,0.0,0.0,0.0,0.0,694.755,0.10693144739272302,342.839,0.052767192021178355,0.0,0.0,1047.3110000000001,0.16119420673520904,4.168,0.0006415071107554024,105.57700000000001,0.016249615218863513,0.0,0.0,3172.325,0.48826032752570336,0.0,0.0,333.65,0.051352890475897306,0.0,0.0,0.0,0.0,0.0,0.0,0.0,0.0,0.0,0.0,4679.609,0.7202501077387183,1462.6470000000002,0.22511958997722098,1016.623,0.1564709413285723,171.362,0.026374746044449917,3752.7909999999997,0.577601274395124,720.24,0.11085390629809765,479.32099999999997,0.07377347164932586,2.094,0.00032229267992365943,10.107999999999999,0.001555747091054608,227.495,0.03501431385827741,161.255,0.024819152865849906,1007.296,0.15503539986455706,475.546,0.07319245213322662,9.326,0.0014353875515606723,17.2,0.0026472942190482055,0.0,0.0,3670.6490000000003,0.5649585975497138,0.0,0.0,479.32099999999997,0.07377347164932586,0.0,0.0,0.0,0.0,82.14200000000001,0.012642676845410332,0.0,0.0,2.094,0.00032229267992365943,0.0,0.0,827.223275,0.1273199647540479,328.746343,0.05059815659053131,4567.7860789999995,0.703039167487533,184.465875,0.0283915956104168,276.948901,0.04262588515052638,25.83059,0.0039756495105583945,79.547725,0.012243385612263744,123.573176,0.019019450840362002,0.0,0.0,0.0,0.0,11.130414,0.001713109339407745,0.0,0.0
106,2589702,MOGAMI GAWA,INASHITA,3769.5,38.65,140.35,38.6437,140.3438,0.9,481.508654200995,9.76287547527338,5.35009616,3.346,3016.41394878194,0.8002159301716251,0.000887650882079851,0.32637601,5.233795606116902,9.591959129875038,1.7081853065345125,31.543007510921136,14.380089703543515,2.9170451398711794,0.007687367712264864,4.717661750119295,0.4009049517929991,1.6000458390984666,9.889977310540138,1.3005049950811218,17091.453080000003,136.39913869999998,44.5743427,89.01881233,144.9861741,15183.44855,122.26133270000001,205.76,0.054585488791616926,124.016,0.03289985409205465,568.92,0.15092717867091124,359.356,0.09533253747181324,555.408,0.14734261838440113,2576.32,0.6834646504841492,0.0,0.0,0.0,0.0,1372.3770000000002,0.36407401512136894,208.197,0.05523199363310784,33.603,0.008914444886589734,403.644,0.10708157580580979,46.364,0.012299774505902639,0.0,0.0,44.383,0.011774240615466242,21.929000000000002,0.0058174824247247655,0.0,0.0,124.016,0.03289985409205465,205.76,0.054585488791616926,693.27,0.18391563867886987,465.226,0.12341849051598355,0.0,0.0,90.18299999999999,0.023924393155590924,611.841,0.16231356943891764,3948.698,1.0475389308926912,359.356,0.09533253747181324,21.929000000000002,0.0058174824247247655,11.558,0.0030661891497546093,462.278,0.12263642392890305,0.0,0.0,0.0,0.0,709.41,0.18819737365698366,342.839,0.09095078922934076,0.0,0.0,1085.238,0.287899721448468,10.76,0.0028544899854092056,125.274,0.03323358535614803,0.0,0.0,3455.5240000000003,0.9167061944554982,0.0,0.0,340.57,0.0903488526329752,0.0,0.0,0.0,0.0,0.0,0.0,0.0,0.0,0.0,0.0,5020.432,1.331856214352036,1523.0179999999998,0.40403714020427106,1080.76,0.28671176548613875,204.305,0.05419949595437061,3934.784,1.0438477251624885,749.694,0.1988842021488261,572.8580000000001,0.1519718795596233,8.5,0.002254940973603926,10.107999999999999,0.0026815227483751158,227.495,0.06035150550470885,194.197,0.05151797320599549,1064.614,0.28242843878498475,488.417,0.12957076535349515,16.146,0.004283326701153999,33.782,0.008961931290622097,0.0,0.0,3852.6420000000003,1.0220565061679268,0.0,0.0,572.8580000000001,0.1519718795596233,0.0,0.0,0.0,0.0,82.14200000000001,0.021791218994561615,0.0,0.0,8.5,0.002254940973603926,0.0,0.0,880.071109,0.23347157686695846,335.25753599999996,0.08893952407481097,4868.175999,1.291464650218862,211.516156,0.056112523146305875,285.606089,0.07576763204669054,26.04149,0.006908473272317283,81.064243,0.02150530388645709,137.580041,0.03649822018835389,0.0,0.0,0.0,0.0,11.541244,0.003061743997877703,0.0,0.0
107,2589703,MOGAMI GAWA,NAGASAKI,2146.9,38.34,140.29,38.3396,140.2896,0.1,511.246839929664,9.801499475335712,51.124684,0.596,1536.3462941963,0.7156114836258329,0.000277609576598817,0.30122977,5.6664647268269785,9.508011738786573,1.7069078806665048,33.90993293697992,14.309042065750218,2.92642415978642,0.005364123033028472,4.59550260793238,0.4040267686196453,1.6898585103098958,9.763112030010602,1.2856009987609311,18600.90618,137.05142080000002,43.33784393,88.24221922,149.4248985,14972.267930000002,122.067659,86.87899999999999,0.04046718524383995,122.314,0.056972378778704175,260.687,0.12142484512552984,264.77,0.1233266570403838,420.24699999999996,0.19574595929013924,1668.5020000000002,0.777168009688388,0.0,0.0,0.0,0.0,996.1110000000001,0.4639764311332619,136.112,0.0633993199496949,17.125,0.007976617448413992,187.33,0.0872560435977456,46.364,0.021595789277562994,0.0,0.0,44.383,0.02067306348688807,20.152,0.009386557361777447,0.0,0.0,122.314,0.056972378778704175,86.87899999999999,0.04046718524383995,368.559,0.1716703153383949,354.765,0.16524523731892496,0.0,0.0,65.48100000000001,0.03050025618333411,323.442,0.1506553635474405,2664.613,1.2411444408216497,264.77,0.1233266570403838,20.152,0.009386557361777447,11.558,0.00538357631934417,395.621,0.1842754669523499,0.0,0.0,0.0,0.0,598.367,0.27871209651124873,207.86599999999999,0.09682146350551958,0.0,0.0,848.172,0.39506823792444923,0.0,0.0,105.57700000000001,0.04917648702780754,0.0,0.0,1889.098,0.8799189529088453,0.0,0.0,236.213,0.11002515254553076,0.0,0.0,0.0,0.0,0.0,0.0,0.0,0.0,0.0,0.0,3062.2709999999997,1.4263687176859656,1230.201,0.5730127160091294,793.888,0.3697834086357073,164.83700000000002,0.07677907680842146,2684.215,1.2502748148493177,523.769,0.24396525222413712,125.764,0.05857934696539196,0.0,0.0,10.107999999999999,0.0047081838930551016,209.828,0.09773533932647072,154.72899999999998,0.07207089291536634,784.561,0.3654390050770879,302.978,0.14112348036704084,9.326,0.004343937770739205,10.963,0.005106432530625552,0.0,0.0,2602.073,1.2120140667939818,0.0,0.0,125.764,0.05857934696539196,0.0,0.0,0.0,0.0,82.14200000000001,0.0382607480553356,0.0,0.0,0.0,0.0,0.0,0.0,591.604545,0.2755622269318552,295.859011,0.1378075415715683,3082.3110699999997,1.4357031394103124,122.924077,0.057256545251292555,239.095036,0.11136756998462899,21.813142000000003,0.010160297172667568,64.90645500000001,0.030232640085704972,89.75795,0.04180816526153989,0.0,0.0,0.0,0.0,8.739335,0.00407067632400205,0.0,0.0
108,2589704,MOGAMI GAWA,NISHIOTSUKA,1917.9,38.06,140.07,38.0604,140.0729,0.3,504.5832132276401,9.31023426407951,16.8194404,0.229,656.3700272163289,0.342233707292523,0.00011940142864591499,0.37677076,4.508975574136478,9.631468023406356,1.6988501675582317,30.77225751114429,14.475136326269086,2.9452585009692367,0.0014461804919992955,4.65206166237742,0.3642793586532689,1.084848772801185,10.003848475714646,1.25861609718271,15981.53468,139.8930636,44.35067437,90.28420039,116.5770713,15270.263009999999,123.00481699999999,26.671,0.013906355910110016,5.374,0.002802023046039939,135.576,0.07068981698732989,135.891,0.07085405912717034,242.917,0.12665780280515146,896.1210000000001,0.46724073205068045,0.0,0.0,0.0,0.0,499.967,0.2606846029511445,73.37,0.03825538349236144,0.0,0.0,60.935,0.0317717294958027,0.0,0.0,0.0,0.0,24.215999999999998,0.012626310026591583,7.249,0.0037796548308045253,0.0,0.0,5.374,0.002802023046039939,26.671,0.013906355910110016,159.792,0.08331612701392148,207.58700000000002,0.10823661296209396,0.0,0.0,35.329,0.01842066843943897,134.305,0.07002711298816414,1396.088,0.7279253350018249,135.891,0.07085405912717034,7.249,0.0037796548308045253,11.558,0.00602638302309818,64.74600000000001,0.03375879868606289,0.0,0.0,0.0,0.0,404.467,0.2108905573804682,128.989,0.06725533135199958,0.0,0.0,375.44800000000004,0.19575994577402367,0.0,0.0,33.013000000000005,0.017213097658897756,0.0,0.0,1029.7060000000001,0.536892434433495,0.0,0.0,68.183,0.03555086292298869,0.0,0.0,0.0,0.0,0.0,0.0,0.0,0.0,0.0,0.0,1578.714,0.8231471922415141,537.3969999999999,0.2802007403931383,374.79400000000004,0.1954189478074978,37.764,0.01969028625058658,1344.07,0.7008029615725533,247.227,0.12890505240106365,112.256,0.05853068460295114,0.0,0.0,3.8080000000000003,0.001985504979404557,99.65,0.05195787058762188,33.955999999999996,0.01770478127118202,365.467,0.1905558162573648,147.577,0.07694718181344178,9.326,0.004862610146514417,0.0,0.0,0.0,0.0,1283.579,0.6692627352833828,0.0,0.0,112.256,0.05853068460295114,0.0,0.0,0.0,0.0,60.49100000000001,0.03154022628917045,0.0,0.0,0.0,0.0,0.0,0.0,304.072468,0.1585444851139267,113.489452,0.059173810939047916,1625.918207,0.8477596365816779,54.414873,0.02837211168465509,95.334026,0.04970750612649251,10.98286,0.005726502945930445,25.263013,0.01317222639345117,44.185913,0.02303869492674279,0.0,0.0,0.0,0.0,4.14881,0.0021632045466395537,0.0,0.0
109,2589750,KYUOMONO GAWA,TSUBAKIGAWA,4035.0,39.61,140.16,39.6104,140.1604,0.1,355.93393891897006,9.06627150979798,35.5933939,8.811,2876.7776253863103,0.712956040987933,0.00218364312267658,0.31329879,5.594350658241358,9.342792445103374,1.7527032773173543,31.171960375045128,14.257308632965977,2.9193856013938517,0.01004951137530932,4.43311401500163,0.4316027418296116,2.020460343583006,9.496772739210996,1.3505321614885557,20081.62072,132.9780505,45.75902761,88.11777201,156.02478169999998,14206.77154,117.39603490000002,7.744,0.0019192069392812887,0.0,0.0,71.435,0.01770384138785626,60.472,0.014986864931846346,161.168,0.039942503097893434,377.236,0.0934909541511772,0.0,0.0,0.0,0.0,228.942,0.05673903345724907,23.125999999999998,0.005731350681536554,0.0,0.0,5.181,0.001284014869888476,0.0,0.0,0.0,0.0,24.215999999999998,0.006001486988847583,6.974,0.001728376703841388,0.0,0.0,0.0,0.0,7.744,0.0019192069392812887,95.65100000000001,0.023705328376703843,152.56,0.0378091697645601,0.0,0.0,8.607999999999999,0.002133333333333333,28.307,0.007015365551425031,606.178,0.15022998760842626,60.472,0.014986864931846346,6.974,0.001728376703841388,7.305,0.0018104089219330853,51.821000000000005,0.01284287484510533,0.0,0.0,0.0,0.0,117.475,0.029114002478314745,67.52600000000001,0.016735068153655518,0.0,0.0,270.422,0.067019083023544,0.0,0.0,0.063,1.561338289962825e-05,0.0,0.0,437.324,0.1083826517967782,0.0,0.0,22.378,0.005545972738537794,0.0,0.0,0.0,0.0,0.0,0.0,0.0,0.0,0.0,0.0,782.6389999999999,0.19396257744733578,191.674,0.04750285006195787,214.011,0.053038661710037176,37.764,0.00935910780669145,475.909,0.117945229244114,144.336,0.03577100371747212,102.292,0.02535117719950434,0.0,0.0,3.8080000000000003,0.0009437422552664189,88.432,0.02191623296158612,33.955999999999996,0.00841536555142503,204.685,0.050727385377942996,55.903999999999996,0.013854770755885997,9.326,0.002311276332094176,0.0,0.0,0.0,0.0,475.472,0.11783692688971499,0.0,0.0,102.292,0.02535117719950434,0.0,0.0,0.0,0.0,0.43700000000000006,0.00010830235439900868,0.0,0.0,0.0,0.0,0.0,0.0,182.60536100000002,0.04525535588599752,45.36159,0.011242029739776952,728.8898360000001,0.1806418428748451,20.786761,0.005151613630731102,54.693525,0.013554776951672863,6.540686,0.0016209878562577448,16.744531,0.004149821809169764,18.985705,0.004705255266418835,0.0,0.0,0.0,0.0,2.885,0.000714993804213135,0.0,0.0
110,2589751,KYUOMONO GAWA,JINGUJI,3336.5,39.48,140.42,39.4854,140.4187,0.6,405.281085565504,10.061171702527302,6.75468476,8.811,2381.34055086951,0.71372412733988,0.0026407912483141,0.30177434,5.675872793367617,9.11616555278515,1.7128327692302054,31.919549451132088,14.032842798306973,2.8803516767742727,0.008241189484190215,4.184508826519256,0.4121382653495668,1.9942541225014447,9.303868606784212,1.301900200933223,20194.36531,129.802725,43.66732898,85.63894408,169.80017030000002,14168.527390000001,117.70791940000001,43.26,0.012965682601528547,0.0,0.0,516.627,0.15484100104900345,246.641,0.07392207402967181,486.06300000000005,0.14568050352165443,1925.8220000000001,0.5771982616514312,0.0,0.0,0.0,0.0,345.469,0.10354233478195714,256.235,0.07679754233478196,0.0,0.0,173.22299999999998,0.051917578300614414,0.0,0.0,0.0,0.0,0.0,0.0,9.917,0.0029722763374793945,0.0,0.0,0.0,0.0,43.26,0.012965682601528547,516.627,0.15484100104900345,377.481,0.11313682002098006,0.0,0.0,108.58200000000001,0.03254368350067436,429.459,0.12871542035066685,2271.291,0.6807405964333884,246.641,0.07392207402967181,9.917,0.0029722763374793945,0.0,0.0,598.234,0.1792998651281283,0.0,0.0,0.0,0.0,145.697,0.04366761576502323,31.998,0.009590289225236026,0.0,0.0,841.9169999999999,0.2523353813876817,5.439,0.001630151356211599,3.83,0.0011479094859883111,0.0,0.0,2119.356,0.6352033568110296,0.0,0.0,265.306,0.07951625955342424,0.0,0.0,0.0,0.0,0.0,0.0,0.0,0.0,0.0,0.0,2997.1,0.898276637194665,1014.676,0.30411389180278736,889.584,0.26662190918627304,523.012,0.15675468305110143,1643.5739999999998,0.4926042259853139,329.379,0.09871991607972427,627.504,0.18807253109545932,12.715,0.003810879664318897,10.87,0.0032579049902592533,125.08,0.037488386033268394,512.1419999999999,0.1534967780608422,861.492,0.2582023078075828,171.033,0.05126120185823467,0.0,0.0,33.265,0.009970028472950697,0.0,0.0,1640.3120000000001,0.49162655477296574,7.7989999999999995,0.0023374793945751533,627.504,0.18807253109545932,20.292,0.006081822268844598,0.0,0.0,3.263,0.000977970927618762,0.0,0.0,12.715,0.003810879664318897,0.0,0.0,701.068919,0.2101210606923423,95.67156899999999,0.028674230181327736,3029.13732,0.9078787112243368,171.133345,0.051291276787052295,132.787533,0.03979845137119736,13.632357,0.0040858255657125735,37.660322,0.01128737359508467,96.536905,0.028933584594635096,0.0,0.0,0.0,0.0,5.374892,0.0016109372096508316,0.0,0.0
111,2589752,KYUOMONO GAWA,OMAGARI-BASHI,1882.1,39.45,140.46,39.4479,140.4688,0.8,356.263520596245,9.552935371885107,4.45329401,1.241,1295.07943310084,0.688103412730907,0.000659369852823973,0.3268872,5.278735669101686,9.574620976278432,1.7255511446691756,30.355413328543268,14.469459907854125,2.9243888043937667,0.0066693020972966675,4.659706499025249,0.3934863246502783,1.7416596432920453,9.777504966465312,1.3058158306666945,18956.20697,135.0865672,48.74029851,90.50597015,157.9358209,14298.61144,117.83731340000001,43.033,0.022864353647521388,0.0,0.0,470.431,0.24995005578874663,229.245,0.12180277349768875,383.55300000000005,0.20378991551989803,1472.871,0.782567876308379,0.0,0.0,0.0,0.0,291.33299999999997,0.15479145635194727,256.235,0.13614313798416663,0.0,0.0,173.22299999999998,0.09203708623346261,0.0,0.0,0.0,0.0,0.0,0.0,4.945,0.0026273843047659533,0.0,0.0,0.0,0.0,43.033,0.022864353647521388,470.431,0.24995005578874663,287.269,0.15263216619733277,0.0,0.0,96.28399999999999,0.05115774932256522,429.459,0.22818075553902556,1764.204,0.9373593326603262,229.245,0.12180277349768875,4.945,0.0026273843047659533,0.0,0.0,577.465,0.30681951012167263,0.0,0.0,0.0,0.0,124.435,0.06611497795016205,31.998,0.01700122203921152,0.0,0.0,736.5189999999999,0.3913283034907815,5.439,0.002889857074544392,3.83,0.0020349609478773714,0.0,0.0,1614.56,0.8578502736305191,0.0,0.0,236.989,0.12591732639073377,0.0,0.0,0.0,0.0,0.0,0.0,0.0,0.0,0.0,0.0,2386.906,1.2682142287869933,944.328,0.5017416715371128,827.1419999999999,0.439478242388821,523.012,0.277887466128261,1555.9489999999998,0.8267089952712395,208.465,0.11076191488231232,216.479,0.11501992455236174,1.2,0.0006375856755751555,10.87,0.0057754635779182825,60.52,0.03215557090484034,512.1419999999999,0.2721120025503427,799.051,0.424552893045003,114.68,0.06093193772913236,0.0,0.0,33.265,0.017674406248339623,0.0,0.0,1552.6860000000001,0.8249752935550716,7.7989999999999995,0.0041437755698421974,216.479,0.11501992455236174,20.292,0.010781573773975879,0.0,0.0,3.263,0.00173370171616811,0.0,0.0,1.2,0.0006375856755751555,0.0,0.0,597.142427,0.31727454811115247,74.273714,0.0394632134318049,2517.263922,1.3374761819244463,155.448153,0.08259292970617926,114.846977,0.06102065618192445,10.58308,0.005623016842888264,30.303302000000002,0.0161007927315233,78.954676,0.04195030869773126,0.0,0.0,0.0,0.0,1.9520680000000001,0.0010371754954572022,0.0,0.0
112,2589753,KYUOMONO GAWA,OMONOGAWA-BASHI,1240.0,39.28,140.4,39.2771,140.4021,0.4,451.26045360887906,10.6410258505848,11.2815113,1.241,989.103835824527,0.7976643837294569,0.0010008064516129,0.32172074,5.360151545898838,9.342259349776187,1.7244719136232145,31.521310336934093,14.220278375942746,2.93914940502035,0.005272866907222399,4.435005782570694,0.3893525565905916,1.7092099065099535,9.63125745706424,1.3027709648437331,19340.22588,129.2610322,44.72251309,85.78534031,153.5991025,14208.11219,118.32011969999999,33.274,0.026833870967741938,0.0,0.0,223.18200000000002,0.17998548387096774,173.097,0.1395943548387097,305.14599999999996,0.2460854838709677,847.314,0.6833177419354839,0.0,0.0,0.0,0.0,119.936,0.0967225806451613,91.374,0.07368870967741935,0.0,0.0,110.859,0.08940241935483871,0.0,0.0,0.0,0.0,0.0,0.0,4.945,0.003987903225806452,0.0,0.0,0.0,0.0,33.274,0.026833870967741938,223.18200000000002,0.17998548387096774,241.405,0.19468145161290323,0.0,0.0,63.742,0.051404838709677415,202.233,0.16309112903225806,967.2489999999999,0.7800395161290322,173.097,0.1395943548387097,4.945,0.003987903225806452,0.0,0.0,280.853,0.2264943548387097,0.0,0.0,0.0,0.0,43.563,0.03513145161290323,3.2039999999999997,0.0025838709677419355,0.0,0.0,462.19800000000004,0.3727403225806452,0.0,0.0,3.83,0.003088709677419355,0.0,0.0,1046.531,0.8439766129032258,0.0,0.0,72.525,0.05848790322580646,0.0,0.0,0.0,0.0,0.0,0.0,0.0,0.0,0.0,0.0,1515.7620000000002,1.2223887096774195,396.941,0.3201137096774193,538.73,0.4344596774193549,26.488000000000003,0.021361290322580648,1081.193,0.8719298387096774,93.94200000000001,0.07575967741935484,171.40900000000002,0.13823306451612904,0.937,0.0007556451612903227,6.351,0.005121774193548387,44.058,0.03553064516129032,20.137,0.01623951612903226,510.639,0.4118056451612903,49.88399999999999,0.04022903225806451,0.0,0.0,0.0,0.0,0.0,0.0,1081.193,0.8719298387096774,7.7989999999999995,0.006289516129032257,171.40900000000002,0.13823306451612904,20.292,0.01636451612903226,0.0,0.0,0.0,0.0,0.0,0.0,0.937,0.0007556451612903227,0.0,0.0,383.77313300000003,0.3094944620967742,60.630137,0.04889527177419355,1398.662362,1.1279535177419355,60.856928,0.049078167741935484,79.320131,0.06396784758064517,7.383369999999999,0.00595433064516129,16.579681,0.013370710483870969,41.974072,0.03385005806451613,0.0,0.0,0.0,0.0,1.494667,0.0012053766129032258,0.0,0.0
113,2589754,TAMA GAWA,NAGANO,1088.0,39.54,140.533,39.5396,140.5271,0.5,541.81408323681,10.948639960660401,10.8362817,7.57,925.33305322358,0.8504899386246141,0.00695772058823529,0.2664177,6.350786003813485,8.101430468347724,1.6919618255435114,40.45162697203914,13.114781763938868,2.8503134427829395,0.004677153466974218,3.104150643586946,0.4215877039895276,1.6719136935962406,8.269672103885863,1.2756082608225612,22362.28268,117.7894737,32.24787776,74.94906621,175.459253,13901.08574,117.7937182,9.922,0.009119485294117647,0.0,0.0,107.834,0.09911213235294118,113.86399999999999,0.10465441176470587,113.345,0.10417738970588235,624.4580000000001,0.5739503676470589,0.0,0.0,0.0,0.0,82.26799999999999,0.07561397058823528,90.43,0.08311580882352942,0.0,0.0,110.859,0.1018924632352941,0.0,0.0,0.0,0.0,0.0,0.0,0.0,0.0,0.0,0.0,0.0,0.0,9.922,0.009119485294117647,107.834,0.09911213235294118,71.791,0.065984375,0.0,0.0,41.555,0.03819393382352941,201.28900000000002,0.18500827205882353,706.7260000000001,0.6495643382352942,113.86399999999999,0.10465441176470587,0.0,0.0,0.0,0.0,261.14799999999997,0.2400257352941176,0.0,0.0,0.0,0.0,43.563,0.04003952205882353,0.7490000000000001,0.0006884191176470589,0.0,0.0,179.062,0.16457904411764707,0.0,0.0,3.83,0.0035202205882352944,0.0,0.0,694.3960000000001,0.6382316176470589,0.0,0.0,71.23,0.06546875,0.0,0.0,0.0,0.0,0.0,0.0,0.0,0.0,0.0,0.0,878.0369999999999,0.8070193014705882,375.94,0.3455330882352941,208.34099999999998,0.19148988970588232,26.488000000000003,0.02434558823529412,846.817,0.7783244485294117,85.90700000000001,0.07895863970588236,85.48299999999999,0.0785689338235294,0.937,0.0008612132352941177,6.351,0.0058373161764705885,44.058,0.040494485294117644,20.137,0.01850827205882353,203.40099999999998,0.18694944852941175,41.849,0.038464154411764706,0.0,0.0,0.0,0.0,0.0,0.0,846.817,0.7783244485294117,4.941,0.004541360294117647,85.48299999999999,0.0785689338235294,0.0,0.0,0.0,0.0,0.0,0.0,0.0,0.0,0.937,0.0008612132352941177,0.0,0.0,149.11878000000002,0.13705770220588237,34.696907,0.03189053952205883,1060.308086,0.9745478731617647,49.779792,0.04575348529411765,37.896217,0.03483108180147059,3.209228,0.002949658088235294,7.891828,0.0072535183823529414,25.121979999999997,0.02309005514705882,0.0,0.0,0.0,0.0,0.0,0.0,0.0,0.0
114,2589800,YONESHIRO GAWA,FUTATSUI,3750.4,40.2,140.24,40.2021,140.2396,0.2,384.521040593328,9.16657262275284,19.226052,2.886,3188.86396153331,0.8502730272859721,0.000769517918088737,0.35274129,4.988748402100804,8.70341465845183,1.7597375484630873,33.05077159573146,13.72702305892792,2.933871199290436,0.006521092488911866,3.812219968562596,0.44466379771132175,1.3130373457841409,8.878842503700596,1.3318691673319991,18209.49319,127.08194650000002,36.82223903,80.57261725,125.82879479999998,14321.46596,117.51210290000002,5.372000000000001,0.0014323805460750856,0.0,0.0,113.964,0.03038715870307167,30.622,0.008164995733788396,34.368,0.009163822525597269,543.047,0.14479708831058022,0.0,0.0,0.0,0.0,132.918,0.035441019624573376,159.225,0.04245547141638225,0.0,0.0,55.119,0.014696832337883959,0.0,0.0,0.0,0.0,0.0,0.0,0.0,0.0,0.0,0.0,0.0,0.0,5.372000000000001,0.0014323805460750856,113.964,0.03038715870307167,23.215,0.006190006399317406,0.0,0.0,11.152999999999999,0.002973816126279863,214.34400000000002,0.057152303754266214,675.965,0.18023810793515357,30.622,0.008164995733788396,0.0,0.0,0.0,0.0,275.197,0.07337803967576792,0.0,0.0,0.0,0.0,80.872,0.021563566552901023,28.794,0.0076775810580204775,0.0,0.0,99.48100000000001,0.02652543728668942,5.439,0.0014502453071672354,0.0,0.0,0.0,0.0,425.66900000000004,0.11349962670648465,0.0,0.0,161.369,0.04302714377133106,0.0,0.0,0.0,0.0,0.0,0.0,0.0,0.0,0.0,0.0,553.944,0.14770264505119451,522.877,0.13941899530716723,114.977,0.030657263225255974,496.524,0.13239227815699658,347.325,0.0926101215870307,94.61,0.025226642491467575,23.348000000000003,0.006225469283276451,0.035,9.332337883959045e-06,4.518,0.0012046715017064846,10.642000000000001,0.0028375639931740616,492.006,0.13118760665529008,114.977,0.030657263225255974,50.703,0.013519357935153584,0.0,0.0,33.265,0.008869720563139932,0.0,0.0,345.314,0.09207391211604096,0.0,0.0,23.348000000000003,0.006225469283276451,0.0,0.0,0.0,0.0,2.012,0.000536476109215017,0.0,0.0,0.035,9.332337883959045e-06,0.0,0.0,83.720547,0.02232309806953925,7.061357000000001,0.00188282769837884,961.663032,0.2564161241467577,90.544718,0.024142682913822527,20.435875,0.005448985441552901,2.980985,0.0007948445499146757,10.144602,0.002704938673208191,25.478876,0.0067936422781569965,0.0,0.0,0.0,0.0,0.0,0.0,0.0,0.0
115,2589801,YONESHIRO GAWA,TAKANOSU,2109.0,40.222,140.369,40.2188,140.3688,0.4,399.361703184328,8.87811785658549,9.98404258,0.0,1727.7111378985599,0.81920869506807,0.0,0.37596886,4.577991485472987,8.417834569376078,1.7211822478680143,31.47752794190301,13.496707908761628,2.89862712059246,0.0042428727026884,3.4218664736959776,0.4129125197091808,1.050107902078307,8.607959059729044,1.2842744566018114,16703.29795,125.34701159999999,35.68554862,78.97859054,117.77074040000001,14604.499109999999,118.35637820000001,78.612,0.037274537695590325,0.0,0.0,482.25199999999995,0.22866382171645327,228.28,0.10824087245139877,76.597,0.036319108582266474,1765.932,0.8373314366998578,0.0,0.0,0.0,0.0,484.156,0.22956661925082977,286.171,0.13569037458511143,7.162000000000001,0.0033959222380275014,197.968,0.09386818397344712,140.029,0.0663959222380275,0.0,0.0,0.0,0.0,1.129,0.0005353247984826933,0.0,0.0,0.0,0.0,78.612,0.037274537695590325,629.444,0.2984561403508772,42.195,0.020007112375533428,0.0,0.0,34.403,0.016312470365101944,484.139,0.22955855855855856,2250.0879999999997,1.0668980559506873,228.28,0.10824087245139877,1.129,0.0005353247984826933,12.591,0.005970128022759601,408.91,0.19388809862494075,0.0,0.0,0.0,0.0,118.848,0.056352773826458036,87.34100000000001,0.04141346609767663,0.0,0.0,311.995,0.14793504030346136,125.25,0.059388335704125175,319.645,0.1515623518255097,0.0,0.0,2049.649,0.9718582266477003,0.0,0.0,315.367,0.14953390232337602,0.0,0.0,0.0,0.0,0.0,0.0,0.0,0.0,0.0,0.0,2781.2209999999995,1.3187392128971074,968.3760000000001,0.4591635846372689,55.365,0.02625177809388336,967.811,0.45889568515884305,1921.361,0.9110293978188716,805.059,0.3817254623044097,0.0,0.0,0.0,0.0,13.607999999999999,0.006452347083926031,453.041,0.21481318160265528,879.92,0.41722143195827405,55.365,0.02625177809388336,321.865,0.1526149834044571,0.0,0.0,30.153000000000002,0.014297297297297298,74.28399999999999,0.03522238027501185,1887.685,0.8950616405879563,0.0,0.0,0.0,0.0,0.0,0.0,0.0,0.0,33.676,0.015967757230915126,0.0,0.0,0.0,0.0,0.0,0.0,248.765924,0.11795444476055003,94.821017,0.044960178757705076,3312.169535,1.5704929042200095,115.19957,0.05462284020862968,73.82203,0.03500333333333333,9.576524000000001,0.004540788999525842,43.881046000000005,0.020806565196775727,53.60839300000001,0.025418868183973452,0.0,0.0,0.0,0.0,1.485874,0.0007045395922238027,0.0,0.0
116,2589802,YONESHIRO GAWA,JUNISHO,1667.4,40.208,140.673,40.2188,140.6729,1.2,493.758423399896,9.13780569204417,4.11465353,0.0,1003.60721166512,0.601899491222934,0.0,0.39152524,4.35475160243648,8.102831053868417,1.7049951732720148,29.881110781447486,13.251298920244613,2.8905680729335397,0.0022301367279459767,2.9704557304936006,0.3950243266577208,0.9757188352021754,8.237567695641768,1.264041394006765,15620.21061,118.4921997,31.43681747,73.80109204,137.3556942,14653.18721,119.40171609999999,18.910999999999998,0.011341609691735635,0.0,0.0,345.185,0.2070199112390548,140.97799999999998,0.08454959817680219,43.568999999999996,0.026129902842749186,860.8910000000001,0.5163074247331174,0.0,0.0,0.0,0.0,237.28900000000002,0.14231078325536764,203.548,0.12207508696173683,6.266,0.003757946503538443,92.81,0.05566150893606813,140.029,0.08398044860261485,0.0,0.0,0.0,0.0,1.129,0.0006771020750869617,0.0,0.0,0.0,0.0,18.910999999999998,0.011341609691735635,491.481,0.2947589060813242,38.262,0.02294710327455919,0.0,0.0,5.307,0.0031827995681899964,296.358,0.17773659589780497,1098.18,0.658618207988485,140.97799999999998,0.08454959817680219,1.129,0.0006771020750869617,12.067,0.007237015713086241,251.08900000000003,0.15058714165767062,0.0,0.0,0.0,0.0,6.13,0.0036763823917476306,29.072,0.01743552836751829,0.0,0.0,192.24,0.11529327096077725,21.893,0.013130022789972412,319.645,0.1917026508336332,0.0,0.0,1059.626,0.635495981768022,0.0,0.0,200.15200000000002,0.12003838311143097,0.0,0.0,0.0,0.0,0.0,0.0,0.0,0.0,0.0,0.0,1612.65,0.9671644476430371,479.26300000000003,0.2874313302147055,43.288999999999994,0.02596197673023869,732.456,0.4392803166606693,842.846,0.5054851865179321,473.32099999999997,0.28386769821278635,0.0,0.0,0.0,0.0,0.0,0.0,284.545,0.17065191315821038,658.172,0.3947295190116349,43.288999999999994,0.02596197673023869,183.106,0.10981528127623845,0.0,0.0,5.671,0.0034011035144536402,74.28399999999999,0.04455079764903442,816.166,0.4894842269401463,0.0,0.0,0.0,0.0,0.0,0.0,0.0,0.0,26.680999999999997,0.016001559313901882,0.0,0.0,0.0,0.0,0.0,0.0,159.359259,0.0955735030586542,68.691198,0.04119659229938827,1834.0602190000002,1.0999521524529208,63.595361,0.038140434808684176,52.312775,0.03137386050137939,7.6917919999999995,0.0046130454599976,29.164593,0.017491059733717163,28.521451000000003,0.017105344248530645,0.0,0.0,0.0,0.0,0.787101,0.0004720528967254408,0.0,0.0
117,2590100,CHIKUGO GAWA,SENOSHITA,2315.0,33.3161,130.4972,33.3188,130.4938,0.4,431.58148163267197,8.348025454341661,10.789537,2.591,1526.43490586975,0.659367129965335,0.00111922246220302,0.3908281,5.940608720034177,13.826129945242293,2.321756847813056,50.03469017582841,18.54226544912159,3.657646193871945,0.0,9.128344764892878,0.4835451155768846,0.1426325285048914,14.543984768313642,1.9917365214808789,21070.12985,188.7251227,82.20660419,130.735386,0.0,17454.5676,131.2583668,2.266,0.0009788336933045357,0.0,0.0,109.77600000000001,0.04741943844492441,58.76,0.02538228941684665,4.359,0.001882937365010799,500.0,0.2159827213822894,0.0,0.0,0.0,0.0,132.347,0.05716933045356372,189.114,0.08169071274298056,0.0,0.0,38.645,0.016693304535637152,140.029,0.06048768898488121,0.0,0.0,0.0,0.0,1.129,0.00048768898488120953,0.0,0.0,0.0,0.0,2.266,0.0009788336933045357,249.805,0.10790712742980561,4.359,0.001882937365010799,0.0,0.0,0.0,0.0,227.75900000000001,0.09838401727861772,632.347,0.2731520518358531,58.76,0.02538228941684665,1.129,0.00048768898488120953,0.0,0.0,189.114,0.08169071274298056,0.0,0.0,0.0,0.0,0.006999999999999999,3.0237580993520514e-06,0.0,0.0,0.0,0.0,71.72399999999999,0.030982289416846647,0.0,0.0,282.567,0.12205917926565875,0.0,0.0,537.869,0.23234082073434126,0.0,0.0,95.14399999999999,0.041098920086393084,0.0,0.0,0.0,0.0,0.0,0.0,0.0,0.0,0.0,0.0,892.1610000000001,0.38538272138228946,284.265,0.122792656587473,24.035,0.010382289416846652,732.456,0.31639568034557236,205.69299999999998,0.08885226781857451,214.24,0.09254427645788338,0.0,0.0,0.0,0.0,0.0,0.0,101.809,0.04397796976241901,658.172,0.2843075593952484,24.035,0.010382289416846652,106.76100000000001,0.04611706263498921,0.0,0.0,5.671,0.0024496760259179267,74.28399999999999,0.03208812095032397,182.19299999999998,0.0787010799136069,0.0,0.0,0.0,0.0,0.0,0.0,0.0,0.0,23.5,0.010151187904967603,0.0,0.0,0.0,0.0,0.0,0.0,63.160068,0.02728296673866091,48.122696999999995,0.020787342116630667,1075.519818,0.46458739438444924,52.766262,0.02279320172786177,20.084614000000002,0.008675859179265659,5.283903,0.002282463498920086,20.190359,0.008721537365010799,9.737035,0.004206062634989201,0.0,0.0,0.0,0.0,0.0,0.0,0.0,0.0
118,2590101,CHIKUGO GAWA,ARASE,1443.0,33.3433,130.835,33.3438,130.8354,0.1,582.532996241985,8.548044967199381,58.2532996,2.591,1167.45728212378,0.809048705560485,0.0017955647955648,0.3702796,6.224680257848528,13.019740950042443,2.304872085621961,52.934206526886435,17.832251863274273,3.676840694667842,0.0,8.272592705842973,0.4603391763195601,0.12171857030754535,13.80898653060853,1.970619033761129,21862.77754,180.5480226,71.11228814,121.03248590000001,0.0,16893.723869999998,130.8340395,45.581,0.03158766458766459,125.706,0.08711434511434511,698.9860000000001,0.4843977823977825,289.968,0.20094802494802497,59.568999999999996,0.04128135828135828,596.643,0.4134740124740125,43.346000000000004,0.03003880803880804,10.715,0.0074255024255024255,387.75800000000004,0.26871656271656275,0.0,0.0,4.292,0.0029743589743589744,0.0,0.0,0.0,0.0,0.0,0.0,0.0,0.0,0.0,0.0,0.0,0.0,125.706,0.08711434511434511,56.29600000000001,0.03901316701316702,703.278,0.4873721413721414,0.0,0.0,43.346000000000004,0.03003880803880804,59.568999999999996,0.04128135828135828,0.0,0.0,984.398,0.6821884961884962,289.968,0.20094802494802497,0.0,0.0,0.0,0.0,1018.2460000000001,0.7056451836451837,0.0,0.0,0.0,0.0,174.71900000000002,0.1210803880803881,71.93,0.049847539847539854,77.282,0.053556479556479554,394.881,0.2736528066528066,0.0,0.0,247.5,0.17151767151767153,172.593,0.1196070686070686,120.914,0.08379348579348579,0.0,0.0,0.0,0.0,0.0,0.0,0.0,0.0,0.0,0.0,0.0,0.0,172.593,0.1196070686070686,912.507,0.6323679833679833,1192.965,0.8267255717255717,407.29400000000004,0.2822550242550243,608.4159999999999,0.4216327096327096,874.809,0.6062432432432432,382.454,0.265040887040887,5.093,0.0035294525294525293,0.0,0.0,108.001,0.07484476784476785,157.763,0.10932986832986834,481.33099999999996,0.3335627165627165,404.05300000000005,0.28000900900900905,78.62100000000001,0.05448440748440749,0.0,0.0,146.069,0.10122591822591821,19.084,0.013225225225225226,846.2230000000001,0.5864331254331255,0.0,0.0,5.093,0.0035294525294525293,0.0,0.0,0.0,0.0,28.587,0.01981081081081081,3.24,0.0022453222453222453,0.0,0.0,0.0,0.0,318.696456,0.22085686486486486,125.26589799999999,0.08680935412335412,1511.9829630000002,1.0478052411642413,167.18174399999998,0.11585706444906443,154.631462,0.10715971032571033,17.492147,0.012122069993069992,99.165315,0.06872163201663202,44.424847,0.030786449757449756,0.0,0.0,0.0,0.0,10.421081,0.007221816354816354,0.0,0.0
119,2590200,ONGA GAWA,HINODE-BASHI,695.0,33.75,130.73,33.7479,130.7312,0.3,174.888429812609,6.36241322019818,5.82961433,0.0,363.98173479598296,0.523714726325155,0.0,0.45199704,5.389040995106841,15.13317460504241,2.435830597070757,49.88790992321421,19.643915075163573,3.7139395741983177,0.0,10.592430797599157,0.5456199300742676,0.0837788339686947,15.567660434295039,2.1225873367722743,19594.78261,197.259467,100.2973352,144.88499299999998,0.0,17883.67321,130.3029453,0.154,0.00022158273381294965,17.665,0.02541726618705036,592.939,0.8531496402877697,65.719,0.09455971223021582,8.718,0.01254388489208633,462.49800000000005,0.665464748201439,39.165,0.05635251798561151,0.0,0.0,240.64,0.34624460431654674,0.0,0.0,4.292,0.006175539568345324,0.0,0.0,0.0,0.0,0.0,0.0,0.0,0.0,0.0,0.0,0.0,0.0,17.665,0.02541726618705036,0.154,0.00022158273381294965,597.231,0.8593251798561151,0.0,0.0,39.165,0.05635251798561151,8.718,0.01254388489208633,0.0,0.0,703.138,1.0117093525179857,65.719,0.09455971223021582,0.0,0.0,0.0,0.0,953.145,1.371431654676259,0.0,0.0,0.0,0.0,6.7589999999999995,0.009725179856115106,2.026,0.0029151079136690646,77.282,0.11119712230215827,38.119,0.054847482014388486,0.0,0.0,247.5,0.35611510791366907,5.1610000000000005,0.00742589928057554,102.995,0.14819424460431654,0.0,0.0,0.0,0.0,0.0,0.0,0.0,0.0,0.0,0.0,0.0,0.0,5.1610000000000005,0.00742589928057554,467.921,0.6732676258992806,959.904,1.3811568345323741,156.637,0.2253769784172662,608.4159999999999,0.8754187050359712,482.98400000000004,0.6949410071942447,179.857,0.2587870503597122,5.093,0.007328057553956834,0.0,0.0,108.001,0.15539712230215827,1.44,0.0020719424460431653,481.33099999999996,0.6925625899280575,156.637,0.2253769784172662,32.732,0.04709640287769784,0.0,0.0,145.685,0.20961870503597121,19.084,0.027458992805755394,467.565,0.6727553956834532,0.0,0.0,5.093,0.007328057553956834,0.0,0.0,0.0,0.0,15.418,0.0221841726618705,0.0,0.0,0.0,0.0,0.0,0.0,104.408823,0.15022852230215827,47.023793,0.06766013381294964,1106.312766,1.5918169294964029,157.814471,0.22707118129496404,33.291604,0.047901588489208634,5.865355,0.008439359712230216,78.070527,0.11233169352517985,17.337032,0.024945369784172663,0.0,0.0,0.0,0.0,2.023023,0.0029108244604316544,0.0,0.0
120,2590210,MATSUURA GAWA,MUTABE,275.0,33.36,130.01,33.3646,130.0062,0.6,232.617272040936,7.8071051086318315,3.87695453,0.0,179.324349425643,0.652088543365975,0.0,0.4574289,5.491334113917657,15.138578812472513,2.5118948970072807,52.30249298110749,19.5567446851936,3.839833667086758,0.0,10.757980396326683,0.5725550795670535,0.024342758872910257,15.53141334567795,2.2376372128202373,22299.38931,193.91984730000001,95.20610687,140.721374,0.0,17932.595419999998,131.24045800000002,33.589,0.12214181818181817,229.312,0.8338618181818183,22.36,0.0813090909090909,91.96799999999999,0.33442909090909084,20.759,0.07548727272727272,148.083,0.5384836363636364,4.532,0.01648,9.187999999999999,0.03341090909090909,135.485,0.4926727272727273,0.0,0.0,0.0,0.0,0.0,0.0,0.0,0.0,0.0,0.0,0.0,0.0,4.084,0.01485090909090909,0.0,0.0,229.312,0.8338618181818183,42.777,0.1555527272727273,22.36,0.0813090909090909,14.109000000000002,0.05130545454545455,4.532,0.01648,6.651,0.024185454545454545,0.0,0.0,283.568,1.0311563636363636,91.96799999999999,0.33442909090909084,4.084,0.01485090909090909,17.27,0.0628,19.934,0.07248727272727273,2.369,0.008614545454545455,0.0,0.0,173.187,0.6297709090909092,14.952,0.05437090909090909,0.0,0.0,155.80100000000002,0.566549090909091,0.0,0.0,0.0,0.0,91.20299999999999,0.3316472727272727,7.252000000000001,0.026370909090909094,0.348,0.0012654545454545453,0.0,0.0,198.40200000000002,0.7214618181818182,10.027999999999999,0.036465454545454544,11.824000000000002,0.042996363636363645,0.0,0.0,91.20299999999999,0.3316472727272727,407.87199999999996,1.4831709090909089,203.497,0.7399890909090909,175.054,0.63656,0.003,1.0909090909090909e-05,349.029,1.2691963636363637,60.843,0.22124727272727274,117.64399999999999,0.4277963636363636,0.0,0.0,0.003,1.0909090909090909e-05,11.717,0.04260727272727273,0.0,0.0,175.054,0.63656,48.467,0.17624363636363635,0.0,0.0,0.0,0.0,0.0,0.0,345.51,1.2564,0.0,0.0,117.64399999999999,0.4277963636363636,0.0,0.0,0.0,0.0,3.5189999999999997,0.012796363636363635,0.0,0.0,0.0,0.0,0.659,0.0023963636363636366,120.190021,0.43705462181818183,12.852849,0.04673763272727273,446.729888,1.62447232,42.799894,0.15563597818181818,97.498152,0.35453873454545454,7.256825999999999,0.02638845818181818,26.802490999999996,0.09746360363636362,19.867612,0.07224586181818182,0.0,0.0,0.0,0.0,10.711314999999999,0.03895023636363636,0.0,0.0
121,2590220,KIKUCHI GAWA,TAMANA,906.0,32.94,130.59,32.9438,130.5813,0.9,254.689734354419,5.862391385340179,2.82988594,0.0,477.682869398339,0.52724378520788,0.0,0.37243609,6.288874628007637,14.815502916634774,2.342203846376075,53.70780209152933,19.48243962514553,3.6693275048489578,0.0,10.057657685432597,0.4913979491055305,0.06069190645034951,15.647627951962988,2.0223312683184167,22134.10591,201.14715719999998,92.53400223,143.21181719999998,0.0,18877.04682,134.53623190000002,0.0,0.0,88.439,0.09761479028697571,9.347999999999999,0.010317880794701986,10.589,0.011687637969094923,3.991,0.004405077262693157,80.112,0.08842384105960265,0.0,0.0,0.903,0.0009966887417218544,63.974,0.07061147902869756,0.0,0.0,0.0,0.0,0.0,0.0,0.0,0.0,0.0,0.0,0.0,0.0,0.0,0.0,0.0,0.0,88.439,0.09761479028697571,0.903,0.0009966887417218544,9.347999999999999,0.010317880794701986,2.9930000000000003,0.0033035320088300223,0.0,0.0,0.998,0.0011015452538631347,0.0,0.0,144.086,0.15903532008830024,10.589,0.011687637969094923,0.0,0.0,0.0,0.0,6.3660000000000005,0.007026490066225166,0.0,0.0,0.0,0.0,51.973,0.057365342163355405,0.0,0.0,0.0,0.0,56.108999999999995,0.06193046357615893,22.616,0.024962472406181015,0.0,0.0,14.229000000000001,0.015705298013245033,0.0,0.0,0.0,0.0,0.0,0.0,106.06200000000001,0.11706622516556292,0.0,0.0,0.0,0.0,0.0,0.0,14.229000000000001,0.015705298013245033,162.171,0.17899668874172184,80.955,0.08935430463576159,39.982,0.04413024282560706,0.0,0.0,68.13600000000001,0.07520529801324505,23.756999999999998,0.02622185430463576,125.48100000000001,0.1385,0.0,0.0,0.0,0.0,17.605999999999998,0.0194326710816777,0.0,0.0,39.982,0.04413024282560706,6.15,0.006788079470198676,0.0,0.0,0.0,0.0,0.0,0.0,64.506,0.07119867549668875,0.0,0.0,125.48100000000001,0.1385,0.0,0.0,0.0,0.0,3.63,0.004006622516556291,0.0,0.0,0.0,0.0,0.0,0.0,44.715274,0.04935460706401766,29.049993,0.03206400993377483,218.97122000000002,0.24169008830022076,4.085471,0.004509349889624724,9.86368,0.010887064017660045,1.5812,0.0017452538631346577,3.5709739999999996,0.003941472406181015,4.743199,0.005235318984547461,0.0,0.0,0.0,0.0,1.709959,0.0018873719646799118,0.0,0.0
122,2590230,SENDAI GAWA,ONOBUCHI,1348.0,31.86,130.34,31.8604,130.3396,0.1,322.31158623593495,6.86027998902004,32.2311586,2.19,919.672978181012,0.6822499838138071,0.00162462908011869,0.31771837,7.7029471695455625,15.5324394407113,2.447367822537065,63.8528980143402,20.072323318673526,3.7613608434726267,1.0692954511904809e-05,11.054675388620641,0.5707976708973141,0.12016693968150355,16.38106729394626,2.1878577623351583,26864.118260000003,203.84655690000002,96.59206587,145.9655689,0.0,18804.0232,135.6691617,8.235,0.006109050445103857,16.152,0.011982195845697331,388.202,0.2879836795252225,86.24799999999999,0.06398219584569732,26.063000000000002,0.019334569732937686,216.455,0.16057492581602376,9.314,0.006909495548961425,0.0,0.0,136.03,0.10091246290801187,0.0,0.0,0.0,0.0,1.0659999999999998,0.00079080118694362,0.0,0.0,0.0,0.0,0.0,0.0,0.0,0.0,0.0,0.0,16.152,0.011982195845697331,8.235,0.006109050445103857,388.202,0.2879836795252225,6.572,0.004875370919881306,9.314,0.006909495548961425,19.491,0.01445919881305638,1.0659999999999998,0.00079080118694362,352.48400000000004,0.26148664688427303,86.24799999999999,0.06398219584569732,0.0,0.0,0.0,0.0,160.87,0.11933976261127596,0.0,0.0,0.0,0.0,65.06,0.04826409495548962,79.64399999999999,0.059083086053412455,0.0,0.0,117.545,0.08719955489614244,0.0,0.0,277.058,0.2055326409495549,188.96,0.1401780415430267,0.0,0.0,0.0,0.0,0.0,0.0,0.0,0.0,0.0,0.0,0.0,0.0,0.0,0.0,188.96,0.1401780415430267,474.24699999999996,0.35181528189910977,225.93,0.16760385756676557,220.36900000000003,0.1634784866468843,193.735,0.14372032640949556,306.289,0.2272173590504451,168.77200000000002,0.12520178041543029,0.0,0.0,0.0,0.0,49.162,0.036470326409495546,14.998,0.011126112759643916,138.511,0.10275296735905044,220.36900000000003,0.1634784866468843,149.81,0.11113501483679525,0.0,0.0,3.964,0.002940652818991098,6.062,0.004497032640949555,300.08799999999997,0.22261721068249254,0.0,0.0,0.0,0.0,0.0,0.0,0.0,0.0,6.2010000000000005,0.004600148367952523,0.0,0.0,0.0,0.0,0.0,0.0,173.279132,0.12854535014836796,141.995673,0.10533803635014838,519.543412,0.3854179614243323,40.429957,0.029992549703264097,61.328346999999994,0.04549580637982195,2.839954,0.0021067908011869435,23.231362,0.01723394807121662,14.779926000000001,0.010964336795252227,0.0,0.0,0.0,0.0,7.730061999999999,0.005734467359050445,0.0,0.0
123,2590300,KUMA GAWA,YOKOISHI,1856.0,32.46,130.66,32.4562,130.6562,0.5,577.4449964962263,12.8262517696686,11.5488999,1.0490000000000002,1548.8789503235098,0.8345252965105121,0.000565193965517241,0.31898898,7.372139163135315,14.105952514518291,2.3516311409150763,60.672966723765924,18.627499518857764,3.672132376518429,1.1935748812199335e-05,9.634156123489683,0.5465916469714713,0.1040094696534895,15.072858469731104,2.0663258336616983,27232.180010000004,184.8392959,78.91822828,126.7910278,0.0,17851.94037,134.8642817,0.0,0.0,0.29,0.00015624999999999998,233.825,0.1259832974137931,89.225,0.04807381465517241,30.433000000000003,0.01639709051724138,358.468,0.19314008620689657,14.065,0.007578125,0.0,0.0,320.877,0.17288631465517243,0.0,0.0,0.0,0.0,0.0,0.0,294.997,0.15894234913793104,0.0,0.0,0.0,0.0,1.383,0.0007451508620689656,0.0,0.0,0.29,0.00015624999999999998,0.0,0.0,528.822,0.28492564655172414,16.230999999999998,0.008745150862068965,14.065,0.007578125,14.202,0.007651939655172414,0.0,0.0,679.345,0.366026400862069,89.225,0.04807381465517241,1.383,0.0007451508620689656,0.0,0.0,545.261,0.29378286637931034,152.036,0.08191594827586207,0.0,0.0,11.071,0.005964978448275862,62.299,0.03356627155172414,0.0,0.0,120.906,0.06514331896551724,0.0,0.0,365.986,0.19719073275862067,0.0,0.0,38.268,0.020618534482758622,0.0,0.0,0.0,0.0,48.809,0.026297952586206895,0.0,0.0,0.0,0.0,0.0,0.0,0.0,0.0,788.304,0.42473275862068965,556.331,0.29974730603448274,253.514,0.1365915948275862,255.503,0.13766325431034482,774.1519999999999,0.4171077586206896,34.338,0.018501077586206897,27.129,0.014616918103448277,0.0,0.0,58.917,0.03174407327586207,0.645,0.00034752155172413794,35.893,0.019338900862068967,253.514,0.1365915948275862,33.692,0.01815301724137931,0.0,0.0,0.0,0.0,160.69299999999998,0.08658028017241379,774.1519999999999,0.4171077586206896,0.0,0.0,27.129,0.014616918103448277,0.0,0.0,0.0,0.0,0.0,0.0,0.0,0.0,0.0,0.0,0.0,0.0,182.328305,0.0982372332974138,96.580451,0.052036880926724136,1060.566524,0.5714259288793104,32.445161,0.017481228987068966,61.313198,0.03303512823275862,3.842021,0.002070054418103448,28.19254,0.015189946120689655,25.06319,0.013503873922413792,0.0,0.0,0.0,0.0,4.031321,0.002172047952586207,0.0,0.0
124,2590301,KUMA GAWA,HITOYOSHI,1137.0,32.21,130.77,32.2146,130.7688,0.5,665.882967396093,13.2689595091797,13.3176593,1.0490000000000002,950.8717677010968,0.836298828233155,0.000922603342128408,0.31476971,7.3723330756398555,13.688900188952566,2.320587179716108,60.43385895070693,18.231142476539873,3.6835763945286537,1.6187363663751515e-07,9.194004534019102,0.4829677924016655,0.10537712138086626,14.700862311246214,2.0238955248964348,28000.939560000003,180.07377780000002,71.94044444,120.6,0.0,17690.08711,135.17155559999998,0.0,0.0,5.11,0.004494283201407212,103.0,0.09058927000879508,77.973,0.0685778364116095,19.132,0.016826737027264733,758.13,0.6667810026385225,39.148,0.03443095866314864,0.0,0.0,615.495,0.5413324538258575,0.0,0.0,0.0,0.0,0.0,0.0,196.734,0.17302902374670184,0.0,0.0,0.0,0.0,0.0,0.0,0.0,0.0,5.11,0.004494283201407212,0.0,0.0,299.73400000000004,0.26361829375549695,6.029,0.005302550571679859,39.148,0.03443095866314864,13.102,0.011523306948109059,0.0,0.0,1373.625,1.2081134564643798,77.973,0.0685778364116095,0.0,0.0,526.2869999999999,0.4628733509234828,196.84099999999998,0.17312313104661387,801.242,0.7046983289357959,2.452,0.002156552330694811,40.091,0.03526033421284081,92.749,0.08157343887423042,0.0,0.0,72.796,0.06402462620932278,0.0,0.0,81.54,0.07171503957783641,0.0,0.0,1.4769999999999999,0.001299032541776605,1.829,0.0016086191732629727,0.0,0.0,0.0,0.0,0.0,0.0,0.0,0.0,0.0,0.0,2.452,0.002156552330694811,1576.09,1.3861829375549692,238.761,0.20999208443271766,157.02,0.13810026385224275,30.275,0.026627088830255056,1518.89,1.3358751099384345,111.118,0.09772911169744943,0.0,0.0,0.0,0.0,0.0,0.0,32.153,0.02827880386983289,0.0,0.0,157.02,0.13810026385224275,78.965,0.06945030782761653,0.0,0.0,0.0,0.0,30.275,0.026627088830255056,1518.89,1.3358751099384345,0.0,0.0,0.0,0.0,0.0,0.0,0.0,0.0,0.0,0.0,0.0,0.0,0.0,0.0,0.0,0.0,118.716174,0.10441176253298153,55.899784,0.04916427792436236,1613.012495,1.4186565479331574,88.07252199999999,0.07746044151275285,32.282565000000005,0.02839275725593668,5.005123,0.004402043095866315,10.255448,0.009019743183817062,21.487744,0.018898631486367633,0.0,0.0,0.0,0.0,2.046519,0.001799928759894459,0.0,0.0
125,2590400,OYODO GAWA,KASHIWADA,2126.0,31.95,131.4,31.9479,131.4021,0.3,336.732984866587,7.35823930059978,11.2244328,3.172,1425.47297984755,0.670495286852093,0.00149200376293509,0.31078765,7.703222056225486,15.702895160280836,2.3940663033048586,63.666823710276034,20.184023633042386,3.7553132061724384,9.498817496078357e-06,11.259714239525087,0.48626106788533,0.1093262035302189,16.78539742645806,2.135820461694363,27846.42723,204.44203259999998,100.98667979999999,148.0049334,0.0,19643.516030000003,138.01332019999998,0.0,0.0,0.0,0.0,59.851000000000006,0.028151928504233304,59.167,0.027830197554092193,3.013,0.0014172154280338663,498.374,0.2344186265286924,6.156000000000001,0.002895578551269991,0.0,0.0,353.85,0.16643932267168393,0.0,0.0,0.0,0.0,0.0,0.0,154.245,0.07255174035747884,0.0,0.0,0.0,0.0,0.0,0.0,0.0,0.0,0.0,0.0,0.0,0.0,214.09599999999998,0.10070366886171213,1.966,0.0009247412982126058,6.156000000000001,0.002895578551269991,1.048,0.0004929444967074318,0.0,0.0,852.2239999999999,0.40085794920037626,59.167,0.027830197554092193,0.0,0.0,265.763,0.12500611476952023,30.881,0.014525399811853246,614.6419999999999,0.28910724365004703,0.0,0.0,40.091,0.01885747883349012,83.946,0.03948541862652869,0.0,0.0,46.075,0.021672154280338665,0.0,0.0,53.451,0.025141580432737537,0.0,0.0,0.0,0.0,1.829,0.0008603010348071495,0.0,0.0,0.0,0.0,0.0,0.0,0.0,0.0,0.0,0.0,0.0,0.0,1063.877,0.5004125117591721,72.80199999999999,0.03424365004703669,82.228,0.03867732831608654,30.261,0.014233772342427092,930.0139999999999,0.43744778927563494,94.176,0.04429727187206021,0.0,0.0,0.0,0.0,0.0,0.0,32.153,0.015123706491063028,0.0,0.0,82.228,0.03867732831608654,62.023,0.02917356538099718,0.0,0.0,0.0,0.0,30.261,0.014233772342427092,930.0139999999999,0.43744778927563494,0.0,0.0,0.0,0.0,0.0,0.0,0.0,0.0,0.0,0.0,0.0,0.0,0.0,0.0,0.0,0.0,91.596294,0.04308386359360301,41.465069,0.019503795390404515,995.3043849999999,0.46815822436500465,75.232495,0.03538687441204139,20.64058,0.009708645343367827,1.948991,0.0009167408278457196,6.401967,0.0030112732831608655,12.687803,0.005967922389463782,0.0,0.0,0.0,0.0,2.046519,0.0009626147695202257,0.0,0.0
126,2590401,OYODO GAWA,HIWATASHI,860.6,31.86,131.1,31.8604,131.1146,1.4,297.788846503179,5.35546875,2.12706319,0.0,489.081442588329,0.568302861478421,0.0,0.31899357,7.558391129457735,15.940972176716471,2.4110781815299065,63.60097074023553,20.40360164296269,3.7593172592922683,0.0,11.457300064789992,0.5046365528565153,0.09038471114500647,17.001905406264793,2.1589256147364786,27856.08847,206.88125730000002,106.28754369999999,151.8311991,0.0,19013.86612,135.3667055,0.0,0.0,0.0,0.0,134.984,0.15684871020218452,70.419,0.08182547060190565,71.281,0.08282709737392517,433.079,0.5032291424587497,11.933,0.01386590750639089,0.0,0.0,237.209,0.2756321171275854,0.0,0.0,0.0,0.0,0.0,0.0,1127.4489999999998,1.3100732047408783,15.255,0.01772600511271206,0.0,0.0,0.0,0.0,0.0,0.0,15.255,0.01772600511271206,0.0,0.0,1262.434,1.4669230769230768,51.869,0.0602707413432489,11.933,0.01386590750639089,19.412,0.02255635603067627,0.0,0.0,670.288,0.7788612595863351,70.419,0.08182547060190565,0.0,0.0,0.0,0.0,135.791,0.15778642807343712,772.04,0.8970950499651406,0.0,0.0,0.868,0.0010085986521031838,208.25799999999998,0.24199163374389956,0.0,0.0,211.19099999999997,0.2453997211247966,0.0,0.0,441.165,0.5126249128514989,0.0,0.0,99.807,0.11597373925168487,0.0,0.0,0.0,0.0,237.05200000000002,0.27544968626539623,0.0,0.0,0.0,0.0,0.0,0.0,0.0,0.0,1969.514,2.2885359051824308,136.659,0.1587950267255403,311.85400000000004,0.36236811526841745,639.091,0.7426109690913316,948.87,1.1025679758308158,53.745,0.062450615849407386,152.61,0.17732976992795724,0.0,0.0,101.711,0.11818614919823378,22.093000000000004,0.025671624448059496,48.401,0.056240994654891935,311.745,0.3622414594468975,31.139,0.03618289565419475,0.0,0.0,0.0,0.0,488.98,0.5681849872182199,948.87,1.1025679758308158,0.0,0.0,152.61,0.17732976992795724,0.0,0.0,0.513,0.000596095747153149,0.0,0.0,0.109,0.00012665582151986986,0.0,0.0,0.0,0.0,207.796108,0.2414549244712991,267.394606,0.3107071880083663,1511.111379,1.7558812212409944,60.419470999999994,0.0702062177550546,122.03593300000001,0.14180331512897978,7.1390839999999995,0.008295472925865674,28.556734000000002,0.03318235417150825,40.202689,0.04671472112479665,0.0,0.0,0.0,0.0,8.076319,0.009384521264234254,0.0,0.0
127,2591100,SHIMANTO GAWA,GUDO,1807.6,32.98,132.93,32.9813,132.9354,0.5,405.408963972095,12.725479681875598,8.10817928,0.0,1690.9659963854801,0.935475766975813,0.0,0.35925333,7.096349747423639,14.565151584783466,2.549387262618009,66.35218267350503,18.992042168446275,3.825787740362605,0.0,10.188852925733963,0.5644584097602604,0.11914702701082346,15.440905129272561,2.273135355535015,26349.86827,190.48092,86.16309462,133.50914790000002,0.0,18251.718240000002,133.7266074,0.0,0.0,0.0,0.0,4.331,0.002395994689090507,63.088,0.03490152688647931,7.815,0.004323412259349414,120.664,0.0667537065722505,4.144,0.002292542597919894,0.0,0.0,63.246,0.0349889356052224,0.0,0.0,0.0,0.0,0.0,0.0,585.692,0.32401637530427085,15.255,0.008439367116618721,0.0,0.0,0.0,0.0,0.0,0.0,15.255,0.008439367116618721,0.0,0.0,590.023,0.3264123699933614,7.815,0.004323412259349414,4.144,0.002292542597919894,0.0,0.0,0.0,0.0,183.91,0.10174264217747289,63.088,0.03490152688647931,0.0,0.0,0.0,0.0,88.523,0.048972670944899314,123.689,0.06842719628236335,0.0,0.0,0.868,0.0004801947333480859,157.111,0.08691690639522018,0.0,0.0,116.137,0.06424928081433946,0.0,0.0,242.178,0.13397764992254924,0.0,0.0,0.0,0.0,0.0,0.0,0.0,0.0,138.161,0.07643339234343882,0.0,0.0,0.0,0.0,0.0,0.0,0.0,0.0,777.275,0.4300038725381722,89.39,0.04945231245850852,188.91299999999998,0.10451040053109094,410.60400000000004,0.22715423766319986,220.06,0.12174153573799514,1.765,0.0009764328391237,45.323,0.02507357822527108,0.0,0.0,67.911,0.03756970568709892,0.0,0.0,27.522,0.015225713653463155,188.91299999999998,0.10451040053109094,1.252,0.0006926311130781147,0.0,0.0,0.0,0.0,315.171,0.17435881832263775,220.06,0.12174153573799514,0.0,0.0,45.323,0.02507357822527108,0.0,0.0,0.513,0.00028380172604558534,0.0,0.0,0.0,0.0,0.0,0.0,0.0,0.0,114.344101,0.06325741369772074,147.56695200000001,0.0816369506527993,544.443271,0.30119676421774727,28.628124,0.01583764328391237,81.33874499999999,0.04499819926974994,4.56195,0.0025237607877849084,17.189114,0.009509357158663422,14.86922,0.008225946005753486,0.0,0.0,0.0,0.0,2.637051,0.0014588686656339899,0.0,0.0
128,2591200,NIYODO-GAWA,KAWAGUCHI,944.6,33.57,133.18,33.5729,133.1729,0.7,795.20340481004,16.1901700195539,11.3600486,1.185,860.157565477337,0.910605087314564,0.00125449925894559,0.35313243,7.114032617283764,12.748560124947774,2.512195621692284,67.01522508800416,17.02889172957368,3.7302972195817388,0.0,8.412536926112677,0.6386506523681417,0.16295334323964006,13.495366168548465,2.2474513365916926,25407.99571,162.8712446,60.43347639,106.99463519999999,0.0,16085.54399,130.4592275,124.79799999999999,0.1321172983273343,54.742,0.05795257251746771,127.619,0.13510374761803937,56.176,0.05947067541816642,41.406000000000006,0.04383442727080246,872.301,0.923460724116028,0.0,0.0,0.0,0.0,660.085,0.6987984331992378,0.0,0.0,0.0,0.0,1.854,0.001962735549438916,0.0,0.0,0.0,0.0,6.882999999999999,0.007286682193521066,0.0,0.0,0.0,0.0,54.742,0.05795257251746771,124.79799999999999,0.1321172983273343,134.502,0.14239042981156044,27.008000000000003,0.02859199661232268,0.0,0.0,14.398,0.015242430658479779,1.854,0.001962735549438916,1532.386,1.6222591573152656,56.176,0.05947067541816642,0.0,0.0,207.493,0.21966229091679015,0.0,0.0,1693.51,1.7928329451619733,0.0,0.0,0.0,0.0,0.0,0.0,0.0,0.0,0.0,0.0,0.0,0.0,0.0,0.0,0.0,0.0,0.0,0.0,0.0,0.0,0.0,0.0,22.65,0.023978403557061188,7.051,0.00746453525301715,15.122,0.016008892652974803,0.0,0.0,0.0,0.0,1938.775,2.0524825322887996,7.051,0.00746453525301715,201.24900000000002,0.21305208553885244,0.0,0.0,1668.205,1.7660438280753756,76.373,0.08085221257675207,0.0,0.0,0.0,0.0,0.0,0.0,35.604,0.03769214482320559,0.0,0.0,201.24900000000002,0.21305208553885244,40.051,0.042399957654033454,0.0,0.0,0.0,0.0,0.0,0.0,1622.543,1.7177037899640057,0.0,0.0,0.0,0.0,0.0,0.0,0.0,0.0,45.662,0.04834003811136989,0.0,0.0,0.0,0.0,0.7190000000000001,0.0007611687486766886,117.333432,0.12421493965699767,28.352645000000003,0.030015503917001907,1689.42722,1.7885107135295364,205.139841,0.21717112110946432,19.551219,0.0206978816430235,1.712653,0.0018130986661020537,5.9731559999999995,0.006323476603853483,37.805303,0.040022552403133606,0.0,0.0,0.0,0.0,1.2059739999999999,0.0012767033665043402,0.0,0.0
129,2591201,NIYODO-GAWA,INO,1462.7,33.55,133.42,33.5479,133.4187,0.3,652.8525830678201,15.692577947200697,21.7617528,1.185,1296.60421446786,0.8864457608996099,0.000810145621111643,0.33834926,7.44476361547018,13.261929602519254,2.518930233519717,69.65196431895471,17.493288753086823,3.7296446586746415,0.0,8.944631537590686,0.6349286473288241,0.16628954028334958,14.014872918374165,2.24822520627712,26964.30028,172.69832399999999,70.32821229,116.722067,0.0,17013.424580000003,131.9650838,0.0,0.0,0.0,0.0,60.177,0.04114104054146441,0.0,0.0,0.0,0.0,602.672,0.41202707322075616,44.114,0.03015929445545908,4.079,0.002788678471320161,207.15400000000002,0.14162439324536816,0.0,0.0,0.0,0.0,12.276,0.008392698434402133,0.0,0.0,0.0,0.0,0.0,0.0,0.0,0.0,0.0,0.0,0.0,0.0,4.079,0.002788678471320161,60.177,0.04114104054146441,0.0,0.0,44.114,0.03015929445545908,0.0,0.0,12.276,0.008392698434402133,809.826,0.5536514664661243,0.0,0.0,0.0,0.0,374.99300000000005,0.2563704108839817,130.123,0.0889608258699665,1.8319999999999999,0.0012524782935666916,0.0,0.0,10.492,0.007173036165994394,0.0,0.0,0.0,0.0,10.673,0.007296779927531277,0.0,0.0,0.0,0.0,312.783,0.21383947494359745,6.885,0.0047070486087372665,32.637,0.02231284610651535,0.0,0.0,48.543,0.033187256443563275,0.889,0.000607780132631435,1.561,0.0010672044848567717,0.0,0.0,312.783,0.21383947494359745,444.48699999999997,0.3038811786422369,174.14,0.11905380460791685,31.894000000000002,0.021804881383742394,0.0,0.0,871.378,0.5957325493949546,28.142,0.019239762083817596,0.0,0.0,0.0,0.0,0.0,0.0,3.867,0.0026437410268681204,0.0,0.0,31.894000000000002,0.021804881383742394,22.846,0.015619060641279825,0.0,0.0,0.0,0.0,0.0,0.0,847.61,0.5794831476037465,0.0,0.0,0.0,0.0,0.0,0.0,0.0,0.0,23.768,0.01624940179120804,0.0,0.0,0.0,0.0,1.429,0.000976960415669652,21.791813,0.014898347576399809,31.122158000000002,0.021277198331852057,909.499317,0.6217948430983797,45.917896,0.031392558966295205,4.857158,0.0033206795651876666,0.792655,0.0005419122171326998,2.508871,0.0017152327886784714,7.377675,0.005043874341970329,0.0,0.0,0.0,0.0,1.200114,0.0008204785670335679,0.0,0.0
130,2591210,SHIGENOBU-GAWA,DEAI,445.0,33.8,132.73,33.8021,132.7354,0.6,388.456720525568,10.856359281437099,6.47427868,0.343,305.242319244927,0.6859377960560159,0.000770786516853933,0.62178998,4.195436979626764,14.28679866313555,2.6086806817344907,40.531715219548296,18.488512212086423,3.7488017622920498,0.0,9.963425151802936,0.7306978222023106,0.05111238299812549,14.806942709866526,2.3576878466324205,16368.52621,182.8385744,92.04192872,134.42138359999998,0.0,18022.09015,133.4067086,0.0,0.0,73.66199999999999,0.1655325842696629,67.273,0.15117528089887639,19.801,0.044496629213483144,18.834,0.04232359550561798,827.635,1.8598539325842696,49.028999999999996,0.11017752808988764,6.8389999999999995,0.015368539325842695,368.291,0.8276202247191011,0.0,0.0,0.0,0.0,14.755999999999998,0.03315955056179775,0.0,0.0,0.0,0.0,0.0,0.0,0.0,0.0,0.0,0.0,73.66199999999999,0.1655325842696629,6.8389999999999995,0.015368539325842695,67.273,0.15117528089887639,2.845,0.006393258426966293,49.028999999999996,0.11017752808988764,15.989,0.03593033707865169,14.755999999999998,0.03315955056179775,1195.9260000000002,2.687474157303371,19.801,0.044496629213483144,0.0,0.0,718.2610000000001,1.6140696629213485,130.123,0.29241123595505614,39.578,0.08893932584269663,0.0,0.0,10.492,0.023577528089887643,0.0,0.0,0.0,0.0,16.554000000000002,0.037200000000000004,0.0,0.0,0.0,0.0,435.526,0.9787101123595506,6.885,0.01547191011235955,32.637,0.07334157303370786,0.0,0.0,48.543,0.10908539325842696,5.968999999999999,0.013413483146067414,2.763,0.006208988764044944,0.0,0.0,435.526,0.9787101123595506,832.584,1.8709752808988762,179.22,0.4027415730337079,75.47399999999999,0.16960449438202244,0.0,0.0,1338.454,3.007761797752809,33.407,0.07507191011235954,0.0,0.0,0.0,0.0,0.0,0.0,3.867,0.008689887640449439,0.0,0.0,75.47399999999999,0.16960449438202244,28.112,0.06317303370786516,0.0,0.0,0.0,0.0,0.0,0.0,1277.499,2.8707842696629213,0.0,0.0,0.0,0.0,0.0,0.0,0.0,0.0,60.955,0.13697752808988764,0.0,0.0,0.0,0.0,1.429,0.0032112359550561798,51.661457,0.11609316179775281,57.260307999999995,0.12867484943820223,1367.605835,3.0732715393258427,51.719397,0.11622336404494382,12.636107,0.028395746067415732,1.017971,0.0022875752808988762,4.418752,0.009929779775280898,19.433619,0.04367105393258427,0.0,0.0,0.0,0.0,2.551858,0.005734512359550562,0.0,0.0
131,2591220,HIJI-KAWA,OZU,984.0,33.5,132.55,33.5021,132.5563,0.6,409.14714351774,12.3720120360239,6.81911906,2.011,796.6073313804201,0.8095602961183129,0.00204369918699187,0.49526875,5.149477443791894,14.351887103548883,2.550375267460596,49.115652448961036,18.7393390184448,3.7931032172464905,0.0,10.047836095552276,0.5781979091798811,0.10104769206564536,15.058471307213626,2.2629274869118743,18476.78788,186.1606061,84.80606061,130.6434343,0.0,17076.06364,130.4353535,22.541999999999998,0.022908536585365853,20.918000000000003,0.021258130081300817,5.794,0.005888211382113821,90.306,0.09177439024390244,34.983000000000004,0.03555182926829269,130.512,0.13263414634146342,0.0,0.0,0.0,0.0,155.632,0.15816260162601625,0.0,0.0,0.0,0.0,0.0,0.0,0.0,0.0,0.0,0.0,0.0,0.0,0.0,0.0,0.0,0.0,20.918000000000003,0.021258130081300817,22.541999999999998,0.022908536585365853,5.794,0.005888211382113821,13.592,0.013813008130081302,0.0,0.0,21.391,0.021738821138211382,0.0,0.0,286.144,0.2907967479674797,90.306,0.09177439024390244,0.0,0.0,17.807000000000002,0.018096544715447156,28.961,0.02943191056910569,173.451,0.17627134146341464,0.0,0.0,98.01,0.09960365853658537,11.385,0.011570121951219512,0.0,0.0,90.603,0.09207621951219512,0.0,0.0,0.0,0.0,6.395,0.006498983739837398,35.561,0.03613922764227642,0.0,0.0,0.0,0.0,0.193,0.00019613821138211382,0.0,0.0,0.0,0.0,0.0,0.0,6.395,0.006498983739837398,328.99800000000005,0.3343475609756098,126.971,0.12903556910569106,122.96799999999999,0.12496747967479674,0.0,0.0,311.57599999999996,0.3166422764227642,27.615,0.0280640243902439,0.204,0.0002073170731707317,0.0,0.0,0.0,0.0,2.759,0.002803861788617886,0.0,0.0,122.96799999999999,0.12496747967479674,24.855999999999998,0.025260162601626016,0.0,0.0,0.0,0.0,0.0,0.0,300.94599999999997,0.30583943089430893,0.0,0.0,0.204,0.0002073170731707317,0.0,0.0,0.0,0.0,10.63,0.010802845528455285,0.0,0.0,0.0,0.0,0.0,0.0,51.1451,0.05197672764227642,47.28313,0.048051961382113824,336.786833,0.34226304166666666,12.989963000000001,0.013201181910569107,50.526408,0.051347975609756104,2.685985,0.0027296595528455286,8.228461,0.008362257113821138,11.642699,0.011832011178861788,0.0,0.0,0.0,0.0,3.8622,0.003925,0.0,0.0
132,2591230,NAKA GAWA,FURUSHO,765.0,33.94,134.62,33.9396,134.6188,0.1,638.632397651622,16.6476931979589,63.8632398,1.809,722.8057375052921,0.944844101314107,0.0023647058823529398,0.29365889,8.627833766825512,12.966359222042913,2.533640071584626,85.22781382161959,17.204317419329303,3.770162446086992,0.0,8.608460418360895,0.6245723718309372,0.14748554092892835,13.760665818957188,2.2647116207865263,30259.627480000003,173.3898515,72.04826733,117.00495049999999,0.0,17539.2698,133.1844059,30.739,0.04018169934640523,83.45700000000001,0.10909411764705883,46.861000000000004,0.061256209150326806,34.283,0.04481437908496732,3.315,0.004333333333333333,431.212,0.563675816993464,0.0,0.0,0.0,0.0,346.87800000000004,0.4534352941176471,0.0,0.0,0.0,0.0,1.055,0.0013790849673202613,0.0,0.0,0.0,0.0,0.0,0.0,0.0,0.0,0.0,0.0,83.45700000000001,0.10909411764705883,30.739,0.04018169934640523,46.861000000000004,0.061256209150326806,3.315,0.004333333333333333,0.0,0.0,0.0,0.0,1.055,0.0013790849673202613,778.091,1.0171124183006537,34.283,0.04481437908496732,0.0,0.0,577.229,0.7545477124183007,10.231,0.013373856209150327,26.154,0.034188235294117644,0.0,0.0,5.495,0.007183006535947713,8.083,0.010566013071895424,0.0,0.0,35.764,0.046750326797385625,0.0,0.0,0.0,0.0,259.629,0.3393843137254902,15.724,0.02055424836601307,28.111,0.03674640522875817,0.0,0.0,0.0,0.0,4.312,0.005636601307189543,9.942,0.01299607843137255,0.0,0.0,259.629,0.3393843137254902,672.819,0.8795019607843136,48.148999999999994,0.06293986928104574,130.012,0.16995032679738561,22.584,0.02952156862745098,784.9780000000001,1.0261150326797386,43.023999999999994,0.05624052287581698,0.0,0.0,0.0,0.0,0.0,0.0,4.909,0.006416993464052287,22.584,0.02952156862745098,128.672,0.16819869281045752,38.114000000000004,0.049822222222222226,1.34,0.0017516339869281046,0.0,0.0,0.0,0.0,758.3510000000001,0.9913084967320263,0.0,0.0,0.0,0.0,0.0,0.0,0.0,0.0,26.627,0.034806535947712415,0.0,0.0,0.0,0.0,0.0,0.0,75.849165,0.09914923529411765,71.339481,0.09325422352941178,896.108261,1.1713833477124183,16.768635999999997,0.02191978562091503,19.296872,0.02522466928104575,1.428431,0.001867230065359477,3.351373,0.0043808797385620915,9.048613000000001,0.0118282522875817,0.0,0.0,0.0,0.0,1.480245,0.0019349607843137256,0.0,0.0
133,2591800,YOSHINO GAWA,IWAZU,2810.0,34.06,134.2,34.0646,134.2021,0.5,709.1909119489792,16.7657819252114,14.1838182,8.177,2437.4680487363103,0.867426351863456,0.00290996441281139,0.3750509,6.603258340491383,13.066964435723502,2.476558012525388,63.8344939530729,17.30103056313643,3.6845874711049103,0.0,8.736813736665582,0.6222084240514071,0.2295971756052607,13.755724442031946,2.2057882052753284,21472.95866,166.1151717,66.97342193,111.81210779999999,0.0,16505.97195,130.7759321,6.7139999999999995,0.00238932384341637,35.171,0.012516370106761565,5.462999999999999,0.0019441281138790033,1.177,0.00041886120996441285,14.345,0.005104982206405694,444.907,0.15832989323843416,25.741,0.00916049822064057,0.0,0.0,240.326,0.08552526690391458,0.0,0.0,0.0,0.0,7.136,0.0025395017793594307,0.0,0.0,0.0,0.0,0.0,0.0,0.0,0.0,0.0,0.0,35.171,0.012516370106761565,6.7139999999999995,0.00238932384341637,5.462999999999999,0.0019441281138790033,3.2910000000000004,0.0011711743772241994,25.741,0.00916049822064057,11.054,0.003933807829181494,7.136,0.0025395017793594307,685.2330000000001,0.2438551601423488,1.177,0.00041886120996441285,0.0,0.0,35.799,0.01273985765124555,0.0,0.0,472.56199999999995,0.1681715302491103,0.0,0.0,0.0,0.0,0.0,0.0,0.0,0.0,259.498,0.09234804270462633,0.0,0.0,0.0,0.0,0.013999999999999999,4.982206405693949e-06,0.0,0.0,6.794,0.00241779359430605,0.0,0.0,0.0,0.0,0.0,0.0,8.995,0.0032010676156583625,0.0,0.0,0.013999999999999999,4.982206405693949e-06,776.8539999999999,0.27646049822064056,6.794,0.00241779359430605,42.37,0.015078291814946618,0.0,0.0,723.2560000000001,0.25738647686832744,18.035999999999998,0.006418505338078291,0.0,0.0,0.0,0.0,0.0,0.0,3.7060000000000004,0.001318861209964413,0.0,0.0,41.213,0.014666548042704626,14.33,0.005099644128113879,1.157,0.0004117437722419929,0.0,0.0,0.0,0.0,713.062,0.25375871886121,0.0,0.0,0.0,0.0,0.0,0.0,0.0,0.0,10.193999999999999,0.0036277580071174373,0.0,0.0,0.0,0.0,0.0,0.0,22.907066,0.00815198078291815,9.699262,0.003451694661921708,826.207567,0.29402404519572956,5.129041,0.0018252814946619217,4.295173999999999,0.0015285316725978646,0.352604,0.0001254818505338078,1.164397,0.00041437615658362984,15.418973000000001,0.005487179003558719,0.0,0.0,0.0,0.0,0.0,0.0,0.0,0.0
134,2591801,YOSHINO GAWA,CHUO-BASHI,3044.0,34.09,134.35,34.0896,134.3521,0.2,670.982828638779,16.2723093489425,33.5491414,8.177,2587.84325730961,0.8501456167245759,0.0026862680683311397,0.38510744,6.422410770678108,13.229455484271693,2.4733181893632756,62.04983148120948,17.45699189960417,3.6772538610165264,0.0,8.902037797043432,0.6156920975191352,0.2293701691163184,13.904492976847095,2.20102247666103,20827.752109999998,168.2735881,69.48562732,114.18160300000001,0.0,16665.661819999998,130.8944877,16.941,0.005565374507227332,134.99200000000002,0.04434691195795007,42.141999999999996,0.013844283837056503,12.847999999999999,0.0042207621550591325,81.961,0.026925427069645205,1440.2420000000002,0.473141261498029,218.299,0.07171452036793692,4.555,0.0014963863337713534,756.581,0.24854829172141918,0.0,0.0,0.0,0.0,23.211,0.007625164257555847,0.0,0.0,0.0,0.0,0.0,0.0,0.0,0.0,0.0,0.0,134.99200000000002,0.04434691195795007,21.497,0.007062089356110381,42.141999999999996,0.013844283837056503,6.7860000000000005,0.0022293035479632062,218.299,0.07171452036793692,75.176,0.024696452036793694,23.211,0.007625164257555847,2196.824,0.7216898817345598,12.847999999999999,0.0042207621550591325,0.0,0.0,128.275,0.042140275952693824,0.0,0.0,295.827,0.09718363994743758,0.0,0.0,15.404000000000002,0.005060446780551906,51.522,0.0169257555847569,0.0,0.0,72.82300000000001,0.023923455978975036,0.0,0.0,0.0,0.0,2037.9579999999999,0.6695,0.0,0.0,132.135,0.04340834428383705,0.0,0.0,0.0,0.0,6.9639999999999995,0.0022877792378449406,0.0,0.0,0.0,0.0,2037.9579999999999,0.6695,548.447,0.18017312746386333,154.502,0.05075624178712221,122.522,0.0402503285151117,0.0,0.0,2541.02,0.8347634691195795,77.36399999999999,0.02541524310118265,0.0,0.0,0.0,0.0,0.0,0.0,12.071,0.00396550591327201,0.0,0.0,122.522,0.0402503285151117,65.293,0.021449737187910645,0.0,0.0,0.0,0.0,0.0,0.0,2458.265,0.8075772010512483,0.0,0.0,0.0,0.0,0.0,0.0,0.0,0.0,82.756,0.02718659658344284,0.0,0.0,0.0,0.0,0.0,0.0,74.962303,0.024626249342969777,131.213067,0.04310547536136662,2532.999675,0.8321286711563732,109.09555300000001,0.035839537779237846,23.325129,0.007662657358738502,5.517017,0.0018124234559789751,6.238899,0.002049572601839685,55.583156,0.01825990670170828,0.0,0.0,0.0,0.0,2.069289,0.0006797927069645204,0.0,0.0
135,2591802,YOSHINO GAWA,IKEDA,2073.8,34.03,133.84,34.0312,133.8354,0.4,780.4641191619679,17.1689716283577,19.511603,8.177,1766.33979835619,0.851740668510073,0.00394300318256341,0.35017628,7.1164309560461625,13.129410561754126,2.4920053138755844,69.55573161336879,17.343023224557708,3.6918997217576823,0.0,8.821529896513589,0.6490610457471913,0.20986217113545885,13.848217998905385,2.2284370797188413,23805.39769,161.634929,63.23461336,107.6901631,0.0,16370.448709999999,131.0562862,31.316999999999997,0.015101263381232516,175.085,0.0844271385861703,42.141999999999996,0.020321149580480275,25.13,0.012117851287491559,139.711,0.06736956312084097,1488.004,0.717525315845308,223.015,0.10753929983604975,6.204,0.0029916096055550194,828.926,0.39971356929308516,0.0,0.0,0.0,0.0,23.656,0.01140707879255473,5.012,0.0024168193654161437,0.0,0.0,0.0,0.0,0.0,0.0,0.0,0.0,175.085,0.0844271385861703,37.521,0.01809287298678754,47.153999999999996,0.022737968945896418,8.88,0.004281994406403703,223.015,0.10753929983604975,130.83100000000002,0.06308756871443727,23.656,0.01140707879255473,2316.93,1.1172388851383932,25.13,0.012117851287491559,0.0,0.0,128.275,0.061855048702864304,0.0,0.0,387.37300000000005,0.1867938084675475,0.0,0.0,21.595,0.010413251036744139,93.83,0.04524544314784453,0.0,0.0,113.336,0.054651364644613745,0.0,0.0,0.0,0.0,2113.826,1.0193008004629183,0.0,0.0,132.135,0.06371636609123348,0.0,0.0,0.0,0.0,6.9639999999999995,0.0033580866043012823,0.0,0.0,0.0,0.0,2113.826,1.0193008004629183,722.814,0.34854566496287004,160.694,0.0774877037322789,184.31599999999997,0.0888783875012055,0.0,0.0,2698.857,1.3014065965859773,114.16,0.05504870286430706,0.0,0.0,0.0,0.0,0.0,0.0,16.417,0.007916385379496576,0.0,0.0,184.31599999999997,0.0888783875012055,97.744,0.04713279969138778,0.0,0.0,0.0,0.0,0.0,0.0,2605.3720000000003,1.2563275147073008,0.0,0.0,0.0,0.0,0.0,0.0,0.0,0.0,93.486,0.04507956408525412,0.0,0.0,0.0,0.0,0.0,0.0,125.013481,0.06028232278908284,151.965491,0.0732787592824766,2693.728195,1.2989334530813,110.672526,0.053367019963352295,36.657441999999996,0.017676459639309475,8.063778,0.0038884067894686077,7.485761999999999,0.003609683672485292,71.751165,0.03459888369177355,0.0,0.0,0.0,0.0,3.145403,0.0015167340148519624,0.0,0.0
