File_num,grdc_no,river,station,area,lat_org,long_org,lat_pp,long_pp,dist_km,ElevMean,ElevMax,ElevMin,SlopeMean,AridityIndex,met_An_precip,met_Daily_precip,met_An_meanT,met_An_maxT,met_An_minT,DailyMeanPET,AnnualMeanPET,met_Jan_precip,met_Feb_precip,met_Mar_precip,met_Apr_precip,met_May_precip,met_Jun_precip,met_Jul_precip,met_Aug_precip,met_Sep_precip,met_Oct_precip,met_Nov_precip,met_Dec_precip,met_Jan_meanT,met_Feb_meanT,met_Mar_meanT,met_Apr_meanT,met_May_meanT,met_Jun_meanT,met_Jul_meanT,met_Aug_meanT,met_Sep_meanT,met_Oct_meanT,met_Nov_meanT,met_Dec_meanT,met_Jan_snow,met_Feb_snow,met_Mar_snow,met_Dec_snow,met_An_snow,met_Jan_sun,met_Feb_sun,met_Mar_sun,met_Apr_sun,met_May_sun,met_Jun_sun,met_Jul_sun,met_Aug_sun,met_Sep_sun,met_Oct_sun,met_Nov_sun,met_Dec_sun,met_An_sun,met_Jan_solra,met_Feb_solra,met_Mar_solra,met_Apr_solra,met_May_solra,met_Jun_solra,met_Jul_solra,met_Aug_solra,met_Sep_solra,met_Oct_solra,met_Nov_solra,met_Dec_solra,met_An_solra,sol12_Helvic Acrisols_Ratio,sol12_Dystric Rhegosols_Ratio,sol12_Haplic Andosols_Ratio,sol12_Fluvic Gleysols_Ratio,sol12_Gleysols_Ratio,sol12_Humic Cambisols_Ratio,sol12_Lithosols_Ratio,sol12_Rhodic Acrisols_Ratio,sol12_Ochric Cambisols_Ratio,sol12_Humo-Ferric(Gleyic) Podzols_Ratio,sol12_Gleyic Andosols_Ratio,sol12_Humo-Ferric Podzols_Ratio,sol12_Vitric Andosols_Ratio,sol12_(Andic) Rhegosols_Ratio,sol12_(Entic) Andosols_Ratio,sol12_Histosols_Ratio,sol12_Fluvisols_Ratio,sol22_Rhegosols_Ratio,sol22_Acrisols and Luvisols_Ratio,sol22_Andosols_Ratio,sol22_Ochric Gleysols_Ratio,sol22_Lithosols_Ratio,sol22_Fluvisols_Ratio,sol22_Podozols_Ratio,sol22_Cambisols_Ratio,sol22_Fluvic gleysols_Ratio,sol22_Dystric Histosols_Ratio,geo1_P_Ratio,geo1_An_Ratio,geo1_M_Ratio,geo1_Gn_Ratio,geo1_Gr_Ratio,geo1_tr_Ratio,geo1_lm_Ratio,geo1_al_Ratio,geo1_Bs_Ratio,geo1_wf_Ratio,geo1_Sch_Ratio,geo1_Tn_Ratio,geo1_Gd_Ratio,geo1_Lp_Ratio,geo1_Tp_Ratio,geo1_Sp_Ratio,geo1_Pls_Ratio,geo1_ds_Ratio,geo3_Henseigan_ratio,geo3_Taisekigan_ratio,geo3_Kaseigan_ratio,landP_Lowland_Ratio,landP_Volcanic_Ratio,landP_Mountain_Ratio,landP_Plateau_Ratio,landP_Hills_Ratio,landP_Water_Ratio,landS_Volcanic_GentleSlope_Ratio,landS_Lowland_Ratio,landS_Volcanic_SteepSlope_Ratio,landS_AlluvialFanAndValleyPlains_Ratio,landS_GravelPlateauAndRockPlateau_Ratio,landS_DeltasAndTidalFlatsAndWetValleyPlains_Ratio,landS_LavaPlateau_Ratio,landS_VolcanicLaharTerrain_Ratio,landS_MountainSteepSlope_Ratio,landS_SteepAlluvialFan_Ratio,landS_HillsSteepAndGentle_Ratio,landS_Peatland_Ratio,landS_VolcanicAshSandPlateau_Ratio,landS_MountainGentleSlope_Ratio,landS_DuneBeachSandbars_Ratio,landS_Water_Ratio,landS_LimestonePlateau_Ratio,land_RiceField_Ratio,land_OtherFarmland_Ratio,land_Forest_Ratio,land_Wasteland_Ratio,land_Urban_Ratio,land_Road_Ratio,land_Railroad_Ratio,land_Other_Ratio,land_RiverLakes_Ratio,land_Beach_Ratio,land_Ocean_Ratio,land_GolfCourse_Ratio
1,2587080,TESHIO GAWA,MARUYAMA,4685,44.92,141.89,44.9229,141.8938,0.4,311.9342535,1386,11,7.204888461,0.460014058,1200.631325,3.28940089,43.55372371,93.41027099,-9.97877582,1.513170653,552.3072883,82.3470722,61.16221338,63.68279325,60.23778662,67.17364033,62.48474512,113.4320637,136.6339018,148.5096456,150.6391889,143.237256,111.0910176,-97.60621565,-95.43964374,-45.32025772,24.95167709,87.82944855,136.0735266,175.5861285,186.9861664,135.9620997,71.31646769,2.81997347,-61.02937275,120.4208831,138.2239909,139.4203146,90.76805003,142.3808982,54.73356074,88.7701914,129.6379951,163.1974038,187.7313815,172.394296,152.0869812,148.8051544,144.7872276,115.0993557,54.4650938,40.06083002,1451.769471,4.663236688,8.056092477,11.85154444,15.48658329,18.05700208,19.01135115,17.19891984,15.13465984,12.45921925,8.317851052,4.454917567,3.502956225,11.52035247,0,0,0,1.384055496,19.80177161,70.72367129,0.666531483,0,5.004226254,0.215304162,0.001750267,0.230160085,0,0.06941302,0,1.452209178,0,0.06941302,0,0.001750267,19.80177161,0.666531483,0,0.445442903,75.72789755,1.384055496,1.452209178,14.02478122,19.40313767,11.94977588,0,0.944589114,1.082753469,0,15.28919957,0,0,0,32.71511206,0,0.185613661,0,3.931910352,0,0,0,75.06164354,24.4652508,17.59995731,0,65.44537887,5.333767343,11.21191035,0.017545358,0,0,0,11.93016009,5.333767343,3.823607257,0,0,60.69237994,0,11.21191035,1.846189968,0,4.752998933,0,0.017545358,0,3.423547215,12.41840224,74.43178807,11.34571187,0.745987898,0.304930651,1.115530651,1.780282006,0.00019746,0,0.034327385,0
2,2587081,TESHIO GAWA,PONPIRA,4029,44.8,142.08,44.7979,142.0687,0.9,341.3640583,1386,20,7.543490901,0.451477289,1204.272159,3.299375778,42.63723776,92.7381993,-10.875,1.489593232,543.7015296,81.8708042,61.11020542,64.47296766,60.8388986,67.17176573,64.00939685,114.4301355,137.1355332,150.2734921,149.4003934,143.3974432,110.1611233,-99.28977273,-96.80594406,-46.62762238,23.95957168,87.68006993,136.3883304,175.7652972,186.5128934,134.9213287,69.90013112,1.407342657,-62.70192308,121.1453234,138.6619318,141.1343969,92.51267483,143.4556381,55.10067745,89.0482299,129.3889205,163.497618,187.686451,172.9059878,152.2134178,149.5026879,142.6183348,114.8282998,55.09270105,41.09995629,1452.983282,4.696612762,8.093618881,11.8736451,15.53979458,18.09798951,19.07167832,17.24241696,15.20782343,12.40649038,8.345891608,4.498754371,3.547923951,11.55598776,0,0,0,1.609406801,19.37086126,72.30265575,0.775055845,0,5.151327873,0.023752792,0,0.267634649,0,0.080714818,0,1.159568131,0,0.080714818,0,0,19.37086126,0.775055845,0,0.291387441,77.45398362,1.609406801,1.159568131,15.69334823,22.56234798,12.73636138,0,1.098386696,1.25904691,0,15.20377265,0,0,0,29.82074957,0,0.215835195,0,2.130106726,0,0,0,74.71330355,26.00665177,17.01151651,0,71.71451973,5.382824522,6.663241499,0.020402085,0,0,0,13.2904691,5.382824522,2.394862249,0,0,66.86051129,0,6.663241499,1.326160338,0,4.854008439,0,0.020402085,0,3.980740755,11.67041499,76.69600335,10.14759007,0.799602755,0.250485133,1.269928841,1.64148553,0.00022961,0,0.039916555,0
3,2587082,TESHIO GAWA,BIFUKA-BASHI,2899,44.48,142.34,44.4813,142.3354,0.4,363.4676352,1386,73,7.326874479,0.459000277,1157.184353,3.17036809,42.89406393,93.10989346,-10.68584475,1.455199832,531.1479386,72.9891933,56.77759513,61.00873668,59.16185693,66.99351598,66.18754947,116.1167732,134.2513242,149.4048402,140.7424353,133.6444749,99.90605784,-99.81126332,-96.61248097,-46.61400304,24.18660578,88.70167428,138.0006088,177.0928463,187.0322679,134.9829528,69.58325723,1.212785388,-63.52298326,107.5993912,122.9360731,124.3458143,85.37960426,127.0584475,59.08401826,92.9952207,132.8278234,164.1971689,187.8028919,172.6951598,153.9586301,152.9253881,143.2561948,116.9757686,57.81047184,44.79729072,1479.326027,4.814642314,8.248158295,12.03424658,15.60468798,18.13716895,19.08133942,17.35056317,15.38767123,12.47570776,8.453789954,4.600517504,3.651019787,11.65722983,0,0,0,1.470058641,21.17340462,70.33276992,0.689341152,0,4.872680235,0,0,0.174025526,0,0.112176613,0,1.604311832,0,0.112176613,0,0,21.17340462,0.689341152,0,0.174025526,75.20545016,1.470058641,1.604311832,20.89441187,24.95667472,0.03432218,0,1.526526388,0.728216626,0,19.50814074,0,0,0,31.0116247,0,0.299965505,0,1.439668851,0,0,0,72.17668161,28.22283546,19.43939289,0,66.60852018,6.000137979,8.423973784,0.028354605,0,0,0,15.64843049,6.000137979,1.947878579,0,0,61.15836495,0,8.423973784,1.843083822,0,5.450155226,0,0.028354605,0,5.441319662,13.55808517,74.73207575,8.071299483,1.010527975,0.264457227,1.62431228,1.656230045,0.00031911,0,0.055475612,0
4,2587083,TESHIO GAWA,NAYORO-OHASHI,1719.2,44.38,142.41,44.3688,142.4437,3,346.3095564,1386,90,6.787907353,0.453392764,1165.121659,3.192114134,46.26179831,96.2414307,-6.310481868,1.44728145,528.2577294,73.28673621,58.49781421,62.18186786,59.43750621,69.73000497,67.02548435,118.4941878,134.1686041,149.2913065,134.6798808,134.9537506,103.3745156,-97.16492797,-93.24639841,-43.95578738,26.98658718,92.82414307,143.8380527,182.414307,190.917536,138.0298063,72.02235469,3.183805266,-61.18082464,106.7734724,122.0655738,119.4714357,87.84898162,123.4456036,58.66691505,92.44610035,132.9191754,165.1416791,189.0800298,175.7720815,156.1464978,156.3261302,145.3620964,116.5606061,56.5880775,43.60869349,1488.618082,4.812369598,8.231495281,12.02608048,15.630154,18.1692002,19.19279682,17.42205663,15.51376056,12.56621957,8.44520616,4.575012419,3.634028813,11.68877298,0,0,0,2.478885528,25.35853886,67.20183806,0.348534202,0,4.750290833,0,0,0.161528618,0,0.189157748,0,2.246568171,0,0.189157748,0,0,25.35853886,0.348534202,0,0.161528618,71.95218706,2.478885528,2.246568171,21.20538623,15.88128199,0.057875756,0,2.55269893,0.138610982,0,25.94078641,0,0,0,33.97609353,0,0.505816659,0,2.427640763,0,0,0,81.31875291,21.36743834,25.00453699,0,60.06293625,5.414436947,12.32637273,0.047812936,0,0,0,18.63192182,5.414436947,3.284609121,0,0,55.68781992,0,12.32637273,3.088006049,0,4.375116333,0,0.047812936,0,8.728579048,15.98072417,71.41168235,8.806739414,1.36497336,0.309746859,1.943756398,2.074734819,0.000538099,0,0.052746917,0
5,2587100,ISHIKARI-GAWA,ISHIKARI-OHASHI,12697,43.1197,141.5456,43.1229,141.5437,0.4,393.3559326,2133,5,7.739837917,0.424272181,1275.095041,3.493411071,49.05101532,96.97028856,-0.347915924,1.482157136,540.9873545,91.12368365,71.88274314,69.75613823,70.35698611,83.85047382,67.40581404,118.4132597,166.1966512,149.5108871,137.1569647,139.578347,109.8630923,-88.9046669,-84.13637335,-39.01382259,30.34107588,92.15040969,141.4370502,179.874813,190.0380477,140.6886356,75.32283577,6.869184182,-56.58154613,96.79536872,115.484503,110.9378696,71.29504809,117.2302102,70.87648735,95.53205558,132.8553758,163.1416958,185.5966085,172.5911151,148.2797934,152.0469612,143.4091771,125.5837121,70.639829,57.41348771,1517.966299,5.221631635,8.439401496,12.09717848,15.62513003,18.08267189,19.01789811,17.0565016,15.43928037,12.62148201,8.899173495,5.090110438,4.05446384,11.80809405,0,0,5.798716232,4.587839647,16.65242971,56.44718437,0.943002284,0,3.142703001,0.145475309,0.006221942,3.150767898,0,4.94490037,0,3.854272663,0,4.94490037,0,5.804938174,16.65242971,0.943002284,0,3.296243207,59.58988737,4.587839647,3.854272663,9.69123415,13.39219501,10.35098842,0.074954714,0.087059935,2.13132236,4.441647633,19.54724738,0,10.40823817,3.556414901,19.62364338,0,0,3.333425219,3.526707096,0,0,3.631369615,79.52773884,17.00596204,17.90978184,19.01964244,41.77654564,13.68568166,7.709191148,0.818791841,3.207765614,4.987367095,15.81186895,9.679034418,5.825525715,5.600472553,0,0,33.80583602,0,7.709191148,2.61182169,2.872796724,7.970709616,0.018453178,0.818791841,0,12.1024404,9.810143372,67.39593488,7.146396479,2.369237804,0.329065173,2.199538316,2.865615303,7.36631E-05,0,0.525350595,0
6,2587101,ISHIKARI-GAWA,TSUKIGATA,9306,43.33,141.6933,43.3312,141.6937,0.1,454.0733378,2133,9,7.999611132,0.417864495,1276.979955,3.498575219,44.73831049,92.76922329,-5.526198114,1.461930366,533.6045836,89.62510936,71.1897249,69.7542821,69.36981627,80.76585982,67.38165646,117.8893361,162.4136677,148.8599689,141.0747837,145.9823564,112.6733936,-94.93156411,-90.70166229,-44.38884028,25.81005152,89.34995626,140.1659376,178.7567804,187.0630893,135.8710022,70.14056576,1.428890833,-62.21638962,99.82035579,118.4957714,116.6452805,76.38096627,120.7923593,64.87724312,91.6885681,128.4884028,160.9084573,185.5916691,173.9114222,152.4206377,154.2952853,140.642403,121.6462914,65.4517838,52.10079712,1492.022961,5.082784096,8.335928842,11.97515311,15.59312725,18.17001069,19.19784194,17.36084378,15.60342179,12.5378536,8.785865656,4.953261398,3.937464761,11.79881404,0,0,4.406780572,4.847313561,15.94362777,60.88637438,0.79665807,0,3.7827853,0.198484848,0.008489147,4.1470879,0,2.723565442,0,1.273855577,0,2.723565442,0,4.415258973,15.94362777,0.79665807,0,4.345562003,64.66915968,4.847313561,1.273855577,12.3245648,17.42140554,8.389737804,0.102267354,0.11878358,2.523500967,0,15.10460993,0,14.03090479,4.852331829,19.65892972,0,0,0.977337202,4.083397808,0,0,4.954599183,73.00958521,21.62359768,13.20842467,24.11711799,42.24113475,10.52604771,9.489694821,0.220771545,4.170814528,5.989662583,19.94630346,9.931377606,4.536395874,2.68549323,0,0,31.87137331,0,9.489694821,0.566376531,0,10.36976144,0.025177305,0.220771545,0,10.98048582,7.839905212,70.88430159,8.233445669,1.948057253,0.251684591,1.654989426,2.176632248,0.000100505,0,0.263523662,0
7,2587102,ISHIKARI-GAWA,HASHIMOTOCHO,5711,43.5544,141.8872,43.5562,141.8896,0.3,467.2317383,2133,24,7.696975189,0.413629032,1304.689761,3.574492496,42.42736311,90.26146313,-8.211158926,1.478513871,539.657563,93.04856804,74.91307316,71.61280605,68.78517584,80.97607954,68.22918831,120.4062621,159.2429886,150.2993471,146.9876094,150.6858288,119.5028342,-97.12049265,-92.85472622,-47.09838255,22.79997032,86.81050601,138.3548004,177.2442499,184.9599347,133.0511945,67.43552456,-1.166345155,-63.801751,109.689123,129.9896127,128.5481525,83.97581244,132.6170055,61.179908,89.88458228,127.4185487,161.9155809,185.537973,173.8276896,153.8208191,153.7353465,141.4654251,118.8814661,61.58464164,48.41437899,1477.66636,4.97722214,8.266196765,11.93708265,15.64588218,18.18321709,19.23114705,17.45797596,15.58351387,12.56456448,8.673927882,4.82765989,3.837305238,11.77002523,0,0,4.10779198,5.25128699,16.91780774,62.03591315,0.795342322,0,4.914655927,0.264612152,0,5.715636491,0,3.248537909,0,1.047172124,0,3.248537909,0,4.10779198,16.91780774,0.795342322,0,5.980248643,66.95056908,5.25128699,1.047172124,11.08063386,23.7424269,4.041201191,0,0.017334968,2.574873052,0,16.4733847,0,12.73712134,6.765785327,21.75813343,0,0,1.592558221,3.932761338,0,0,6.765785327,70.2579058,27.6925232,14.14001051,26.77489056,41.4989494,11.40488531,11.21399054,0.034512345,4.148975661,7.057275433,22.6259149,11.33680616,4.347609876,2.476676589,0,0,30.14475573,0,11.21399054,0.326527753,0,11.35419366,0,0.034512345,0,13.0516567,7.675207757,73.49278289,10.72180735,2.234705446,0.282670706,1.228969655,2.337270285,0,0,0.275385151,0
8,2587103,ISHIKARI-GAWA,OSAMUNAI,3558,43.7156,142.1367,43.7188,142.1354,0.4,597.8951177,2133,63,8.407607396,0.429848346,1199.818605,3.28717426,37.45140987,84.13997986,-12.63418933,1.412986418,515.7400427,69.57411883,59.39282477,62.54282477,68.32633434,83.31369587,73.14146526,123.9299094,160.7655086,142.8299094,132.5529204,128.5046073,94.9444864,-103.213998,-98.7479859,-53.11656596,18.80085599,83.22784491,135.2137462,173.9305136,180.0805639,127.3748741,62.23892246,-6.864551863,-70.03197382,81.02014099,97.86379658,95.92824773,67.7827291,99.47834844,65.4871853,94.16968781,126.100428,158.0698892,182.3909366,173.9539527,155.7285498,154.9483635,137.7564199,118.5507301,63.21500504,53.39942095,1483.770569,5.147759315,8.498816717,12.00901309,15.6326284,18.22673716,19.42223061,17.73197382,15.80536254,12.54257301,8.773716012,4.950125881,4.008408862,11.90025176,0,0,6.593479483,0.721894323,11.27599775,60.66528949,0.21183249,0,5.213659359,0.424732996,0,9.125829117,0,5.08400787,0,0.3757448,0,5.08400787,0,6.593479483,11.27599775,0.21183249,0,9.550562114,65.87894885,0.721894323,0.3757448,15.87875211,30.81753794,0.143535694,0,0.027824621,1.373046655,0,13.7866498,0,20.4445475,8.591259134,6.674198988,0,0,0,2.008684654,0,0,8.591259134,58.30073075,32.85407532,9.184682406,40.40556492,30.20781338,11.15944351,8.788195616,0,4.767116358,9.084513772,35.63844857,9.104693648,2.074929736,0.049297358,0,0,15.56627319,0,8.788195616,0.030719505,0,14.64154019,0,0,0,11.0101475,7.940928893,69.81411824,10.28613508,2.762475464,0.264526953,1.467444829,1.573943451,0,0,0.289174452,0
9,2587104,ISHIKARI-GAWA,INO,3378.6,43.77,142.27,43.7687,142.2771,0.6,619.1353331,2133,101,8.49370637,0.426967417,1201.834042,3.292696005,36.33019376,82.82723358,-13.7131324,1.405873908,513.1439763,68.47887513,59.47327772,62.87540366,69.12368138,84.71854144,73.70801938,124.9675457,162.0499731,142.9264801,132.7524758,127.3156889,93.44407966,-104.2758342,-99.91038751,-54.46689989,17.70317546,82.19321851,134.2131324,172.9690527,178.8815931,126.0594726,61.11598493,-7.987082885,-71.06700753,80.14235737,96.99085038,94.86948332,67.41307858,98.59607104,65.01197524,94.00094187,125.1561356,157.7927879,181.6644241,173.4968784,155.949408,155.1185145,137.5765339,118.0192949,63.03503767,52.92868676,1479.750619,5.146474704,8.50737352,11.99195371,15.64599031,18.22497309,19.43210441,17.77400431,15.84017761,12.55648547,8.772308934,4.956781485,4.006862217,11.90923036,0,0,6.943586101,0,10.73089445,59.71310602,0.223080566,0,5.150890902,0.154945836,0,9.610400758,0,5.35396318,0,0.395696442,0,5.35396318,0,6.943586101,10.73089445,0.223080566,0,9.765346593,64.86402652,0,0.395696442,16.72189664,32.07375836,0.073077606,0,0.029302078,1.04069733,0,14.06011366,0,21.20342746,5.847155627,6.039898183,0,0,0,1.243740011,0,0,5.847155627,59.13908128,33.34680045,9.538595868,39.30050909,29.68827325,11.00674836,8.798614811,0,4.886698633,8.8216421,34.41381045,9.454330196,2.185106257,0.051914994,0,0,15.05286213,0,8.798614811,0.032350678,0,14.63541112,0,0,0,10.81220979,7.863236429,68.42840597,10.50692985,2.86447052,0.254304268,1.412085183,1.551329101,0,0,0.278061978,0
10,2587105,SORACHI-GAWA,AKABIRA,2531,43.56,142.05,43.5604,142.0521,0.2,505.3548522,1839,55,8.966257192,0.427614834,1203.147394,3.29629423,44.93599161,93.48793284,-5.272822665,1.409544311,514.4836736,77.08772298,60.53413781,65.74658972,71.38279119,80.12458902,66.47967821,113.3613851,170.2161595,146.6896817,127.7196222,132.4586569,91.34637985,-95.94193774,-92.07869885,-43.79853095,27.69534802,90.69674711,140.5320042,178.6698146,187.4109829,136.849248,70.88037775,1.942987058,-64.13781042,74.51171738,89.64043372,87.95487933,58.11822315,91.37040923,72.783071,96.04309199,128.5219657,156.7182232,183.2531305,172.2837705,148.4788038,153.9704442,135.4613501,125.1088492,73.65613851,60.08978664,1506.368625,5.344071354,8.552710738,12.04211263,15.48527457,18.14578524,19.1598461,17.22574327,15.68436516,12.4081497,9.002658272,5.259881077,4.184679958,11.87901364,0,0,6.933978665,1.123034374,12.13658633,70.419597,1.101856974,0,2.593875938,0.132714342,0,2.287633347,0,2.600750691,0,1.187475306,0,2.600750691,0,6.933978665,12.13658633,1.101856974,0,2.420347689,73.01351245,1.123034374,1.187475306,18.85902805,9.824614777,20.17799289,0.376017384,0.397629395,1.55807981,0,7.083010668,0,22.8486369,2.574634532,10.8905966,0,0,0,6.139944686,0,0,2.950651916,81.41738443,16.36214935,8.020071118,27.41615962,47.74780719,7.95784275,9.588265508,0,5.556775978,5.637455551,21.85938364,6.150809957,2.320387199,1.233306993,0,0,35.61991308,0,9.588265508,0.635954168,0,12.12789411,0,0,0,4.973978665,9.979749032,82.56011766,4.777526314,0.997700356,0.093743698,2.569664046,1.248635875,0,0,0.173702805,0
11,2587106,YUBARI-GAWA,KIYOHORO-BASHI,1116,43.09,141.69,43.0896,141.6896,0.1,377.5722068,1438,11,8.103404252,0.413153162,1332.927088,3.651855036,51.28883685,101.7322404,2.575331772,1.508775456,550.7030414,98.38821233,76.02193599,76.03325527,81.69555035,100.2441062,66.50273224,125.8985168,186.8768931,149.1167057,130.2149102,133.2136612,108.7206089,-85.22482436,-78.26697892,-35.28259173,33.02419984,92.73380172,139.6455894,177.8672912,191.0374707,143.7494145,78.48009368,10.2295082,-53.02576112,85.98360656,102.971897,94.77205308,59.04839969,103.5175644,82.11943794,100.258548,132.8766589,161.7537861,181.4152225,166.4649493,131.7427791,141.5918033,143.8155347,128.1572209,77.16908665,65.34769711,1512.712724,5.552615144,8.636612022,12.10374707,15.56260734,17.87486339,18.63372365,16.19765808,15.01209992,12.68992974,9.058469945,5.337782982,4.295238095,11.75089774,0,0,6.630824373,0.592114695,10.90376344,71.03342294,3.713351254,0,1.79327957,0,0,1.265770609,0,4.267293907,0,0.803763441,0,4.267293907,0,6.630824373,10.90376344,3.713351254,0,1.265770609,72.8266129,0.592114695,0.803763441,6.361021505,0,25.64229391,0,0,3.115860215,0.01218638,11.23198925,0,0,0,27.65430108,0,0,20.91200717,6.073924731,0,0,0,94.9297491,6.073924731,9.193996416,0,74.93055556,16.13799283,0.741129032,0,0,2.899731183,0,7.936738351,13.23826165,1.025537634,0,0,73.34005376,0,0.741129032,0.23172043,0,1.590412186,0,0,0,10.0268647,8.984192742,82.59713683,4.283606541,1.365095341,0.355926971,1.073505287,1.561258513,0,0,0.804742473,0
12,2587200,SHIRIBETSU-GAWA,NAKOMA,1402.2,42.81,140.46,42.8104,140.4604,0.1,436.9259832,1782,8,7.417676356,0.42438755,1342.863296,3.679077523,53.14116875,96.56795798,6.932370322,1.561354696,569.8944642,121.2520026,94.6435325,75.08877216,78.23197636,88.10577807,59.37367039,105.903677,155.9048588,151.6103086,134.5430729,150.4255417,127.7801051,-71.68680236,-68.34143139,-31.15758372,31.28693368,88.22849639,136.9152988,176.3401182,190.1470781,142.6460932,77.96913986,11.8345371,-46.85948785,162.7603414,202.6204859,207.3696651,96.63427446,212.867367,52.77793828,73.42810243,122.2722259,167.9076822,184.4432699,168.8789232,138.3812213,147.7160867,142.6552856,127.3141169,70.44701248,47.89855548,1444.12042,4.908338805,7.810177282,11.74865397,15.92744583,18.10137886,18.81884439,16.59415627,15.3651346,12.73309258,9.117859488,5.224688116,3.965856861,11.69822718,0,0,32.94494366,0,14.39231208,39.54949365,0.891812865,0,6.902439024,0,0,0,0,3.39438026,0,0,0,3.39438026,0,32.94494366,14.39231208,0.891812865,0,0,46.45193268,0,0,0,39.04500071,0,0,0,0,0,10.36849237,0,9.895164741,0,38.76672372,0,0,0,0,0,0,0,59.03038083,39.04500071,9.746398517,62.67700756,10.88610755,14.76601055,0,0,15.95471402,1.321138211,46.72229354,9.746398517,13.44487234,0,0,0,8.215661104,0,0,0,0,2.670446441,0,0,0,2.45278819,13.72630288,76.50567273,11.08316667,0.913552275,0.081594566,1.28935701,0.978998431,0,0,0.601664385,0
13,2587210,MU KAWA,MUKAWA,1228,42.57,141.94,42.5688,141.9354,0.4,400.7110425,1231,5,8.635875923,0.451942696,1216.435244,3.332699299,46.81953291,101.3517339,-8.009907997,1.506189105,549.7590232,56.25612173,44.36687898,67.56985138,85.09023355,103.5915074,70.06220807,135.6635527,196.3822364,157.0511677,115.8392781,113.9772116,70.58499646,-93.72328379,-87.8138712,-39.18683652,29.81740977,90.59660297,137.990092,176.5116773,189.0007077,140.1174805,72.59518754,5.596602972,-60.08987969,62.39136589,73.45859873,69.1656051,42.17975938,73.79193206,88.99731069,104.9568294,133.5080679,160.2680821,179.0472753,161.6598018,128.5932059,141.641472,137.7881104,128.7088464,83.0133758,73.107431,1521.289809,5.757395612,8.829299363,12.15810333,15.53326256,17.80601557,18.4128804,16.06772824,15.05626327,12.46652512,9.124274593,5.54118896,4.504317056,11.77501769,0,0,3.22752443,0,8.278990228,67.04250814,0.291205212,0,1.256921824,0,0,0,0,20.05008143,0,0.123534202,0,20.05008143,0,3.22752443,8.278990228,0.291205212,0,0,68.29942997,0,0.123534202,34.25700326,0,20.4232899,0.21237785,0,2.189250814,0,4.533876221,0,0,0,23.73192182,0.484120521,0,2.6252443,11.81351792,0,0,0.21237785,87.76066775,12.29771987,9.460993485,0,86.4769544,4.326872964,0.005944625,0,0,0.517100977,0,9.460016287,3.809771987,0.000977199,0,0,81.38868078,0,0.005944625,0,0,5.088273616,0,0,0,2.718106026,4.031862622,99.06055008,2.866973208,0.405593811,0.072264739,0.722847068,1.431714821,0,0,0.265259691,0
14,2587220,SARU GAWA,BIRATORI,1253,42.58,142.15,42.5812,142.1438,0.5,609.9967408,1875,38,12.69093767,0.414629412,1314.681608,3.601867419,37.57622378,89.30979021,-15.87342657,1.493440169,545.1056618,59.39797203,45.92048951,71.54923077,95.85111888,111.2328671,81.28573427,149.3978322,208.7034266,166.5986014,126.2325175,125.1047552,73.40706294,-101.306993,-95.46853147,-48.76433566,20.0027972,80.46783217,128.3300699,167.0440559,179.1601399,129.8524476,63.08251748,-4.395804196,-67.66923077,74.42937063,93.05454545,90.28461538,46.2979021,94.31048951,87.19188811,100.748042,122.7566434,155.093007,176.2016783,158.2948252,126.354965,137.8796503,127.6706294,123.6298601,82.19888112,74.98594406,1473.006014,5.83006993,8.841888112,11.92909091,15.5558042,17.97307692,18.54230769,16.2541958,15.17118881,12.23692308,9.135314685,5.648601399,4.652377622,11.81727273,0,0,1.313567438,0,5.362569832,72.36679968,10.37222666,0,0.765682362,0,0,0.534876297,0,9.929289705,0,0,0,9.929289705,0,1.313567438,5.362569832,10.37222666,0,0.534876297,73.13248204,0,0,41.68451716,0,13.10295291,0.566719872,0.885155626,0.298403831,0,5.384596967,0,0,0,11.41260974,14.57494014,0,0,12.73511572,0,0,0.566719872,71.88308061,28.19521149,6.230087789,0,91.3434158,2.274940144,0.796648045,0,0,0,0,6.230087789,2.274940144,0,0,0,88.12617717,0,0.796648045,0,0,3.217238627,0,0,0,1.314231604,3.268803352,100.4872766,3.251198883,0.335651636,0.040000399,0.324750758,1.352696409,0,0,0.002272466,0
15,2587230,ABASHIRI GAWA,HONGO,1120.4,43.895,144.1367,43.8937,144.1438,0.6,290.9615799,888,6,5.720827918,0.651684088,850.543652,2.330256581,45.14184953,102.1073668,-12.79545455,1.518591134,554.2857637,45.21763323,26.9960815,53.75916928,61.15211599,70.06465517,60.1789185,99.66481191,114.9518809,128.3153605,82.58597179,61.99286834,45.66418495,-99.84639498,-95.14968652,-41.64028213,32.28683386,90.7515674,133.8048589,171.5344828,186.8056426,141.2390282,77.28605016,8.12460815,-64.17084639,67.05015674,75.53213166,73.04780564,43.72962382,76.27115987,111.1380878,128.8833856,159.5989028,166.4409091,179.0187304,163.0590125,146.7613636,149.3278997,141.8483542,151.3861285,124.3149687,115.6130094,1737.390752,6.087695925,9.436677116,13.04388715,15.63691223,17.64333856,18.41496865,16.84811912,15.17923197,12.41731975,9.626332288,6.445376176,5.240673981,12.17202194,0,0,15.08184577,0,16.90342735,64.96242413,0,0,1.095144591,0,0,0.246786862,0,0,0,1.783291682,0,0,0,15.08184577,16.90342735,0,0,0.246786862,66.05747947,0,1.783291682,5.95930025,7.81604784,0,0,0,0,20.69091396,9.493573724,0,5.088182792,0,51.09701892,0,0,0,0,0,0,0,92.32898965,7.81604784,10.97965012,38.78543377,37.71429846,11.40369511,1.261960014,0,5.957604427,4.744466262,32.8279186,9.275794359,4.421367369,0.868975366,0,0,36.12120671,0,1.261960014,0.834791146,2.237861478,1.593091753,0,0,0,0.658198322,17.74922742,85.03625062,2.428533738,1.00832301,0.218931989,0.921989557,0.507788915,0,0,0,0
16,2587240,TOKORO GAWA,KITAMI,1394.2,43.8,143.92,43.7979,143.9104,0.8,485.1716375,1611,59,7.686856411,0.666415568,821.7318041,2.251320011,38.25294482,93.27030378,-17.34841909,1.500314704,547.6148671,39.13688779,28.79076255,45.06274024,49.7115933,66.04879107,61.07309361,102.29938,127.4586485,120.0429014,82.50973342,55.96112833,43.63614383,-107.1890887,-101.6404216,-50.54680719,26.07315561,87.10725356,131.5114693,168.9491631,180.4476131,132.4221947,67.42963422,-2.437693738,-73.66893986,65.1599504,67.27092374,64.3682579,41.90204588,67.73031618,115.9728456,132.8655301,160.4109113,174.3259764,179.2806572,160.8606944,149.1536268,149.8182269,144.1547427,152.7624923,124.1955363,112.2419095,1756.043149,6.288964662,9.691444513,13.25951643,16.23292002,17.93657781,18.60905146,17.25573466,15.45381277,12.72213267,9.817606944,6.54066956,5.243211407,12.42368258,0,0,0,0,17.99454885,76.06405107,0.065485583,0,3.605365084,0,0,3.176373548,0,0,0,0.031917946,0,0,0,0,17.99454885,0.065485583,0,3.176373548,79.66941615,0,0.031917946,7.071080189,2.798450724,0.651771625,0,0,0.534428346,6.150337111,13.05429637,0,23.9472816,0,45.52775785,0,1.202266533,0,0,0,0,0,96.93695309,4.000788983,13.56397934,7.944053938,60.67995983,13.45933152,5.290417444,0,0,7.148687419,7.944053938,13.54188782,6.310644097,0,0,0,49.61877779,0,5.290417444,0,0,11.06118204,0.022091522,0,0,0.980038732,18.03999663,84.57891579,1.76895094,2.372366303,0.250038158,1.225219409,0.810006527,0,0,0.150336609,0
17,2587250,YUBETSU GAWA,KAISEI,1334.8,44.1,143.55,44.1021,143.5437,0.6,596.6460643,1670,53,11.28274017,0.633621676,866.5066161,2.373990729,34.76843556,85.2329428,-17.80771881,1.504211986,549.0373747,46.00096485,36.28538939,52.13700896,45.6486561,62.75037905,60.78111647,103.4095107,126.8938663,116.368918,92.91075121,68.56064783,54.75940731,-103.8297726,-102.0248105,-55.25913163,19.95313577,81.25292901,126.1971054,165.0475534,175.5692626,125.7064094,61.582357,-6.008959338,-71.50447967,66.70020675,73.26326671,72.42384562,48.43625086,74.60923501,90.25051688,111.9505169,149.7272915,172.7593384,185.1589938,172.4325293,166.0727085,161.549552,145.8232943,141.9228808,98.90675396,83.73053067,1680.284907,5.698828394,9.056305996,12.930255,16.28435562,18.35127498,19.37070986,18.24479669,16.07153687,12.88139214,9.506064783,5.875740868,4.6321847,12.41164714,0,0,0,0,9.873089601,74.82267006,0.338252922,0,5.455873539,0,0,4.55596344,0,0,0,0,0,0,0,0,9.873089601,0.338252922,0,4.55596344,80.2785436,0,0,28.00059934,10.34619419,3.484267306,0,0,1.526370992,0,4.545549895,0,0,0,27.43811807,0,19.70482469,0,0,0,0,0,64.9949056,30.05094396,9.061432424,11.69643392,67.1814504,7.058585556,0,0.048022176,0.114249326,2.821845969,11.5821846,9.061432424,4.236739586,0,0,0,61.1810009,0,0,0,0,6.000374588,0,0.048022176,0,0.00208653,7.077158975,90.8633653,2.897823794,0.787941864,0.338320423,0.514670138,0.62388605,0,0,0.053543827,0
18,2587400,TOKACHI GAWA,MOIWA,8277,42.8,143.52,42.8021,143.5188,0.3,432.4551306,2009,7,7.337068583,0.466814054,1099.729372,3.012957184,42.30939411,95.84758199,-11.53685381,1.406490758,513.3691266,51.91653141,39.6605781,56.86403558,72.41737632,96.45544191,80.03143969,121.2462924,168.8857921,155.0071595,109.6778766,85.86505837,61.70178988,-100.668816,-92.67893274,-40.97543079,29.82946081,87.2913841,129.6704836,166.0077821,180.3719844,136.629572,72.08449138,4.379433018,-64.70283491,62.89249583,71.07793218,68.91984436,43.21700945,72.6717065,139.9202001,153.5563424,175.468816,178.4250028,179.6819233,150.2550639,119.4656142,128.7089939,131.7349083,149.4891495,131.7098499,129.5527738,1767.968638,6.94770428,10.42600334,13.84594775,16.38183435,17.87952196,17.92837132,15.69627571,14.53527515,12.18665926,9.787448583,6.844691495,5.722045581,12.35296276,0,0,48.07264709,0,9.534626072,28.15164915,9.950839676,0,0.666799565,0,0,0.842310016,0,1.444690105,0,0.691035399,0,1.444690105,0,48.07264709,9.534626072,9.950839676,0,0.842310016,28.81830373,0,0.691035399,13.41511417,6.903153316,0.041742177,0.728053643,2.498550199,26.51597197,0,10.52441706,0,5.483665579,0,31.88336354,1.782215779,0,0,0,0,0,0.728053643,87.8642745,11.18391929,11.6601184,22.24998188,25.70749064,33.28965809,6.531013652,0.337960614,1.048157545,3.295723088,21.20182433,10.51370062,29.99394708,0.867137852,0,0,22.05847529,0,6.531013652,0.139362088,0,3.649015344,0.139917845,0.337960614,0,0.043580718,30.51397451,64.01067574,3.60611149,1.449706742,0.194152736,1.308075474,1.895654839,0.003195349,0,0.133569929,0
19,2587401,TOKACHI GAWA,OBIHIRO,2529.3,42.93,143.21,42.9354,143.2063,0.7,509.6846574,2009,35,7.982258304,0.405740636,1222.747816,3.349994016,41.85094937,90.57816456,-8.2,1.359228703,496.1184767,57.14664557,54.26237342,66.82977848,80.51101266,102.7754747,78.53332278,126.1973418,194.3487975,160.38,127.6376899,103.6280696,70.49731013,-96.49525316,-90.59968354,-42.81075949,27.57373418,85.52879747,128.5136076,164.7968354,178.2598101,134.0677215,70.40696203,4.103481013,-61.69335443,67.58639241,78.42974684,77.97468354,47.81487342,81.23322785,122.850981,138.9117405,160.1904747,174.915,177.1569304,148.9022152,118.6514873,129.8832278,130.4315823,141.2370253,114.6080063,110.4865823,1668.225253,6.583829114,10.00189873,13.32063291,16.3275,17.88822785,17.98636076,15.77927215,14.6956962,12.21962025,9.583924051,6.426613924,5.340632911,12.18443038,0,0,54.29905507,0,7.734551062,34.38666825,10.12813822,0,0.615664413,0,0,0.787648757,0,4.725339027,0,0,0,4.725339027,0,54.29905507,7.734551062,10.12813822,0,0.787648757,35.0023722,0,0,23.40584351,8.904163207,0,0.260309176,7.195034199,41.38069822,0,10.35673902,0,15.8161942,0,3.952516507,1.610168821,0,0,0,0,0,0.260309176,94.91199146,17.70936623,9.406278417,36.40082236,21.38057961,44.67406002,0.849839877,0.170086585,2.275412169,2.819594354,34.12541019,9.004783932,41.85442613,0.26331396,0,0,15.47400467,0,0.849839877,0,0,5.906574942,0.138180524,0.170086585,0,0.003360218,38.66685976,67.79770363,5.964470723,2.486663187,0.260805124,1.89406314,2.150564583,0.010456609,0,0.225679516,0
20,2587402,TOKACHI GAWA,KYOEI-BASHI,803.8,43.06,142.93,43.0604,142.9271,0.2,804.4983361,2009,147,11.46663189,0.352615437,1363.990505,3.736960288,25.18585859,70.22323232,-22.57878788,1.317709885,480.964108,53.26575758,76.71717172,79.73363636,93.13616162,124.3277778,80.21939394,139.1881818,218.8320202,160.5528283,151.9505051,119.2347475,66.83232323,-109.7141414,-108.0343434,-61.84242424,7.082828283,67.68282828,114.0939394,152.0565657,162.4363636,116.5686869,53.0959596,-13.4010101,-78.16767677,66.88888889,79.26363636,81.38181818,51.61818182,82.73939394,93.92343434,117.5023232,128.7774747,160.4645455,164.8662626,146.4949495,124.5388889,129.8011111,123.210404,119.9159596,88.01010101,77.43818182,1474.943636,5.983030303,9.455050505,12.33323232,16.01484848,17.75030303,18.33393939,16.50737374,15.05111111,12.1659596,9.054747475,5.804343434,4.684949495,11.9320202,0,0,7.38790744,0,1.836899726,70.77531724,10.6716845,0,0.767230654,0,0,2.478477233,0,12.48108982,0,0,0,12.48108982,0,7.38790744,1.836899726,10.6716845,0,2.478477233,71.5425479,0,0,36.12689724,19.62192088,0,0,0.037073899,9.315501368,0,1.212615078,0,40.08459816,0,0,0,0,0,0,0,0,0,86.73961184,19.65899477,4.082980841,79.53458572,11.89935307,9.671186862,1.210375715,0,3.28502115,0.920378204,76.24956457,4.082980841,8.750808659,0,0,0,1.194948992,0,1.210375715,0,0,10.70440408,0,0,0,0.001172058,8.875903956,98.11005997,10.42678539,0.216650037,0.023436178,0.165161856,1.319320105,0,0,0,0
21,2587403,TOSHIBETSU GAWA,TOSHIBETSU,2715.2,42.93,143.45,42.9271,143.4437,0.6,387.8230046,1406,12,6.560360216,0.58359317,903.4297584,2.475150023,41.48990401,100.3919232,-16.76398544,1.444480649,527.2354367,38.14673949,23.09751738,44.21247931,61.15339292,86.06818934,73.04551473,114.2815624,139.0871566,137.5308176,86.72005958,60.17222774,39.91410129,-106.958292,-96.49255214,-41.30254882,30.56901688,88.65243297,131.8086726,168.4342933,182.4528302,137.0976498,71.48295266,1.7408143,-69.98146309,55.89275074,60.23071831,57.08109897,35.47898047,60.91790798,147.0221119,159.5362794,181.7959947,175.8957299,176.3428666,149.5885137,121.8750745,127.0248593,130.5593181,152.5072493,140.5148957,139.4993711,1802.162264,7.049023502,10.55756372,14.03707382,16.19937107,17.66176763,17.85210195,15.7633565,14.39116187,12.05660377,9.80774578,7.011784177,5.875273088,12.35878848,0,0,48.53384649,0,8.517530937,36.05889069,5.536682381,0,0.818503241,0,0,0.398865645,0,0,0,0,0,0,0,48.53384649,8.517530937,5.536682381,0,0.398865645,36.87739393,0,0,6.701716264,8.516462876,0.127246612,0,0,9.206283147,0,4.257255451,0,1.983058338,0,69.15155421,0,0,0,0,0,0,0,91.42715085,8.516462876,11.04036535,17.05612846,41.75176783,19.04224367,10.966264,0.086807602,0.594983795,0.966779611,16.46114467,10.93757366,18.07546405,0.024344431,0,0,37.44129346,0,10.966264,0,0,4.310511196,0.07844726,0.086807602,0,0.009714017,19.90570853,81.13403072,2.310794232,0.655988693,0.220090491,0.739345278,0.729887448,0,0,0,0
22,2588250,KUMANO-GAWA,OGA,2251,33.75,135.94,33.7479,135.9396,0.2,651.4266275,1780,42,16.89175055,0.305030413,2819.949228,7.725888296,115.2343324,169.6966394,70.07175295,2.356630898,860.1702777,86.9150772,110.4306994,206.2836966,205.7647139,266.241871,354.4357856,385.6028156,356.0751135,392.787693,227.7590372,148.3142144,79.33851045,7.549954587,15.60217984,49.95776567,103.113079,145.9845595,180.9023615,217.8828338,223.9327884,193.8428701,134.8742053,80.17211626,28.61126249,0,0,0,0,0,133.1058583,128.6237511,150.9709809,171.8395095,166.6536331,123.5253406,144.5661671,159.7851045,122.8166213,133.3538147,129.3969573,135.3529064,1699.990645,8.579609446,10.74927339,13.37229791,16.68642144,17.5349228,15.817802,16.57584015,16.66784741,13.09386921,11.12856494,8.922297911,7.906630336,13.08960036,0,0.661483785,0.792758774,0,0.53771657,72.58409596,7.972367837,0,14.09520213,0,0,3.101155042,0,0,0,0,0,0.661483785,0,0.792758774,0,7.972367837,0.53771657,3.101155042,86.67929809,0,0,5.26219458,0,63.44024878,0,13.32323412,0,0,0,0,0,0,8.100133274,0,1.496579298,8.122345624,0,0,0,0,84.92492226,14.81981342,2.396579298,0,95.89542426,1.452732119,0,0,0,0,0,2.396579298,1.452732119,0,0,0,95.19182586,0,0,0,0,0.703642825,0,0,0,0.649426433,0.36124056,101.053353,1.070243447,0.293403643,0.019902976,0.12656677,2.470459707,0,0,0,0
23,2588480,FUJI KAWA,KITAMATSUNO,3539.8,35.1917,138.5858,35.1938,138.5896,0.4,992.9328435,2976,56,14.59617491,0.447464582,1642.045842,4.498755732,96.27636468,151.861389,49.19834238,2.013033853,734.7573565,59.59905687,66.40668763,125.4602744,120.4010574,137.7517576,180.3716776,189.4817376,208.06016,256.1542441,163.5880537,85.7593884,49.01174621,-21.4927122,-11.12032009,27.02886539,85.40525865,131.3255216,168.1514718,205.3358102,214.5218634,177.6590454,115.5001429,57.74592741,4.841383252,18.73049443,19.24349814,10.3309517,7.082595027,19.90911689,187.225493,171.8178622,183.5672764,191.9372964,188.7993998,140.1086025,152.7739068,177.9619606,132.4083452,149.2523007,163.5173478,185.3256931,2024.695484,10.16293227,12.58656759,15.16287511,18.05804516,19.08202344,17.34429837,17.58591026,17.86150329,13.78979708,11.76324664,9.96267505,9.203886825,14.38465276,3.41233968,0,10.59893214,3.680377422,4.138736652,43.5540991,1.151590485,0,17.37920221,4.385445505,0,3.528080683,2.126052319,0,4.640940166,0,0,0,3.41233968,17.36592463,1.237414543,1.151590485,2.901322109,7.913328437,60.93327307,3.680377422,0,3.727611729,1.636335386,8.292502401,0,3.705972089,7.635968134,0,8.455223459,17.58034352,11.25323465,0,32.49008419,0,0,3.909345161,0,0.299028194,0,0,76.06296966,22.922651,8.566868185,14.16890785,62.93906435,8.401180858,4.850528278,0,7.147070456,1.922566247,7.021837392,8.53534098,6.478586361,0.031527205,0,0,61.7852986,0,4.850528278,0,0,1.153765749,0,0,0,4.432764083,9.885091276,78.94261557,2.357697299,4.944206735,0.352171479,0.846427793,2.267445053,0,0,0.737207017,0
24,2588481,FUJI KAWA,SHIMIZUBATA,2179.1,35.5281,138.4539,35.5271,138.4521,0.2,1004.487605,2631,242,12.28631228,0.550245206,1324.435265,3.628589767,95.67290146,151.7627737,47.09945255,1.996614124,728.7641551,47.55136861,50.47080292,92.85748175,95.23202555,106.2524179,144.4293796,162.5970347,176.246396,214.9439781,140.1794708,57.56012774,36.11478102,-23.29835766,-13.03604015,25.7600365,84.86405109,132.102646,169.1113139,206.3280109,215.1154197,176.8918796,113.6208942,56.80155109,3.416058394,20.00821168,20.00273723,10.66104015,7.137773723,20.83987226,191.8415146,179.081615,190.9070712,197.7902372,194.2338047,145.2132299,160.1988595,184.5521442,132.6195255,152.1751369,167.7018704,190.9868613,2087.30187,10.28581204,12.87057482,15.50301095,18.36053832,19.36327555,17.64721715,17.99644161,18.17331204,13.80488139,11.86601277,10.08485401,9.343932482,14.6122719,5.404800147,0,15.64604653,5.978523244,6.467945482,35.58560874,0.827314029,0,16.29039512,3.170345556,0,3.33334863,0,0,7.538892203,0,0,0,5.404800147,23.18493874,2.010095911,0.827314029,4.457849571,6.503327062,51.87595796,5.978523244,0,0.490753063,2.658115736,10.69427745,0,5.640860906,12.40411179,0,12.39888027,22.31591024,16.42494608,0,17.36533431,0,0,0,0,0.485750998,0,0,70.26400808,30.61493277,11.39057409,17.21196824,53.72846588,12.24055803,5.986232848,0,6.788857785,3.123078335,10.42306457,11.34638153,9.117479693,0.044238447,0,0,52.56312239,0,5.986232848,0,0,1.16534349,0,0,0,5.888228489,13.27140026,73.51668166,2.13460837,7.126149328,0.501690423,1.14491111,2.116723234,0,0,0.712544996,0
25,2588482,FUJI KAWA,FUNAYAMA-BASHI,481.5,35.6958,138.4558,35.6979,138.4563,0.2,1202.282843,2631,338,13.35385348,0.541028558,1354.456673,3.7108402,83.76599634,137.4936015,33.73126143,2.007670521,732.7997401,57.31151737,52.49232176,99.4786106,101.4996344,115.0321755,154.6367459,171.0299817,155.552468,206.0321755,137.8798903,60.5488117,42.96234004,-36.49725777,-27.99268739,11.14990859,71.51005484,122.0255941,160.5283364,196.88117,204.0804388,165.1956124,101.6745887,44.33820841,-8.106032907,22.06764168,23.93418647,10.55210238,8.89213894,24.14808044,177.8235832,167.6288848,184.8978062,191.1268739,198.5731261,148.6771481,157.9427788,183.8932358,127.1191956,148.7765996,165.3016453,176.6096892,2028.370567,9.971480804,12.56965265,15.43327239,18.27349177,19.8369287,18.11755027,18.16106033,18.39104205,13.73875686,11.89542962,10.11700183,9.030164534,14.62998172,0,0,40.65669782,0.894496366,0,37.35950156,1.752647975,0,11.84382139,5.713811007,0,6.19086189,0,0,4.676220145,0,0,0,0,45.33291796,0,1.752647975,0,11.90321911,49.20311526,0.894496366,0,2.220976116,3.501142264,5.931671859,0,20.35306334,30.73187954,0,6.777985462,3.62596054,10.16178609,0,23.7470405,0,0,0,0,2.198338525,0,0,81.76988577,27.48016615,4.134579439,29.4278297,52.62180685,15.90259605,7.16344756,0,16.35576324,0,13.07206646,4.134579439,15.90259605,0,0,0,51.80747664,0,7.16344756,0,0,0.814330218,0,0,0,10.56684756,9.420528141,89.11961246,4.206608723,4.683573209,0.627137902,0.74207622,2.230006646,0,0,0.594407892,0
26,2588483,FUEFUKI-GAWA,TORINKYO,916.3,35.5714,138.5239,35.5771,138.5146,1.1,938.7616753,2460,248,12.24928489,0.57464785,1271.452165,3.483430589,100.1938144,157.4505155,52.52783505,2.001745897,730.6372526,40.73773196,48.43443299,84.56752577,87.85298969,96.24195876,132.6028866,155.3750515,187.8247423,215.683299,139.0475258,53.21195876,29.87206186,-17.97525773,-6.707216495,31.35360825,89.94742268,135.6123711,172.0381443,209.8835052,219.3649485,181.2721649,118.0536082,61.82371134,7.360824742,19.60927835,18.75876289,11.12886598,6.311340206,19.78762887,200.8176289,186.5016495,195.3680412,202.8490722,192.814433,143.5101031,162.2936082,183.1001031,134.9969072,154.6605155,169.0239175,200.0029897,2125.938969,10.51824742,13.10865979,15.63175258,18.52463918,19.20237113,17.45690722,18.00525773,18.02113402,13.85020619,11.90525773,10.09082474,9.56742268,14.66226804,9.564334825,0,3.12244898,10.9848303,6.496453127,40.33591618,0.436210848,0,21.54512714,2.56302521,0,2.976426934,0,0,5.408599804,0,0,0,9.564334825,8.531048783,3.886281785,0.436210848,2.610171341,5.539452144,61.88104333,10.9848303,0,0,0.22459893,15.32347484,0,2.506711776,3.419404125,0,13.716141,45.13489032,19.82898614,0,4.142857143,0,0,0,0,0,0,0,56.43097239,47.86620103,13.43861181,5.148204736,66.06951872,14.66452035,4.751282331,0,0.803557787,7.427152679,4.34464695,13.43861181,7.237367674,0,0,0,63.94554185,0,4.751282331,0,0,2.123976863,0,0,0,3.376467423,17.01647866,76.64438317,1.531562043,10.010779,0.54625854,1.030629052,2.281855288,0,0,0.930755539,0
27,2588500,ARA KAWA,OASHI-BASHI,1019,36.0808,139.4417,36.0854,139.4396,0.5,678.1624291,2318,18,14.4051162,0.550130222,1413.338792,3.872161074,105.5645014,163.0924062,56.41720037,2.13019283,777.520383,38.00869167,38.81564501,77.41436414,96.53449222,109.815645,144.7625801,185.8567246,232.0720952,244.9878317,157.3953339,58.11957914,29.5558097,-9.443732845,-0.967063129,35.0137237,94.11802379,141.6724611,177.884721,214.652333,225.3165599,184.7392498,124.1738335,64.55809698,14.47209515,14.92589204,16.95699909,9.68252516,3.711802379,16.97255261,194.7590119,177.5460201,182.5625801,181.1708143,170.4060384,121.8868253,129.2112534,151.3184812,107.9117109,132.4193962,156.7825252,189.7535224,1895.728179,10.10484904,12.50228728,14.77090576,17.1147301,17.76450137,15.96440988,15.95205855,16.22031107,12.16660567,10.76331199,9.423238792,9.048124428,13.48581885,10.48488714,3.173503435,3.585770363,1.489793916,2.611678116,58.26476938,0,0,11.64278705,2.812953876,0,4.948969578,0,0,4.091756624,0.115701668,0,3.173503435,10.48488714,7.677526987,2.611678116,0,0,7.761923454,69.90755643,1.489793916,0.115701668,47.52149166,0,15.32080471,0,1.063493621,0,6.896957802,7.301668302,0.010107949,0,10.94946026,14.20451423,0,0,0,0,0.25063788,0,10.94946026,91.49607458,1.07360157,9.836898921,0,80.5205103,10.48969578,2.671835132,0,0,0.331697743,0,8.541511286,10.15799804,1.297448479,0,0,78.73935231,0,2.671835132,0,0,1.781157998,0,0,0,4.124473307,7.829696565,87.99825397,1.75843317,6.255829146,0.427872228,1.780758391,3.622120314,0,0,1.471060157,0
28,2588501,ARA KAWA,YORII,905,36.1094,139.2008,36.1104,139.1979,0.3,770.9635545,2318,93,15.25773308,0.539796112,1438.277919,3.940487449,99.58598726,157.1592357,50.09235669,2.127059804,776.3768284,39.08397028,39.53163482,78.90244161,97.39341826,110.5606157,145.6855626,189.7424628,238.8507431,251.1527601,159.7927813,58.40785563,29.17367304,-16.0881104,-7.623142251,28.64012739,88.49681529,136.2218684,172.5828025,209.4660297,219.5997877,178.85138,117.992569,58.07643312,8.248407643,16.62951168,18.89384289,10.90658174,4.146496815,18.9118896,193.4571125,175.7742038,181.5005308,180.5816348,169.3912951,121.3447983,127.9098726,148.8084926,105.7897028,130.2393843,155.6683652,188.1563694,1878.621762,10.13343949,12.51772824,14.82983015,17.21433121,17.85934183,16.08237792,16.02983015,16.24161359,12.17760085,10.77462845,9.459235669,9.066348195,13.53545648,7.461436464,3.568729282,3.085303867,0.145856354,0,65.37160221,0,0,13.01977901,3.167292818,0,5.572375691,0,0,0.002762431,0,0,3.568729282,7.461436464,3.088066298,0,0,0,8.739668508,78.39138122,0.145856354,0,53.50762431,0,17.25071823,0,1.197458564,0,0.003646409,1.646740331,0.011381215,0,11.67226519,15.90883978,0,0,0,0,0.282209945,0,11.67226519,88.5998895,1.208839779,2.41038674,0,90.66342541,6.831270718,1.575911602,0,0,0.373480663,0,2.41038674,6.457790055,0,0,0,88.65790055,0,1.575911602,0,0,2.005524862,0,0,0,0.750423315,5.076541326,96.36489801,1.787912818,3.36316663,0.134646298,1.048651823,2.116192597,0,0,1.057390276,0
29,2588550,TONE-GAWA,KURIHASHI,8588,36.14,139.7,36.1437,139.7021,0.5,613.127064,2452,10,10.50753082,0.491134531,1461.342473,4.003678008,104.9478978,159.7140597,58.39568264,1.966344521,717.7157503,54.1818377,56.05276899,81.67539557,96.07885398,120.6740393,160.7873305,202.1652012,219.9528255,221.4811709,133.1864602,65.86548373,49.24110533,-9.357368897,-3.413200723,31.00994575,90.03288879,139.5255425,176.91467,214.0591094,225.9410036,185.8696881,124.9455244,66.89534358,16.43738698,33.22649186,42.78740958,30.33612116,18.8136302,43.25203436,174.9448576,167.0773282,182.7292608,184.1762884,182.9564534,128.2003165,134.1571316,156.6856013,113.8503052,141.6724118,156.6484516,177.1883024,1900.286709,9.383736438,11.99355787,14.69790913,17.16789105,18.27551989,16.25630651,16.14981917,16.35882685,12.34448463,10.97516953,9.269857595,8.549412297,13.45669078,0.777643223,0.036644155,24.34259432,7.307743363,6.665265487,26.03716814,0.555053563,0,13.96368188,5.987203074,0.319829995,3.310363298,6.409455054,2.433034467,4.461271542,0.431637168,0,2.469690265,0.777643223,35.53315091,3.389112715,0.555053563,3.276152771,9.297543083,40.00083838,7.307743363,0.431637168,20.04177923,20.0581742,0.78340708,0,7.175919888,1.18988123,13.78072892,11.77905217,0,12.42767816,2.55765021,10.03729623,0,3.288518864,0,0.223171868,0.208861202,0,2.55765021,70.24867257,30.74578482,15.08444341,30.55571728,38.25496041,16.24488822,3.40826735,0.452596646,7.217687471,7.167454588,23.33802981,13.10197951,8.931439218,1.982463903,0.132009781,0,37.46815324,0,3.40826735,0,0.013972986,0.786853749,0,0.452596646,0,11.15018748,11.39051383,64.54969776,2.491922345,10.40737658,0.713093701,2.372009117,3.017133419,0,0,1.808678784,0
30,2588552,TONE-GAWA,KAWAMATA,6018,36.19,139.51,36.1938,139.5104,0.4,734.1082519,2452,16,10.71738419,0.489815384,1435.286518,3.93229183,97.97365018,152.9361461,51.34109279,1.926097031,703.0254164,61.9347559,61.28464274,80.35814743,88.13218558,113.1185742,155.4663434,199.5463304,213.1063854,218.5198028,126.4175396,63.18200776,54.21980278,-17.60927902,-11.84675073,22.57872616,82.76446815,133.3325251,171.4917556,209.0992564,220.4314581,179.3326867,117.5704817,59.11493695,8.902360168,41.88344649,54.95101843,39.77740058,23.93016489,55.46928548,166.2193663,160.9938571,179.7441642,183.747365,185.2825251,132.082913,138.7980278,160.276754,113.5341093,140.4488361,153.6340285,172.3215648,1887.083511,9.204186874,11.8595215,14.69534433,17.30415454,18.56031361,16.64156159,16.56441966,16.68268671,12.4675881,11.03800517,9.253233107,8.484173941,13.56791141,0.43037554,0.052293121,28.29577933,5.667962778,3.867048853,23.42977733,0.792090395,0,9.844383516,7.63627451,0.190677966,4.532535726,9.144184114,3.472067132,4.37708541,0.097490861,0,3.524376869,0.43037554,42.00772682,1.112678631,0.792090395,2.754370223,12.168777,33.27417747,5.667962778,0.097490861,7.727367896,26.38160518,1.117962778,0,6.725224327,1.698022599,12.60347291,6.034679295,0,17.12439349,3.649900299,14.32374543,0,4.571934197,0,0.3184779,0,0,3.649900299,60.62962778,37.99724161,8.043801928,42.084779,31.99139249,16.48115653,3.653738784,0.455483549,10.18499501,8.309322034,31.89978398,7.010967099,7.963492855,1.032834829,0.188384845,0,31.44388501,0,3.653738784,0,0.019940179,0.547590562,0,0.455483549,0,7.195157178,13.41759832,68.79104455,2.611452326,9.134167747,0.578307278,2.202386374,2.428523646,0,0,1.50246002,0
31,2588553,TONE-GAWA,FUTTO,5986,36.24,139.39,36.2396,139.3854,0.4,757.0694694,2452,28,10.72054757,0.48550125,1442.750542,3.952741211,96.41712569,151.3536972,49.76347855,1.919060799,700.4571915,62.94925722,62.15778668,80.76725088,88.19701218,113.2835587,156.0790686,201.1953931,214.2237022,219.4635453,126.0639793,63.40809548,54.96189284,-19.32181606,-13.63244867,20.79268903,81.1635787,131.8584543,170.1101652,207.7659823,219,177.8556168,115.9868136,57.52745785,7.378400935,43.1165081,56.59522617,41.00701052,24.67651477,57.13036221,164.8698381,160.0192956,179.3523953,183.5831414,185.3396094,132.2104657,138.7563512,159.9431814,113.2404106,140.1730095,153.183108,171.3565849,1882.027391,9.177315974,11.84006009,14.70247037,17.32573861,18.5961776,16.68402604,16.59704557,16.69856451,12.47905191,11.04713737,9.252144884,8.468686363,13.57738274,0.394654193,0.05257267,28.4470431,4.801587036,2.469061143,23.5550284,0.796324758,0,9.897009689,7.677096559,0.191697294,4.556765787,9.193067157,3.490628132,3.66899432,0.063464751,0,3.543217508,0.394654193,41.50080187,0.32778149,0.796324758,2.141279653,12.23382893,33.45205479,4.801587036,0.063464751,7.768676913,26.52263615,1.123939191,0,6.761176078,1.7070999,11.14754427,4.469812897,0,17.21593719,3.669411961,14.40031741,0,4.596374875,0,0.320180421,0,0,3.669411961,57.83331106,38.20036752,5.6633144,42.3097561,32.1624123,15.87584364,3.673270966,0.318626796,10.23944203,7.686201136,32.07031407,5.383277648,7.980203809,0.280036752,0.189391914,0,31.61197795,0,3.673270966,0,0.020046776,0.550517875,0,0.318626796,0,5.66062449,13.23691791,69.13362516,2.616904293,8.062642817,0.53641415,2.011904711,2.186460892,0,0,1.486349365,0
32,2588554,TONE-GAWA,YATTAJIMA,5150,36.26,139.2,36.2604,139.2021,0.2,838.6332005,2452,41,11.20478277,0.470227811,1474.031488,4.038442433,90.80770684,145.6411031,44.09369097,1.898987944,693.1305995,67.74559879,66.19012089,83.75545901,89.18379297,114.675425,158.4966377,204.8133359,217.4722327,221.6157915,126.1763884,65.47338496,58.43332074,-25.59501322,-20.04684549,14.37098602,75.30714016,126.5491122,165.2497167,203.0281451,214.0079335,172.6188138,110.3911976,51.7459388,1.553456743,47.97865508,63.12958066,45.98299962,27.61446921,63.72988289,159.2002645,155.6746128,176.7823385,182.1666415,185.237023,132.7154137,138.7578957,159.3420665,111.7491122,138.0650548,150.4507745,167.0534379,1857.194635,9.057347941,11.73619192,14.67391386,17.36037023,18.7083113,16.83443521,16.71794484,16.77925954,12.49578768,11.0365697,9.211711371,8.390744239,13.58787306,0.384271845,0.061106796,26.71203883,3.807572816,1.386504854,26.41440777,0.925592233,0,10.91891262,8.923320388,0,4.806019417,10.44139806,4.021067961,2.925883495,0,0,4.082194175,0.384271845,40.07932039,0.109961165,0.925592233,1.276524272,13.72928155,37.33330097,3.807572816,0,8.886970874,30.58848544,1.30638835,0,7.858718447,1.984213592,5.833592233,3.461436893,0,16.49959223,3.578019417,16.56801942,0,5.25015534,0,0.37215534,0,0,3.578019417,54.54021359,44.06951456,3.700252427,46.05885437,36.97918447,11.82398058,3.598660194,0.230679612,9.773980583,6.585805825,36.28487379,3.671592233,4.994718447,0.028660194,0.220135922,0,36.33939806,0,3.598660194,0,0.023300971,0.639864078,0,0.230679612,0,4.060607087,10.84841905,78.27244404,2.959227301,5.968462913,0.508326369,1.723448194,1.957652369,0,0,1.503498777,0
33,2588555,TONE-GAWA,IWAMOTO,1691.9,36.6,139.05,36.5979,139.0479,0.3,1104.852432,2334,317,13.8933129,0.410168074,1580.094151,4.329025071,69.51662844,122.4162844,24.76949541,1.775627875,648.1041743,125.1641628,109.7074541,102.9818234,90.02396789,110.9245413,144.8154243,193.831422,196.0833142,198.2659404,121.1071101,84.11588303,103.0731078,-48.26433486,-44.32052752,-12.25802752,49.54415138,104.2844037,146.4145642,185.3256881,195.5739679,153.5441514,90.54587156,32.22247706,-19.03555046,89.49426606,121.1783257,101.9134174,57.00229358,122.1748853,126.3510894,130.7466743,161.0349197,171.6633601,182.7758601,133.8423165,141.1860665,166.0409977,109.9174312,132.6909404,134.9126147,146.527867,1737.690138,8.207224771,10.96026376,14.24415138,17.17419725,18.96381881,17.30911697,17.23836009,17.41141055,12.67241972,11.01880734,8.817087156,7.91037844,13.49736239,0,0.186003901,22.5465453,0,0,29.49766535,2.295703056,0,8.147290029,20.33087062,0,5.122406762,6.076954903,4.889946214,0.242922159,0,0,5.075950115,0,28.86648147,0,2.295703056,0,25.45321828,37.64495538,0,0,1.298126367,33.99414859,0.843016727,0,23.66239139,5.906022815,0,0.252792718,0,4.324487263,0,15.00065016,0,13.61504817,0,1.132809268,0,0,0,27.62503694,72.40439742,0.300963414,30.39884154,60.99012944,8.390921449,0,0,1.536261008,0,28.86252143,0.250546723,7.720846386,0.050416691,0.670075064,0,60.68006383,0,0,0,0,0.310065607,0,0,0,1.816369466,6.078698446,91.82231828,3.769743247,1.395362551,0.285695608,1.380821975,1.551002601,0,0,0.336204799,0
34,2588558,OMOI-GAWA,OTOME,760,36.26,139.75,36.2604,139.7479,0.2,311.2359498,1346,15,8.512391036,0.441053714,1653.751094,4.530824915,120.2308534,175.4190372,73.41794311,1.998337157,729.3930624,39.10284464,46.84365427,92.75940919,129.1642232,152.3818381,185.3887309,225.9641138,256.2201313,245.9152079,159.5195842,81.12625821,39.36509847,7.648796499,14.68052516,49.32056893,106.2888403,154.1695842,189.4201313,224.9628009,237.7778993,200.5284464,142.0667396,83.70787746,31.67286652,11.47811816,13.00547046,8.274617068,5.826039387,13.08533917,195.5557987,180.4074398,187.4761488,180.7608315,171.5274617,113.1570022,114.8466083,138.3148796,111.1550328,140.2886214,162.3894967,187.2262582,1883.10558,9.77571116,12.24584245,14.58161926,16.60547046,17.30350109,15.02877462,14.72964989,15.12538293,11.85634573,10.63796499,9.229212254,8.630415755,12.9845733,2.394868421,0,30.6625,8.883157895,4.413421053,31.77118421,0,0,31.15776316,0,1.898157895,0,0,0,2.261578947,0.124342105,0,0,2.394868421,34.82223684,0.825921053,0,3.5875,0,62.92894737,8.883157895,0.124342105,47.04197368,2.161578947,0,0,10.31539474,0,33.84197368,19.75973684,0,0,0,0,0,0.778421053,0,0,0,0,0,100.6438158,13.25539474,19.82763158,0,53.79539474,31.29842105,8.975657895,0,0,3.157894737,0,19.41921053,28.14052632,0.408421053,0,0,53.20868421,0,8.975657895,0,0,0.586710526,0,0,0,23.58831263,11.28178553,66.3156825,0.747371974,14.70904342,1.785717237,3.474521053,2.828189737,0,0,3.308914342,0
35,2588559,WATARASE-GAWA,FUJIOKA,1209.5,36.25,139.66,36.2396,139.6396,2.2,496.4283468,1813,14,11.39521447,0.493488214,1515.338426,4.151612126,112.6944661,164.6960249,67.43102104,2.048771653,747.8016533,35.21247077,43.19236165,80.93367108,108.8275916,132.6868277,173.5076383,213.6889322,245.5234606,231.2830865,143.6599376,69.07802027,37.74442712,2.477786438,7.256430242,41.28137178,97.84957132,144.2579891,180.2634451,217.0530008,230.1971941,192.4855807,132.8908807,78.1005456,27.72408418,18.64925955,20.36554949,11.25565082,10.5035074,21.05455963,192.7018706,181.4314887,193.5926734,189.760873,182.7325019,122.8290725,126.6462198,150.4258769,114.5588465,147.3549493,166.2896337,188.2083398,1956.532346,9.829773967,12.44481684,15.05003897,17.28480125,18.09220577,15.79680436,15.59431021,15.92010912,12.24349182,11.08113796,9.50639127,8.785970382,13.47318784,0,0,9.905167425,7.051426209,9.911368334,41.89756098,0,0,23.89268293,4.516825134,0,0.952955767,0.012153783,0,3.168334022,0.785365854,0,0,0,13.08565523,4.275403059,0,5.635882596,5.469698222,65.79032658,7.051426209,0.785365854,59.34758165,9.363373295,0,0,11.00843324,0,4.990326581,14.28681273,0,3.037866887,0,0,0,0.112608516,0,0,0.859694088,0,0,82.52236461,20.48441505,22.13807358,7.562133113,66.52294337,6.403059115,0.380735841,0,0.572302604,3.690450599,6.98974783,21.08540719,2.712608516,1.052666391,0,0,64.11872675,0,0.380735841,0,0,2.404216618,0,0,0,11.27239711,3.826497974,74.58170318,3.72545556,12.4327857,0.408239107,2.327605043,2.855804465,0,0,1.665364117,0
36,2588560,KARASU GAWA,IWAHANA,1220.8,36.29,139.08,36.2896,139.0771,0.3,539.9919009,1487,68,9.288723001,0.545643361,1345.71874,3.686900658,111.9043546,169.9517885,63.10730949,2.011732866,734.2824959,29.96267496,33.65349922,64.18810264,83.95847589,109.2151633,158.737014,204.9424572,228.6816485,231.164619,128.9619751,46.42037325,25.83273717,-2.293157076,4.916018663,40.38724728,99.23172628,147.6562986,184.0225505,220.7107309,232.7682737,191.6881804,130.0832037,70.80559876,22.17807154,12.76438569,15.22395023,6.606531882,4.878693624,15.32270607,189.4186625,179.231493,190.8356921,189.6730949,189.3929238,133.7017107,141.0072317,162.8000778,116.7479782,144.722084,167.7883359,191.2553655,1996.57465,9.805054432,12.43024883,14.99564541,17.36026439,18.48755832,16.42659409,16.39082426,16.55777605,12.43522551,11.06757387,9.636702955,8.947900467,13.71640747,0,0,17.62663827,5.458879423,3.106569463,38.6771789,0,0,17.74189056,0,0,0.410304718,10.87147772,0,9.620822412,0,0,0,0,38.11885649,0.321756225,0,2.784813237,0.410304718,56.41906946,5.458879423,0,13.02842398,22.6826671,1.33543578,0,0.358781127,0,9.059469201,3.427260813,0,10.94241481,8.756143512,34.08944954,0,0,0,0,0,0,8.756143512,71.88245413,23.04136632,8.594446265,46.99008847,24.57691678,9.007617955,14.571019,0,6.992955439,5.630897772,39.99713303,8.594446265,3.278342071,0,0,0,23.29193971,0,14.571019,0,0.098296199,1.284977064,0,0,0,5.272820855,13.97612516,75.49224582,1.092012369,8.250333716,0.818293496,1.841734682,1.882877375,0,0,3.10889941,0
37,2588561,AGATSUMA GAWA,MURAKAMI,1239,36.5478,138.925,36.5521,138.9229,0.5,1055.683913,2452,292,10.09929799,0.426205989,1575.710547,4.317015197,78.3109375,130.33125,31.68828125,1.839937733,671.5772727,55.69335938,64.33445313,91.12148438,95.90226563,132.2715625,184.0788281,229.1532031,233.7602344,238.5452344,126.6360938,70.77625,53.43757813,-40.6578125,-35.37265625,0.21171875,63.76484375,115.4757813,154.0023438,192.2289063,202.3578125,161.0148438,98.19609375,39.65078125,-11.58359375,54.17421875,69.9578125,41.525,28.0078125,70.7953125,143.2366406,143.8380469,170.6544531,182.6852344,183.4821094,131.0192188,134.8023438,146.9635156,105.9180469,131.3347656,139.4619531,148.2214844,1761.617813,8.708046875,11.44773438,14.62539063,17.65671875,18.93289063,17.071875,16.835,16.50921875,12.445625,10.96554688,8.980625,7.977578125,13.51828125,0,0,54.81291364,0,0,6.340274415,0.712429379,0,11.2551251,8.663357546,0,9.781598063,7.845359161,0.837449556,0.64850686,0,0,0.837449556,0,63.30677966,0,0.712429379,0,18.44503632,17.59548023,0,0,0,55.09814366,0,0,0,0,0,0,0,28.95028249,0,14.61945117,0,2.297094431,0,0,0,0,0,43.56965295,57.3952381,1.541404358,79.07933818,15.39378531,4.950524617,0,0,19.25439871,0,59.82493947,1.491121872,4.950524617,0.050282486,0,0,15.39378531,0,0,0,0,0,0,0,0,1.707101211,10.06400008,87.10903277,5.145417433,1.48868184,0.140334786,1.260638015,1.058253107,0,0,1.392928733,0
38,2588600,MABECHI-GAWA,KEN-YOSHI,1751.1,40.44,141.35,40.4438,141.3479,0.5,439.0003589,1446,15,7.3723184,0.539420281,1208.368279,3.310598025,77.64562118,125.3650713,30.55346232,1.785803716,651.8183564,57.65056008,52.17113035,64.36568228,70.23508147,85.65534623,100.6328411,163.4052953,162.0680754,165.6129837,104.5673116,97.10901222,84.89495927,-43.29175153,-38.9200611,-4.785132383,60.64511202,115.5157841,156.8452138,194.1598778,208.8034623,161.6782077,97.3910387,36.91496945,-13.78309572,44.3706721,60.77800407,65.16598778,26.05346232,74.43686354,86.00733198,100.0045316,138.6525967,173.7746436,187.239002,156.4112525,135.4568228,155.0533096,127.1291242,134.7559063,99.48915479,76.0145112,1569.988187,6.141446029,8.98095723,12.50784114,16.32169043,18.24551935,17.87606925,16.24607943,15.85758656,12.37703666,9.887016293,6.560794297,5.054989817,12.176222,0,0,52.08269088,5.353149449,2.256752898,24.53109474,0,0,6.699560276,2.075609617,4.148934955,4.530009708,2.119639084,0,0,0,0,0,0,58.35126492,0.903146594,0,1.353606305,6.605619325,31.23065502,5.353149449,0,23.78864714,13.72034721,0,0,1.410199303,0,0,0.459482611,0,31.403632,0,28.85666153,0,4.158471818,0,0,0,0,0,84.50836617,19.28901833,9.539889212,37.75546799,36.92678888,6.167094969,13.40820056,0,0.431899949,0.658214836,36.66512478,9.539889212,5.507680886,0,0.001199246,0.658443264,32.6817429,0,13.40820056,0,0,4.245045971,0,0,0,4.549059734,13.14152767,86.34482759,2.876432871,2.505054994,0.407596539,2.067920736,0.542869282,0,0,0.027043858,0
39,2588610,NARUSE GAWA,NODA-BASHI,707,38.52,141.06,38.5271,141.0604,0.8,277.207022,1355,10,6.116485356,0.46843557,1415.163592,3.877160526,98.23124231,144.3468635,55.94710947,1.816199903,662.9129646,69.36199262,60.66765068,84.31771218,108.1284133,111.5207872,143.3099631,179.4061501,176.1852399,186.2515375,136.7232472,91.01795818,68.27293973,-15.32595326,-10.34317343,18.2300123,77.66420664,130.7859779,171.7318573,207.5793358,223.5116851,181.6912669,120.0664207,60.27183272,12.21525215,83.81057811,90.56703567,66.48831488,37.12915129,93.13899139,104.1185732,117.2628536,154.1260763,183.6756458,185.3659287,143.8514145,124.296679,142.9152522,119.9803198,135.896802,113.3355474,100.0166052,1624.841697,6.782533825,9.629520295,13.04280443,16.64145141,17.91771218,16.79704797,15.3200492,15.19827798,12.04157442,10.08683887,7.200246002,5.855473555,12.21377614,3.839321075,0,35.11315417,4.029278642,5.644413013,27.24413013,0,0,12.59943423,3.561810467,1.704384724,3.189250354,0,0,3.951768034,5.198727016,0,0,3.839321075,40.76930693,4.506930693,0,1.13748232,6.75106082,39.84356436,4.029278642,5.198727016,0,25.06166902,0,0,0.701697313,13.48062235,0,18.48967468,0,0,0,40.88231966,0,7.459405941,0,0,0,0,0,72.85275813,33.22263083,20.04992928,9.536916549,54.89985856,16.85671853,4.732107496,0,9.536916549,0,0,15.40325318,16.79066478,4.646817539,0.065912306,0,54.89985856,0,4.732107496,0,0,0,0,0,0,26.0686198,4.371564781,71.68195644,2.031204102,5.386764074,0.209407921,6.626411315,2.069719095,0,0,0.35605587,0
40,2588652,ABUKUMA GAWA,FUSHIGURO,3663.4,37.8256,140.5242,37.8312,140.5229,0.6,446.9383525,1878,51,5.734865456,0.529075142,1335.975313,3.660206337,102.5594573,153.197925,57.89358872,1.936524189,706.8313289,53.51721202,47.46855547,78.84096834,95.37714818,109.2034584,138.9858207,189.5811918,181.9061453,186.6018356,135.0462357,71.67443469,47.77230646,-12.07023144,-7.264166002,24.65150306,86.22133546,138.1072094,175.7086991,212.2237297,226.0401703,183.6581538,122.7847832,64.56743815,15.54083533,30.71481777,29.49667465,19.68050013,18.37563182,32.63766959,129.6306997,137.1345039,163.4620112,181.1763235,185.2339984,139.5459697,133.1624634,160.7321628,117.6685023,134.021096,128.3669061,126.7302474,1736.864884,7.786911413,10.61388667,13.65347167,16.78262836,18.15621176,16.70931099,15.93453046,16.27318436,12.24639532,10.36802341,8.021308859,6.866374036,12.78699122,4.2661735,2.606977125,27.90795436,10.30056778,4.690042037,29.05604084,0,0,17.28312497,1.460391986,0,1.057815144,0,0,0.373587378,0.960555768,0,2.606977125,4.2661735,28.28154174,2.918982366,0,1.771059671,2.51820713,46.3391658,10.30056778,0.960555768,1.283616313,4.243653437,0,1.616394606,35.42651635,11.45575149,0,12.70060599,0.166894142,8.955833379,0.189659879,14.21278048,0.679832942,9.114456516,0,0,0.104411203,0,1.806054485,48.71299885,49.63135339,18.5887427,13.11857837,38.26775673,8.102500409,22.06463941,0.242616149,4.057924333,2.547496861,9.060654037,18.57910684,4.858301032,0.009663154,0.666430092,0,36.29199651,0,22.06463941,0,0,1.975760223,0,0.242616149,0.030299722,17.31425367,13.66143662,60.39904564,2.239859775,7.445839548,0.840549271,2.11690921,1.696153136,0,0,0.81404949,0
41,2588653,ABUKUMA GAWA,MOTOMIYA,2283.5,37.5122,140.4094,37.5146,140.4062,0.4,432.0562899,1810,212,4.643657686,0.549075037,1321.175887,3.619659964,105.083369,156.1714408,60.19196238,1.987464929,725.4246993,44.25280034,42.70004275,76.79602394,95.41680205,112.6041898,140.5168021,193.4863189,184.2196238,188.642112,130.929628,68.50872168,43.10282172,-9.038477982,-3.930312099,27.8503634,88.67379222,140.0085507,177.6964515,214.2911501,227.8353997,186.1389483,125.3172296,67.45831552,18.17999145,29.95339889,27.00940573,16.34373664,17.64087217,30.40572894,134.247841,141.0298846,167.1412142,181.6438221,186.1735785,139.3368106,135.9732792,161.980932,118.7394186,134.89705,131.8977341,131.9447627,1765.006327,7.937409149,10.76477127,13.80299273,16.79196238,18.17806755,16.65912783,16.04377939,16.31787088,12.29957247,10.41628901,8.158828559,7.030397606,12.86994442,5.258594263,3.203021677,25.21834903,11.44668272,4.492358222,32.28162908,0,0,15.84388001,0.266739654,0,0.599124152,0,0,0.599343114,0.572980074,0,3.203021677,5.258594263,25.81773593,2.666914824,0,1.825443398,0.865863806,48.12550909,11.44668272,0.572980074,2.059294942,2.436698051,0,2.593168382,31.88215459,17.15419312,0,13.51767024,0,3.506634552,0.304269761,12.10102912,0.420188307,13.71714473,0,0,0.167506021,0,2.897438143,48.50632801,48.45622947,24.54937596,5.61589665,35.99522663,6.493277863,27.20621852,0,2.001182395,0.535668929,3.614670462,24.53391723,4.839938691,0.015502518,1.069148237,0,32.83166192,0,27.20621852,0,0,3.163564703,0,0,0.048609591,22.22067011,12.56330804,56.52148106,1.903851763,7.85686582,0.764987607,2.310299321,1.59760508,0,0,1.14295901,0
42,2588654,ABUKUMA GAWA,SUKAGAWA,910.2,37.2978,140.3933,37.2979,140.3938,0,444.3793691,1810,241,3.968272849,0.536717759,1374.048089,3.764515312,105.3673036,157.6995754,60.44373673,2.020482222,737.4760111,38.81900212,40.50435244,81.01656051,102.0835456,122.855414,145.742569,196.402017,200.0353503,200.8475584,138.4455414,69.16369427,38.13248408,-8.080679406,-2.763269639,29.54883227,89.48407643,139.7685775,176.9670913,213.8503185,226.9660297,186.059448,125.9267516,67.85562633,18.42675159,21.61464968,19.93842887,15.92356688,11.74522293,22.37579618,142.3874735,146.3187898,172.008811,181.3187898,182.7636943,134.0163482,132.0432059,154.8369427,117.7626327,133.1570064,135.2248408,140.5417197,1772.380255,8.201910828,10.98832272,14.03110403,16.79416136,18.03216561,16.38460722,15.8507431,16.02250531,12.27898089,10.38428875,8.303397028,7.297770701,12.88471338,2.024170512,0,37.1872116,12.00439464,2.961766645,27.90969018,0,0,12.71061305,0.419687981,0,1.043067458,0,0,0,0.757086355,0,0,2.024170512,37.1872116,1.900681169,0,1.061085476,1.462755438,40.62030323,12.00439464,0.757086355,4.919468249,3.181718304,0,6.417051198,25.72654362,22.28488244,0,14.14502307,0,4.126675456,0.763348715,3.093166337,0,12.55350472,0,0,0,0,7.180399912,48.56943529,41.46187651,22.854098,6.420347176,33.44957152,10.79202373,23.69567128,0,1.659305647,1.343880466,4.761041529,22.854098,6.765985498,0,2.682267633,0,26.28642057,0,23.69567128,0,0,7.163150956,0,0,0,21.46328126,13.43241837,61.10585564,1.186184795,5.920849044,0.323575588,2.666329818,1.718075808,0,0,2.048917381,0
43,2588700,KITAKAMI GAWA,TOME,7869.4,38.66,141.29,38.6604,141.2854,0.4,404.6787787,1782,7,7.445259514,0.419819561,1494.761113,4.095235926,85.23969903,132.1754449,40.69437478,1.71926015,627.5299549,80.34156216,64.39682312,91.51473785,108.6252836,119.4200525,135.0882479,198.3221187,195.2699391,176.8702974,121.435925,111.9397229,91.53640272,-34.92929655,-29.67156336,4.12373104,65.67192165,121.1076078,164.7650782,200.8023409,215.4287591,170.3197181,106.1900155,44.42278753,-5.952824555,65.41502448,82.17293682,72.64361639,38.1068912,85.87555237,88.02787531,104.9584617,140.1704049,166.4240416,180.538648,146.5297623,126.3744178,146.8084916,116.7905291,131.8922489,104.6504718,82.10601935,1535.271372,6.291006808,9.201457064,12.55491461,15.95702854,17.88111788,17.22459095,15.67780963,15.49272662,11.93596083,9.896978383,6.845766153,5.318261077,12.02686015,1.258100999,1.926665311,37.20471701,3.768343203,6.958967647,24.07926907,0.828487559,0.069522454,9.250756093,9.267390144,0.700917478,4.154433629,1.258113706,0.073067832,1.074630849,0.474610517,0,1.999733144,1.327623453,40.23837904,4.92453046,0.828487559,2.034437187,13.42182377,33.33002516,3.768343203,0.474610517,21.95346532,6.79640125,0.780173838,0,12.63218289,0,0,9.178361756,0.129450784,14.97250108,1.422471853,29.65229878,0.164726663,2.334040715,0,2.45999695,0.127582789,0,1.422471853,76.66438356,24.51678654,16.29959082,14.87286197,50.04872036,8.361069459,13.04147711,0.170877068,3.404910158,1.649134623,11.14724121,15.6753628,6.646211909,0.407286451,0.065735634,0.320723308,45.26331105,0.216941571,13.04147711,0,0,4.785409307,0,0.170877068,0,15.67204373,6.877062648,71.14425758,3.785420489,3.984327064,0.425165413,2.914231415,1.862933565,0,0,0.269606615,0
44,2588701,KITAKAMI GAWA,OIZUMI,7800,38.76,141.27,38.7604,141.2729,0.3,412.0576284,1782,14,7.485944479,0.415065651,1503.272752,4.118555485,84.74025974,131.5703259,40.23009066,1.709470915,623.9568841,81.49948542,65.14104386,91.93334967,108.7145553,119.845136,135.3606714,199.2203014,196.7340848,177.1513232,121.6465695,113.0588581,92.96737319,-35.63783386,-30.39108062,3.48664543,65.19382504,120.7567998,164.5602793,200.5791473,215.1078167,169.8527322,105.587111,43.80874786,-6.612349914,66.74810096,84.01127175,74.38397452,38.93089929,87.73180593,86.46646655,103.7520583,139.2235359,165.9852855,180.2859838,146.5099363,126.1892551,146.6416565,116.6238054,131.5270277,103.7912644,80.77526342,1527.771539,6.250049008,9.161859838,12.52209017,15.94563832,17.88072776,17.23733154,15.68147513,15.49484195,11.93466062,9.887405048,6.820668954,5.285187454,12.01221514,1.180717949,1.881615385,36.38564103,3.466782051,6.689782051,24.20761538,0.835858974,0.070141026,9.005564103,9.349846154,0.707153846,4.191397436,1.269307692,0.073717949,1.084192308,0.313820513,0,1.955320513,1.250858974,39.44629487,4.710538462,0.835858974,1.97924359,13.54124359,33.21317949,3.466782051,0.313820513,20.79726923,6.856871795,0.437487179,0,12.74457692,0,0,8.746487179,0.130602564,15.10571795,1.435128205,29.71847436,0.166192308,2.354807692,0,2.481884615,0,0,1.435128205,74.8054359,24.73492308,15.47730769,15.00519231,49.54925641,8.43174359,12.5200641,0.135358974,3.435205128,1.663807692,11.24642308,15.2584359,6.701628205,0,0.066320513,0.323576923,44.73762821,0.218871795,12.5200641,0,0,4.811628205,0,0.135358974,0,15.17270436,6.809476115,70.07095732,3.812662474,3.902799731,0.421991897,2.92109891,1.792798885,0,0,0.272005423,0
45,2588702,KITAKAMI GAWA,KOZENJI,7065,38.95,141.17,38.9521,141.1729,0.3,440.5202151,1782,14,7.740779086,0.400973294,1529.293691,4.189845729,82.60096839,129.0462831,38.24437482,1.680016244,613.2059289,86.25673597,67.97261464,93.52013671,108.4155084,120.9683139,134.6639846,201.4505554,198.7727998,178.1252635,122.2384933,117.5132868,99.39599829,-38.38422102,-33.45599544,0.821418399,63.02420963,119.0573911,163.3557391,199.307035,213.6002563,167.8232697,103.1539447,41.39575619,-9.065793221,72.42067787,91.37482199,81.66063799,41.99458844,95.56878382,81.62757049,100.3053404,136.1372259,164.3657932,180.1357448,148.0544147,126.8336229,147.7963543,116.8741099,130.5221874,100.8835802,76.71956707,1510.255511,6.122984905,9.051708915,12.41888351,15.90356024,17.91607804,17.36945315,15.76277414,15.58001994,11.97033609,9.86190544,6.734107092,5.183523213,11.99326403,0.96522293,0.453078556,35.18532201,2.843750885,5.954225053,23.48161359,0.922816702,0.077438075,8.012809625,9.603651805,0.780721868,4.19930644,1.401358811,0.08138712,1.196985138,0.326298655,0,0.534465676,1.042661005,38.56440198,4.023453645,0.922816702,1.930771408,13.80295824,31.49442321,2.843750885,0.326298655,18.2520736,7.134720453,0.121811748,0,10.26576079,0,0,8.636022647,0.144189667,16.67722576,1.127586695,27.93782024,0.138726115,2.599787686,0,2.740084926,0,0,1.127586695,71.624954,23.02326964,14.82024062,14.99671621,50.54523708,8.442363765,6.970304317,0.041896674,3.620452937,1.345774947,11.01902335,14.57859873,7.062292994,0,0.03428167,0.357239915,45.60007077,0.241641897,6.970304317,0,0,4.945166313,0,0.041896674,0,14.24399369,5.984863935,66.68184563,3.892090177,3.737351083,0.403193432,2.970378372,1.75282937,0,0,0.27504218,0
46,2588703,KITAKAMI GAWA,SAKURAGI-BASHI,6006,39.16,141.16,39.1604,141.1646,0.4,463.4164604,1782,35,7.941346204,0.394100791,1548.149278,4.241504871,81.08495108,127.3295543,36.60195683,1.671580423,610.1268543,88.52452244,69.82279857,94.87067868,108.9503339,121.9169281,134.5881193,203.8943469,200.0673707,179.2628358,122.830424,120.3729772,103.0479422,-40.05031837,-35.33343687,-1.047988818,61.43997515,117.637832,162.1967697,198.2236372,212.3733499,166.3248952,101.4328312,39.82652586,-10.6008697,75.94968163,96.14660662,86.09986023,43.95030284,100.4075167,79.91428793,99.06765026,134.6082,163.5067246,180.1357664,148.9424134,127.3052337,148.605886,117.0857742,130.2496506,99.61548377,75.3181084,1504.355179,6.083180618,9.020018636,12.37561733,15.88957913,17.94786458,17.45283429,15.82186675,15.64253766,12.00052803,9.863798727,6.701382202,5.152756639,11.99975151,1.135414585,0.047169497,37.73444888,2.890809191,5.660989011,25.49508825,1.085531136,0,8.786180486,11.297003,0.6498668,4.722094572,1.489110889,0.095737596,1.149217449,0.383832834,0,0.142890443,1.135414585,41.02264402,3.921128871,1.085531136,1.73984349,16.01911422,34.28126873,2.890809191,0.383832834,21.21871462,8.353313353,0.143290043,0,11.31456876,0,0,8.685298035,0.16961372,18.25001665,0.001931402,28.51605062,0,3.058191808,0,3.223226773,0,0,0.001931402,76.81338661,26.11891442,15.55011655,17.64099234,56.49357309,8.164335664,5.085198135,0,4.258824509,1.370962371,12.96193806,15.26586747,6.753046953,0,0.04032634,0.42022977,50.79075924,0.284249084,5.085198135,0,0,5.702813853,0,0,0,14.06130864,6.609899068,73.02025498,4.379748868,3.849216417,0.404988878,3.301799267,1.798948352,0,0,0.290092191,0
47,2588704,KITAKAMI GAWA,OTOKOYAMA,5458.7,39.26,141.13,39.2604,141.1229,0.6,478.8080351,1782,54,8.10945403,0.393094196,1551.008702,4.24933891,79.87035088,126.1826316,34.99192982,1.67039046,609.692518,87.34880702,69.62712281,95.33210526,109.0150175,123.0667544,133.7597895,205.0879825,200.8494211,179.7326842,122.0245088,121.5363684,103.6281404,-41.44877193,-36.82631579,-2.489824561,60.17122807,116.4805263,161.2307018,197.3684211,211.4389474,165.1736842,100.0626316,38.59877193,-11.91368421,74.97245614,95.7077193,85.32789474,43.15298246,99.89754386,79.56410526,98.81084211,134.1346316,162.8247544,180.1479298,150.0325263,128.0294561,149.7602105,117.5359123,130.2850175,99.01014035,74.87177193,1505.007298,6.075666667,9.018263158,12.37007018,15.87531579,17.97057895,17.53749123,15.88442105,15.71091228,12.03384211,9.869035088,6.683070175,5.141754386,12.01796491,1.162969205,0.051898804,37.35251983,2.305237511,5.158187847,25.62998516,0.858775899,0,8.906955869,10.90836646,0.652005056,4.339183322,1.344807372,0.105336435,0.78635939,0.422316669,0,0.15721692,1.162969205,40.13569165,3.609137707,0.858775899,1.54905014,15.2475681,34.53694103,2.305237511,0.422316669,22.54809753,8.028504955,0.157656585,0,11.27988349,0,0,8.600619195,0.186619525,17.32256764,0,25.37107736,0,3.321706633,0,3.427647608,0,0,0,74.00005496,26.24436221,15.15760163,17.47139429,58.66455383,6.45536483,2.495484273,0,4.685822632,1.334969865,12.32320882,14.84485317,5.076007108,0,0.044369539,0.462362834,52.48117684,0.312748457,2.495484273,0,0,6.183376995,0,0,0,12.10826975,6.353472677,72.95107359,4.399891293,3.491105483,0.383969333,3.384701009,1.674574386,0,0,0.287895689,0
48,2588705,KITAKAMI GAWA,ASAHI-BASHI,4228.6,39.38,141.13,39.3812,141.1312,0.2,487.3119394,1782,65,7.811756432,0.420689052,1446.385801,3.962700825,79.23419913,125.8316017,33.41212121,1.667064851,608.4786707,68.4854329,57.80038961,87.77435065,103.317381,117.962381,128.159026,199.0018398,196.8353463,176.9635931,114.2017749,108.5857143,87.29857143,-42.42445887,-37.84090909,-2.816233766,60.53852814,116.1036797,160.4928571,196.6647186,210.621645,164.2512987,99.12835498,38.08441558,-12.56969697,57.34588745,74.85995671,65.21645022,33.25865801,79.33008658,85.33731602,103.5417749,137.9640043,164.4568398,180.5825108,149.3377922,128.2605195,149.3536797,117.5236147,131.8781602,101.7775108,79.07164502,1529.085368,6.229718615,9.191861472,12.54038961,15.96229437,18.00428571,17.52233766,15.91348485,15.70313853,12.03727273,9.923722944,6.762770563,5.244199134,12.09002165,1.221870122,0.066996169,44.86246039,1.975050844,5.014070851,24.01307761,1.108593861,0,10.01002696,10.32469375,0.740978101,2.458520551,1.736011919,0.135978811,0,0.44506456,0,0.202951331,1.221870122,47.33945041,3.651137492,1.108593861,1.362933359,12.7832143,34.02310457,1.975050844,0.44506456,29.10734049,9.464456321,0.203518895,0,14.34493686,0,0,9.654046256,0,18.97911838,0,15.19195478,0,3.078276498,0,4.424750508,0,0,0,73.13597881,31.31242019,14.07378329,21.19290072,59.87419004,7.07981365,2.227711299,0,6.048928723,1.72331268,14.54710779,13.67003263,5.299200681,0,0.05727664,0.59686421,52.21092087,0.403727002,2.227711299,0,0,7.663269167,0,0,0,12.08801407,7.711410703,74.95959816,4.934290735,3.688205576,0.419294589,4.090072152,1.582199546,0,0,0.325429528,0
49,2588706,KITAKAMI GAWA,FUNADA-BASHI,1078.5,39.83,141.16,39.8312,141.1562,0.3,586.755315,1775,192,6.44499441,0.459330503,1326.162407,3.633321663,70.41161826,117.0871369,21.77925311,1.668895467,609.1468455,61.06721992,58.01709544,75.79360996,86.67319502,101.6014108,108.8221577,182.8441494,185.9307884,171.9877178,106.6413278,102.4473859,84.33634855,-53.12863071,-48.93609959,-12.81742739,52.65643154,108.8381743,153.5742739,190.0058091,202.946888,154.8381743,90.14356846,28.89211618,-22.50041494,55.41161826,75.58423237,75.8780083,35.06224066,84.71618257,85.27369295,104.8634025,141.9186722,170.5181743,183.6564315,150.6213278,129.5482988,148.1659751,119.3947718,130.899668,101.5142739,79.08182573,1545.456515,6.243900415,9.292697095,12.80356846,16.36771784,18.29311203,17.77759336,16.15153527,15.77294606,12.20738589,9.923485477,6.764149378,5.251120332,12.24058091,0,0,61.73379694,0.7527121,0,15.01363004,0.755679184,0,6.04524803,8.89596662,1.5878535,2.271210014,5.447566064,0.533147891,0,0.42633287,0,0.533147891,0,68.7692165,0,0.755679184,0,11.16717663,21.05887807,0.7527121,0.42633287,37.85693092,21.84812239,0,0,5.518868799,0,0,9.095595735,0,29.13509504,0,0.003523412,0,0.004914233,0,0,0,0,0,76.09095967,27.37199815,3.134538711,51.55382476,41.23449235,7.540287436,0,0,13.22216041,4.951599444,35.99146963,3.134538711,2.364116829,0,0.224571164,2.340194715,29.17756143,0,0,0,0,12.05693092,0,0,0,9.264376912,12.29168846,76.34397283,6.820339917,2.269043023,0.334337877,3.767814001,1.112022624,0,0,0.637915345,0
50,2588707,SARUGAISHI GAWA,YASUNO,959.9,39.39,141.16,39.3854,141.1562,0.6,516.7699938,1488,84,8.804116852,0.480552879,1330.22973,3.644465014,80.32818533,127.6312741,35.70656371,1.751358155,639.2457267,56.64420849,47.05540541,75.2292471,101.3476834,111.0667954,128.7493243,180.7564672,186.2679537,170.3912162,110.8178571,91.11052124,70.79305019,-37.746139,-33.91505792,-0.5,60.44401544,114.3262548,157.8812741,194.7606178,209.2220077,164.9343629,102.1737452,40.41023166,-8.676640927,37.83880309,50.13706564,37.52702703,24.06756757,53.94305019,91.80608108,108.2050193,137.5624517,161.367278,177.3128378,141.6011583,125.8513514,146.8533784,112.41139,130.7393822,105.6875483,85.43532819,1524.833205,6.462355212,9.408011583,12.56061776,15.86274131,17.89382239,17.13899614,15.81418919,15.64739382,11.85849421,9.957915058,6.95530888,5.466505792,12.08880309,1.510574018,0,61.11636629,0.686634024,3.747161163,12.52995104,2.921450151,0,7.980414627,7.422648193,0,0.669028024,0,0,0,0,0,0,1.510574018,61.11636629,0.806646526,2.921450151,2.940514637,8.091676216,20.51046984,0.686634024,0,24.39691635,0,0.896551724,0,50.31992916,0,0,7.486300656,0,0,0,8.527242421,0,0,0,7.45338056,0,0,0,41.30701115,57.77330972,7.652776331,0,81.99302011,6.836545473,2.597978956,0,0,1.969580165,0,7.652776331,4.867069486,0,0,0,73.64756745,0,2.597978956,0,0,8.345452651,0,0,0,8.963404834,5.830135535,80.26309397,5.446926346,1.706148453,0.361390666,6.796815918,1.495750495,0,0,0,0
51,2588709,EAI GAWA,ARAO,405,38.58,140.98,38.5854,140.9812,0.6,392.2707518,1267,18,8.925204609,0.369895637,1714.305814,4.696728258,90.81976744,134.7286822,49.82364341,1.737299288,634.1142403,107.1397287,88.07015504,101.5017442,126.1744186,130.9998062,165.9831395,226.0767442,203.0178295,180.0372093,139.927907,124.4060078,120.971124,-22.53100775,-19.84496124,8.786821705,69.56976744,123.9515504,165.5794574,201.6647287,216.755814,175.2267442,112.7015504,53.01356589,4.65503876,74.17635659,82.60852713,66.21899225,37.36821705,84.44573643,91.49496124,105.0974806,144.6889535,171.1160853,184.3511628,141.3110465,121.0877907,137.6251938,110.0453488,129.5156977,105.1868217,86.97054264,1528.491085,6.474224806,9.256589147,12.75562016,16.19069767,18.04089147,16.86976744,15.34806202,15.11666667,11.67655039,9.923062016,6.982945736,5.551550388,12.01899225,3.752839506,0,27.88222222,5.036296296,6.355555556,42.08740741,0,0,9.490123457,4.22,1.127901235,8.102716049,0,0,0,1.591851852,0,0,3.752839506,29.01012346,2.185432099,0,4.170123457,12.31061728,51.57728395,5.036296296,1.591851852,0,8.644197531,0,0,4.933580247,8.895802469,0,7.912098765,0,0.415308642,0,63.04987654,0,16.87679012,0,0,0,0,0,80.27308642,30.4545679,19.82024691,4.844938272,68.49703704,7.308395062,10.25703704,0,4.844938272,0,0,18.24123457,6.054074074,0.171851852,1.254567901,0,68.49703704,1.407160494,10.25703704,0,0,0,0,0,0,14.81712296,3.578233086,100.8692869,1.955871358,5.305561728,0.558502963,2.031700741,3.608502222,0,0,0.607249877,0
52,2588800,KANO GAWA,TOKURA,568,35.09,138.9,35.0938,138.9021,0.5,355.7485912,1246,9,8.41977445,0.339773585,2587.260878,7.088385967,136.6453382,181.4332724,99.40219378,2.40844631,879.082903,96.45319927,119.3043876,220.9182815,222.9932358,228.2318099,307.2776965,293.0749543,299.6429616,322.9352834,255.5429616,146.6795247,74.20658135,41.0274223,43.86654479,72.05667276,118.8628885,159.1645338,190.6892139,228.0694698,239.3985375,209.6599634,158.904936,112.1297989,65.36014625,4.919561243,9.248628885,0,0.930530165,9.248628885,161.6806216,153.735649,157.2369287,170.302011,169.0281536,121.8246801,134.5133455,173.2603291,123.5729433,143.6431444,149.1563071,170.5053016,1828.459415,9.105850091,11.42906764,13.3369287,16.21755027,17.25374771,15.39963437,15.70493601,16.85100548,12.70018282,11.09378428,9.18738574,8.553199269,13.0738574,0,0,37.69366197,2.915316901,5.939612676,18.06637324,0,0,20.80158451,0,0,0,0.125704225,0,5.576760563,0.993309859,0,0,0,43.39630282,3.367077465,0,2.572711268,0,38.8681338,2.915316901,0.993309859,0,52.3028169,0,0,0,0,0,6.666021127,17.54330986,2.597359155,0,13.26989437,0,0,0,0,0,0,0,22.53309859,69.84612676,10.99911972,67.0165493,4.523943662,9.839612676,0,0,2.319366197,7.14471831,64.6971831,10.99911972,2.694894366,0,0,0,4.523943662,0,0,0,0,0,0,0,0,6.569875352,7.171809331,73.39913697,2.324788028,9.088610387,0.257995599,1.473976585,1.186565669,0,0.050123239,3.245683275,0
53,2589351,KINO KAWA,MITANI,1048.9,34.29,135.53,34.2938,135.5229,0.8,548.9356583,1580,57,12.44702023,0.487304265,1757.851013,4.816030173,117.8176211,172.8881057,70.67929515,2.346872044,856.6082961,66.2707489,81.90660793,129.1736564,119.0635242,158.9877533,225.8043172,217.8808811,201.7524229,235.722467,157.5733921,96.37991189,67.3353304,8.620264317,14.57797357,48.17180617,103.8290749,149.8132159,187.6581498,225.3118943,232.0555066,196.6352423,135.4396476,80.59118943,30.69427313,0,0,0,0,0,97.74079295,104.4102203,134.6401762,169.5106608,173.024141,129.9018502,149.7138326,174.2418502,125.9328634,130.5334802,119.6642291,108.9728634,1618.28696,7.369339207,9.676563877,12.53039648,16.44440529,17.71180617,16.04810573,16.72678414,17.1892511,13.11427313,10.87885463,8.452599119,7.01030837,12.76643172,3.914672514,4.87300982,1.074458957,2.903422633,1.482696158,57.94146248,3.153684813,1.41958242,27.51158356,0,0,1.929068548,0,0,0,0,0,4.87300982,5.334350272,1.074458957,0,3.153684813,1.482696158,1.929068548,85.45304605,2.903422633,0,43.13414053,0.801792354,14.40404233,0,9.479550005,8.938220993,0,2.305367528,0,0,27.14071885,0,0,0,0,0,0,0,27.14071885,68.78167604,10.28134236,5.89274478,0,88.63523691,5.887882544,5.78787301,0,0,0.848412623,0,5.808656688,5.039374583,0.084088092,0,0,85.90304128,0,5.78787301,0,0,2.732195634,0,0,0,4.869690724,7.158090857,97.23125465,1.16628916,3.431811421,0.267403852,1.386704548,1.960224712,0,0,0.65721289,0
54,2589360,YAMATO GAWA,KASHIWARA,962,34.58,135.62,34.5812,135.6188,0.2,210.1948336,979,15,6.236815945,0.656296748,1349.8667,3.698264932,141.8076923,194.7611336,96.19534413,2.427159249,885.9131257,52.51244939,67.67317814,105.9853239,99.77702429,140.8303644,190.7637652,162.4633603,115.7321862,161.5921053,123.6106275,79.24574899,49.6805668,32.21255061,36.48987854,69.201417,126.3603239,172.5769231,212.2530364,249.98583,259.5941296,222.305668,158.9483806,105.6204453,55.65789474,0,0,0,0,0,102.8874494,110.0184211,144.2191296,182.4321862,189.5487854,146.7910931,171.4300607,206.7577935,148.8955466,153.2782389,129.4660931,117.7996964,1803.524494,7.266902834,9.59534413,12.58977733,16.62702429,18.00232794,16.43684211,17.34483806,18.18674089,13.84757085,11.40748988,8.496761134,7.018522267,13.07368421,10.03534304,34.94573805,0.411122661,28.21621622,8.043139293,8.225883576,0,0.774844075,9.205717256,0,0,0,0,0,0,0,0,34.94573805,10.81018711,0.411122661,7.271725572,0,0.771517672,0,17.43160083,28.21621622,0,0,2.051143451,3.211122661,0,43.01070686,12.76964657,0,29.63794179,0,0,0,9.354261954,0.693555094,0,0,0,0,0,0,54.97307692,45.75530146,32.11309771,0,33.42079002,11.48482328,23.70966736,0,0,2.354261954,0,31.95873181,9.130561331,0.154365904,0,0,30.51538462,0,23.70966736,0,0,2.905405405,0,0,0,21.59608607,4.749611954,48.33577235,2.071189813,24.85035405,1.024650624,4.751470062,2.874048753,0,0.002205094,1.441808628,0
55,2589390,KUZURYU GAWA,NAKATSUNO,1239.6,36.1,136.21,36.1021,136.2104,0.2,698.7436995,1942,5,14.93024808,0.259911865,2753.398065,7.543556342,97.7797619,147.1614583,54.15327381,1.9606598,715.6408271,252.7605655,181.4995536,190.5889881,182.7793155,210.6790179,247.4842262,349.206622,230.1912946,275.0733631,169.889881,207.1250744,256.1201637,-23.27827381,-19.56994048,16.9203869,81.65401786,134.8846726,175.125,212.6436012,225.1770833,183.3296131,119.2053571,60.58556548,6.128720238,101.7447917,117.655506,76.03571429,53.8125,117.859375,75.12686012,98.35796131,138.5197173,171.321131,181.9248512,137.5752976,139.0517113,186.16875,129.1261161,140.7649554,113.3938244,89.30186012,1600.633036,6.567559524,9.459895833,12.8499256,16.6766369,18.35357143,16.82544643,16.49508929,17.83087798,13.26138393,11.1172619,8.010714286,6.251116071,12.81190476,0,0.979751533,5.976605357,4.785333979,6.732090997,61.86060019,5.809131978,0.43457567,10.63770571,1.193207486,0,7.354953211,0,0,0,0,0,0.979751533,0.43457567,5.976605357,3.477976767,5.809131978,3.25411423,8.548160697,72.49830591,4.785333979,0,18.81889319,19.36907067,19.85769603,1.966924814,4.047595999,4.612616973,0,11.00887383,0,0,0,16.96410132,0,9.356566634,0,0,0,0,1.966924814,71.26226202,32.7732333,12.41239109,0,83.36374637,10.0243627,0,0.202081317,0,4.690868022,0,12.41239109,4.407954179,0,0.38286544,0,81.9070668,0,0,0,0.542594385,1.456679574,0,0.202081317,0,8.842804776,0.218474992,97.63771539,2.202892304,2.849443934,0.089851565,1.310678203,3.044418603,0,0,0.099954824,0
56,2589410,YURA-GAWA,FUKUCHIYAMA,1344.3,35.3,135.13,35.3021,135.1312,0.3,305.4871381,852,14,9.801272598,0.507241406,1689.583684,4.628996395,123.7106599,177.9274837,79.51486584,2.348018641,857.0268039,118.5880348,120.0990573,133.1534445,112.3635243,148.846773,184.8792603,197.1305294,131.7588832,190.4827411,134.9276287,111.1317621,106.222045,11.30094271,14.60696157,48.31907179,107.1696882,156.1015228,196.9572154,235.7019579,245.8520667,205.6765772,142.0159536,84.76287165,35.48730964,34.40174039,34.63596809,10.0551124,15.73459028,38.862219,80.3177665,81.64742567,119.0165337,163.6224075,175.7790428,138.2902828,140.520087,183.1393764,125.3243655,124.8298042,97.03727339,87.06555475,1516.58992,6.552574329,8.512980421,11.55692531,15.80703408,17.48883249,16.1995649,15.94496012,17.20166788,12.69173314,10.26852792,7.313488035,6.063234228,12.137781,1.122666072,4.288626051,0.97255077,6.859778323,3.269954623,51.15093357,0.159785762,0.178680354,32.2418359,0,0,0.150636019,0,0,0,0,0,4.288626051,1.301272037,0.97255077,0.186267946,0.159785762,3.083686677,0.150636019,83.39269508,6.859778323,0,79.06226289,0,1.263929182,0,0,0,0,11.44439485,0,0,0,0,8.663021647,0,0,0,0,0,0,91.77058692,8.663021647,13.27523618,0,80.76113963,6.397158372,0,0,0,0.518931786,0,13.27523618,5.878300974,0,0,0,79.76500781,0,0,0,0,0.996131816,0,0,0,10.60170327,1.905638697,90.32309276,1.076659451,2.683416648,0.508798334,1.186021573,1.539559548,0,0,0.414840958,0
57,2589420,MARUYAMA-GAWA,FUICHIBA,837,35.48,134.8,35.4813,134.7896,1,396.1088034,1374,13,12.83527314,0.453354268,1802.603226,4.938638975,116.9193548,170.7304147,72.46658986,2.23895306,817.2178668,138.0981567,139.2760369,139.781682,115.9016129,141.60553,174.9322581,205.5768433,143.949424,219.368894,137.0547235,129.991129,117.0669355,3.125576037,7.970046083,42.83870968,102.5564516,151.1013825,190.9158986,229.3836406,238.3548387,196.4124424,133.1002304,78.66129032,28.07718894,44.84792627,81.27304147,42.84101382,24.76612903,82.72695853,68.74711982,72.83398618,107.9358295,159.8369816,174.0375576,136.9142857,137.590553,167.2932028,111.4264977,117.837788,89.60817972,76.68721198,1420.749194,6.258294931,8.248387097,11.17258065,15.75092166,17.55495392,16.28836406,15.95,16.62119816,12.1047235,10.07880184,7.12016129,5.815092166,11.91670507,0,14.19199522,7.193309438,7.667264038,0.267383513,46.88805257,0,1.060454002,22.98817204,0,0,1.031421744,0,0,0,0,0,14.19199522,1.060454002,7.193309438,0.267383513,0,0,1.031421744,69.87622461,7.667264038,0,10.70681004,15.50358423,1.635125448,0,13.61541219,0,0,1.578972521,2.625686977,0,0,16.26129032,12.91290323,18.97634409,0,7.471923536,0,0,0,30.18219833,71.10585424,11.12807646,0,86.51851852,3.641457587,0,0,0,1.56176822,0,11.12807646,1.976224612,0,0.103464755,0,84.44360812,0,0,0,0,2.074910394,0,0,0,7.861830346,1.634366069,94.97443668,1.352867264,2.867752449,0.262202628,1.113055556,1.323169176,0,0,0.224348029,0
58,2589500,SHINANO GAWA,OJIYA,9719,37.31,138.81,37.3146,138.8063,0.6,973.6180593,2919,49,12.38103945,0.406543021,1673.76104,4.585646685,81.03504649,135.447839,33.05108818,1.864262655,680.4558689,145.5813835,116.7743844,118.9401144,95.43776438,116.997231,155.6147338,198.76526,151.1041075,192.0395933,136.247747,115.848544,130.4101768,-42.17308675,-37.20578318,-1.849800756,63.52723,120.5351998,162.1901502,200.0342291,211.0419945,166.658731,100.9936651,40.55788291,-12.36671094,85.87432308,104.0629406,77.18912844,44.63890876,105.0037805,118.2076734,125.6490344,154.873567,181.9922244,192.7515275,146.2418003,148.2681516,181.986104,121.716665,136.1976091,128.8616839,128.0282824,1764.774323,7.931480535,10.68706447,13.84592827,17.51318075,19.24240319,17.7311127,17.38867886,17.95736181,13.12645346,11.07151323,8.581046286,7.380882804,13.54224992,1.329046198,2.184854409,22.4436156,4.083959255,4.187488425,37.05227904,1.419539047,0.079493775,13.06204342,8.48601708,0.16768186,4.094299825,0,0,0.755797922,0.061045375,0,2.184854409,1.408539973,23.36709538,1.760829303,1.419539047,2.426659121,12.58025517,50.11432246,4.083959255,0.061045375,11.24489145,16.90179031,2.336454368,0,10.07798127,7.468371232,0,8.619117193,0.319497891,11.54264842,0,30.60565902,0,1.162948863,0,0,0,0,0,71.81714168,28.46221834,11.48375347,22.69767466,54.33334705,9.61363309,1.654738142,0.500020578,4.69119251,1.228500875,17.72719416,11.42665912,6.533480811,0.05710464,0.284453133,0.279287993,53.90102891,0,1.654738142,0,1.567198271,0.432328429,0,0.500020578,0,8.824095473,6.36182884,77.71572604,3.014095596,4.889261652,0.376431917,1.753979545,1.942786099,0,0,0.490443585,0
59,2589501,SHINANO GAWA,IWASAWA,8126,37.24,138.81,37.2479,138.8063,0.9,1048.149696,2919,92,12.20113017,0.455187243,1499.402323,4.10795157,78.86548285,133.9074434,29.85940161,1.869887149,682.5088096,100.5298346,90.15171491,105.2222087,91.13702262,115.6061421,154.9176721,190.1354293,145.0328631,192.6518122,127.2493919,93.12033568,93.64789589,-44.92799805,-39.59559718,-2.770007297,63.29335928,118.8005351,159.7036001,197.5830698,208.2673315,163.9553637,98.14838239,38.31123814,-14.88068596,65.38542934,78.76538555,54.28216979,34.70469472,79.86852347,128.87964,135.4124301,163.4089273,186.0504622,194.2208343,147.4400268,149.5579056,181.505838,121.9188275,139.107334,134.570433,137.1427268,1819.215386,8.30312576,11.12662369,14.29652153,17.8031136,19.41219898,17.88698613,17.54982973,18.03739966,13.2290197,11.26375578,8.839126733,7.69292143,13.79080516,1.589588974,2.504208713,24.11599803,4.361161703,4.590622693,35.25840512,1.072643367,0.095077529,11.61199852,9.376384445,0.200553778,4.149692346,0,0,0.903962589,0.073012552,0,2.504208713,1.684666503,25.2205144,1.840130445,1.072643367,2.750492247,13.52601526,46.87040364,4.361161703,0.073012552,10.93250062,18.60380261,2.786709328,0,8.511813931,8.434518828,0,8.144437608,0.38213143,13.80543933,0,28.01628107,0,1.255722373,0,0,0,0,0,72.11987448,28.75345804,11.55583313,27.01049717,49.76996062,10.09486832,1.89211174,0.554627123,5.565062762,1.171708097,21.2023874,11.48753384,6.708515875,0.068299286,0.340216589,0.243059316,49.25289195,0,1.89211174,0,1.874427763,0.517080975,0,0.554627123,0,8.547901661,7.440858307,77.50615823,2.628285983,5.363962306,0.342264497,1.858069665,1.864894758,0,0,0.569018472,0
60,2589505,UONO GAWA,HORINOUCHI,1408,37.24,138.933,37.2396,138.9354,0.2,632.9205076,1852,90,14.27111412,0.258753209,2568.418366,7.036762647,89.81075419,140.672486,47.11522346,1.820784914,664.5864937,377.139595,254.9365223,190.3925279,117.834986,124.0932961,159.1427374,243.1002793,184.5147346,189.7673184,181.5218575,229.6229749,316.3515363,-30.42946927,-27.29608939,0.411312849,62.23393855,127.1166201,172.8652235,210.4308659,222.9371508,178.1159218,113.1976257,49.62360335,-1.847765363,197.5677374,242.9923184,203.6557263,100.4113128,243.0865922,64.35984637,75.59120112,111.0657123,160.9556564,184.6832402,139.3622905,140.6497905,183.3930866,119.9483939,120.9946229,100.3432961,82.71438547,1484.061522,6.077793296,8.468505587,11.57981844,16.07213687,18.41054469,16.96089385,16.57681564,17.5603352,12.61578212,10.1150838,7.311522346,5.843994413,12.30384078,0,0,12.47038352,2.859588068,1.621946023,46.87741477,3.608096591,0,20.84886364,4.462357955,0,4.312571023,0,0,0,0,0,0,0,12.47038352,1.160014205,3.608096591,0.461931818,8.775,67.72627841,2.859588068,0,14.52528409,9.299786932,0.044886364,0,20.44105114,2.708096591,0,9.598224432,0,0,0,39.69630682,0,0.747585227,0,0,0,0,0,66.57286932,30.48835227,10.69367898,0.789346591,79.70944602,5.86875,0,0,0.264275568,1.717755682,0,10.69367898,4.151065341,0,0,0.525071023,79.70944602,0,0,0,0,0,0,0,0,9.928713707,0.472008594,84.85446122,5.552528835,2.084192045,0.483976136,1.408933594,1.912089418,0,0,0.10140419,0
61,2589600,IWAKI GAWA,GOSHOGAWARA,1740.3,40.8075,140.4406,40.8062,140.4396,0.2,351.4537605,1385,7,9.012536796,0.41126101,1547.678971,4.240216359,81.68106734,126.1797967,39.92947903,1.743835663,636.5000172,122.3249682,99.01073698,94.79993647,90.45349428,103.9264295,96.87833545,159.2705845,179.4790343,163.8659466,135.7660737,158.3668361,143.5365947,-36.72045743,-33.93773825,-2.462515883,60.70203304,115.5520966,159.5330368,198.249047,214.6524778,168.0139771,104.4269377,42.51016518,-10.95552732,116.7973316,144.7166455,142.023507,57.90343075,151.3506989,45.36855146,61.65184244,112.4552732,169.4594663,186.1283355,167.8172808,141.2404701,163.907751,134.979479,129.2127065,79.986277,51.43405337,1443.641487,4.971982211,7.527445997,11.31880559,15.9909784,18.06067344,18.36321474,16.42865311,16.09663278,12.5980305,9.544409149,5.852795426,4.34682338,11.76200762,0.07745791,0,7.844452106,2.255415733,0.262943171,22.08142274,0,0,10.90886629,1.769465035,0,3.164914095,0,0,0,0,0,0,0.07745791,7.844452106,0,0,0.262943171,4.93437913,32.99028903,2.255415733,0,2.390105154,3.167442395,0,0,1.417226915,1.201861748,0,1.660977992,0,3.54318221,0,19.76486813,0,15.21927254,0,0,0,0,0,28.56099523,19.80394185,3.155318049,6.525713957,34.19835661,4.485548469,0,0,0,0,6.525713957,3.155318049,1.911739355,0,2.573751652,0,34.19835661,0,0,0,0,0,0,0,0,1.392378498,1.214908579,48.99104833,1.458476412,0.428369994,0.073084928,0.2281417,0.817644084,0,0,0.080101649,0
62,2589610,KOYOSHI GAWA,TODOROKI-BASHI,937,39.37,140.07,39.3729,140.0687,0.3,334.4222877,1912,7,7.315196332,0.314782271,2272.219008,6.225257556,94.35123967,141.1766529,50.92975207,1.959600709,715.2542588,253.4954545,166.402686,146.3930785,123.9668388,127.7599174,134.2234504,211.9049587,206.3938017,178.4375,198.1802686,250.8512397,274.209814,-20.1177686,-17.90082645,8.424586777,69.55785124,126.1859504,173.9483471,211.3636364,226.1508264,178.7004132,113.963843,54.76549587,6.748966942,99.89876033,119.1033058,100.7902893,59.48657025,121.143595,41.55764463,60.68977273,107.0445248,160.5298554,186.2737603,167.2168388,148.9958678,184.7965909,130.9381198,122.8849174,77.64700413,44.36384298,1432.93874,5.016115702,7.562396694,11.08595041,15.59803719,18.04442149,18.15454545,16.68801653,17.07407025,12.55692149,9.550413223,6.008884298,4.352479339,11.81239669,0,0,45.08046958,8.628068303,10.33094984,26.50651014,0.068089648,0,29.32774813,11.35357524,0,21.660619,0,0,0,0.680042689,0,0,0,45.08046958,4.993703308,0.068089648,5.337246531,33.01419424,55.83425827,8.628068303,0.680042689,9.940554963,13.52091782,0,0,0,0,0,28.53532551,0,42.99946638,0,53.25432231,0,6.089007471,0,0,0,0,0,134.7295624,19.60992529,33.05080043,39.13201708,75.40747065,5.55357524,1.101173959,0.09434365,19.84663821,0,16.15368196,33.05080043,5.55357524,0,0,3.131590181,74.51611526,0,1.101173959,0,0,0.89135539,0,0.09434365,0,16.65784835,23.833,108.2076805,5.457267129,8.758276628,0.563049626,1.906201067,3.076436179,0,0,0.381381644,0
63,2589620,AKA GAWA,HAMANAKA,695.1,38.84,139.82,38.8396,139.8187,0.1,467.833885,1570,5,12.37247651,0.271974183,2583.62666,7.078429205,91.43147752,135.4989293,47.55139186,1.925150002,702.6797507,290.0400428,190.893469,169.1535332,131.0118844,136.656424,149.0683084,242.6911135,202.0433619,195.9269807,227.3366167,316.6046039,332.2003212,-19.43576017,-18.79657388,7.825481799,63.00535332,122.0203426,168.3747323,206.8019272,219.4111349,172.6820128,112.745182,53.74625268,8.15738758,158.3072805,221.25803,200.9411135,87.93897216,222.1573876,38.50074946,64.64582441,104.8553533,162.5298715,185.5865096,159.5088865,147.6805139,184.0277302,127.8019272,113.2405782,80.10995717,45.38276231,1413.870664,5.08254818,7.846252677,11.13372591,15.8879015,18.21059957,17.89668094,16.77858672,17.26605996,12.6385439,9.434582441,6.288222698,4.539507495,11.92087794,0.330456049,0,10.80851676,8.345705654,10.21047331,80.91799741,0.329161272,0,8.011221407,8.864479931,0,1.000575457,0,0,0,0.893684362,0,0,0.330456049,10.80851676,10.21047331,0.329161272,0,9.865055388,88.92921882,8.345705654,0.893684362,0,57.18558481,0,0,0,0,0,11.98345562,0,0,0,60.56524241,0,0,0,0,0,0,0,72.54869803,57.18558481,11.16501223,29.15896993,39.40166882,11.19191483,38.81714861,0,16.55790534,6.81470292,12.6010646,11.16501223,4.377211912,0,0,0,39.40166882,0,38.81714861,0,0,0,0,0,0,15.59533074,3.568225435,111.2573663,7.525012228,2.743358653,0.144885053,0.713384117,1.384891526,0,0,0,0
64,2589700,MOGAMI GAWA,TAKAYA,6270.9,38.76,140.07,38.7562,140.0687,0.4,446.6222058,1912,37,9.641612408,0.336537708,1869.690625,5.122440068,89.44923858,135.8201142,46.34406726,1.723894241,629.2213979,191.3047272,129.8249524,120.4301713,104.3963039,112.2820907,140.6633725,209.508217,175.5655457,158.2986675,153.7831853,176.8545368,196.7788547,-27.08613579,-24.89435279,4.475571066,65.84263959,124.352316,169.7124048,206.2928299,220.4146574,174.7498414,109.5820114,48.62880711,0.778236041,131.3304251,159.2650698,137.1126269,66.86643401,163.6081853,60.38597716,79.88870558,123.7270305,166.4248414,185.8966688,154.8843909,139.1639435,175.3306313,120.7387532,118.6168147,85.32258883,63.10212563,1473.482471,5.697810914,8.403505711,11.92233503,16.05234772,18.19541561,17.60856599,16.30996193,16.86782995,12.29573287,9.641830584,6.470320431,5.017433376,12.04440038,0,0.249549506,0,0.941395972,2.108309812,5.400006379,0,0,3.264858314,0.320336794,0,1.235356966,0,0,0,0.043566314,0.148479485,0.398013044,0,0,1.915769666,0,0.192540146,1.55569376,8.664864692,0.941395972,0.043566314,0.035800284,1.938222584,0,0.061920936,4.612862588,0,0,2.641056308,0,1.233379579,0,2.510070325,0,0.620054538,0,0,0,0.204085538,0.061920936,6.624392033,7.171139709,2.228707203,1.294104515,8.854454703,1.488669888,0,0.013506833,0,0.870560845,1.294104515,1.704587858,0.508348084,0.393181202,0.109760959,0,8.624471766,0,0,0,0,0.229982937,0.130922196,0.013506833,0,2.415274347,0.39890499,11.13221243,0.351297469,0.674091996,0.038618077,0.088140921,0.273165845,0.00064061,0.004165,0.024213669,0
65,2589702,MOGAMI GAWA,INASHITA,3769.5,38.65,140.35,38.6437,140.3438,0.9,481.5086542,1912,58,9.762875475,0.364794985,1709.145308,4.682589885,89.01881233,136.3991387,44.5743427,1.708185307,623.4876369,170.1581142,115.9658432,109.6337715,96.70818223,103.999524,135.6634406,197.1984361,164.2497733,152.3350861,140.9658885,153.055825,169.2114234,-28.43585675,-26.13055304,4.1262466,66.53377153,124.9569356,169.4830009,206.0290118,219.8549411,174.1081142,109.0165458,47.97030825,0.186083409,118.0729828,142.975748,116.56233,59.54895739,144.9861741,67.5167951,87.09070716,129.3233228,170.637194,188.2938803,153.4396872,140.3904352,176.8718722,122.281437,121.6581596,90.81543518,70.02592928,1518.344855,5.937466002,8.707706256,12.2006573,16.30389846,18.35827289,17.56985494,16.41176337,16.99510426,12.43012239,9.813191296,6.696260199,5.242429737,12.22613327,5.458548879,3.289985409,15.09271787,9.533253747,14.73426184,68.34646505,0,0,36.40740151,5.523199363,0.891444489,10.70815758,1.229977451,0,1.177424062,0.581748242,0,3.289985409,5.458548879,18.39156387,12.34184905,0,2.392439316,16.23135694,104.7538931,9.533253747,0.581748242,0.306618915,12.26364239,0,0,18.81973737,9.095078923,0,28.78997214,0.285448999,3.323358536,0,91.67061945,0,9.034885263,0,0,0,0,0,133.1856214,40.40371402,28.67117655,5.419949595,104.3847725,19.88842021,15.19718796,0.225494097,0.268152275,6.03515055,5.151797321,28.24284388,12.95707654,0.42833267,0.896193129,0,102.2056506,0,15.19718796,0,0,2.179121899,0,0.225494097,0,23.34715769,8.893952407,129.146465,5.611252315,7.576763205,0.690847327,2.150530389,3.649822019,0,0,0.3061744,0
66,2589703,MOGAMI GAWA,NAGASAKI,2146.9,38.34,140.29,38.3396,140.2896,0.1,511.2468399,1912,89,9.801499475,0.334941411,1860.090618,5.096138679,88.24221922,137.0514208,43.33784393,1.706907881,623.0213764,191.830221,132.0430762,118.5698241,106.22765,111.6142535,143.7608029,216.1875507,167.9582318,157.8235002,149.9892197,168.775327,195.3109608,-29.67929635,-27.77943166,2.036084799,66.24267028,125.3238611,169.7352278,206.2774019,219.3843031,173.2169599,107.6202075,46.59539919,-0.584573748,122.0306721,147.8200271,118.1569689,60.32341001,149.4248985,64.21222373,83.82160577,125.9221922,169.5158773,187.7562923,151.9529995,140.3960758,180.5231394,121.1574199,119.7238611,86.67830401,65.56680198,1497.226793,5.884122688,8.621064502,12.08664862,16.29264772,18.37537212,17.51889941,16.44375282,17.20635995,12.42900316,9.797564276,6.616779432,5.168019847,12.2067659,4.046718524,5.697237878,12.14248451,12.3326657,19.57459593,77.71680097,0,0,46.39764311,6.339931995,0.797661745,8.72560436,2.159578928,0,2.067306349,0.938655736,0,5.697237878,4.046718524,17.16703153,16.52452373,0,3.050025618,15.06553635,124.1144441,12.3326657,0.938655736,0.538357632,18.4275467,0,0,27.87120965,9.682146351,0,39.50682379,0,4.917648703,0,87.99189529,0,11.00251525,0,0,0,0,0,142.6368718,57.3012716,36.97834086,7.677907681,125.0274815,24.39652522,5.857934697,0,0.470818389,9.773533933,7.207089292,36.54390051,14.11234804,0.434393777,0.510643253,0,121.2014067,0,5.857934697,0,0,3.826074806,0,0,0,27.55622269,13.78075416,143.5703139,5.725654525,11.136757,1.016029717,3.023264009,4.180816526,0,0,0.407067632,0
67,2589704,MOGAMI GAWA,NISHIOTSUKA,1917.9,38.06,140.07,38.0604,140.0729,0.3,504.5832132,1912,204,9.310234264,0.387997976,1598.153468,4.378502652,90.28420039,139.8930636,44.35067437,1.698850168,620.0803112,154.4088632,107.9897881,96.73439306,90.92639692,97.06984586,125.889499,189.1539499,158.7947977,150.4197495,143.2313102,131.4793834,152.0554913,-29.73988439,-27.22254335,3.859344894,70.33044316,129.7350674,172.871869,209.017341,222.0500963,175.3063584,109.6339114,47.72254335,-0.767822736,99.92003854,114.6801541,89.8256262,53.83333333,116.5770713,70.25298651,88.78930636,131.3030829,173.4975915,186.2905588,149.8528902,141.0299615,181.1817919,124.5812139,121.9786127,88.972158,69.29614644,1527.026301,6.066859345,8.810115607,12.31579961,16.48131021,18.30183044,17.3916185,16.46165703,17.23766859,12.60462428,9.8977842,6.707803468,5.282755299,12.3004817,1.390635591,0.280202305,7.068981699,7.085405913,12.66578028,46.72407321,0,0,26.0684603,3.825538349,0,3.17717295,0,0,1.262631003,0.377965483,0,0.280202305,1.390635591,8.331612701,10.8236613,0,1.842066844,7.002711299,72.7925335,7.085405913,0.377965483,0.602638302,3.375879869,0,0,21.08905574,6.725533135,0,19.57599458,0,1.721309766,0,53.68924344,0,3.555086292,0,0,0,0,0,82.31471922,28.02007404,19.54189478,1.969028625,70.08029616,12.89050524,5.85306846,0,0.198550498,5.195787059,1.770478127,19.05558163,7.694718181,0.486261015,0,0,66.92627353,0,5.85306846,0,0,3.154022629,0,0,0,15.85444851,5.917381094,84.77596366,2.837211168,4.970750613,0.572650295,1.317222639,2.303869493,0,0,0.216320455,0
68,2589750,KYUOMONO GAWA,TSUBAKIGAWA,4035,39.61,140.16,39.6104,140.1604,0.1,355.9339389,1570,11,9.06627151,0.31856826,2008.162072,5.501813896,88.11777201,132.9780505,45.75902761,1.752703277,639.7366962,174.2430021,124.5815671,123.9158839,122.3557942,132.4666509,141.6811659,231.3375974,217.526127,179.5002596,165.1796318,197.7013453,197.673047,-31.26787822,-28.27141846,1.500826056,65.6426717,123.956337,171.1350012,207.5034222,221.3953269,174.6091574,108.9445362,46.53717253,-4.820863819,126.9162143,154.015341,139.0656125,72.54000472,156.0247817,47.16039651,69.7588388,114.1426009,155.2665565,178.9998584,159.449587,141.1537173,169.255393,127.3859334,125.2510031,82.45546377,50.39780505,1420.677154,5.159240028,7.89499646,11.41007789,15.37710644,17.74958697,17.82079301,16.35102667,16.41397215,12.39199906,9.619872551,6.136488081,4.490488553,11.73960349,0.191920694,0,1.770384139,1.498686493,3.99425031,9.349095415,0,0,5.673903346,0.573135068,0,0.128401487,0,0,0.600148699,0.17283767,0,0,0.191920694,2.370532838,3.780916976,0,0.213333333,0.701536555,15.02299876,1.498686493,0.17283767,0.181040892,1.284287485,0,0,2.911400248,1.673506815,0,6.701908302,0,0.001561338,0,10.83826518,0,0.554597274,0,0,0,0,0,19.39625774,4.750285006,5.303866171,0.935910781,11.79452292,3.577100372,2.53511772,0,0.094374226,2.191623296,0.841536555,5.072738538,1.385477076,0.231127633,0,0,11.78369269,0,2.53511772,0,0,0.010830235,0,0,0,4.525535589,1.124202974,18.06418429,0.515161363,1.355477695,0.162098786,0.414982181,0.470525527,0,0,0.07149938,0
69,2589800,YONESHIRO GAWA,FUTATSUI,3750.4,40.2,140.24,40.2021,140.2396,0.2,384.5210406,1552,19,9.166572623,0.352730413,1820.949319,4.988902244,80.57261725,127.0819465,36.82223903,1.759737548,642.3042052,127.4961422,101.3385527,110.2039082,113.1825265,127.3079929,123.1221634,224.6299798,213.2565053,184.2473525,160.9592537,180.2851236,154.9198185,-38.79198185,-34.24886536,-4.288703984,59.85552194,116.3640948,163.2170953,200.3018154,214.7690368,165.1326273,98.34039334,37.39334342,-11.66515381,101.9531014,124.698941,112.9122542,55.501765,125.8287948,51.07569339,72.40355522,116.0415028,157.2343671,174.8921331,162.4876702,140.5478568,167.3516389,129.6728946,124.0194655,83.42347453,52.99634392,1432.146596,5.187241553,7.958270298,11.50869894,15.47743318,17.59949571,18.10146243,16.41636409,16.31611195,12.43587998,9.460766515,6.044452849,4.458295512,11.75121029,0.143238055,0,3.03871587,0.816499573,0.916382253,14.47970883,0,0,3.544101962,4.245547142,0,1.469683234,0,0,0,0,0,0,0.143238055,3.03871587,0.61900064,0,0.297381613,5.715230375,18.02381079,0.816499573,0,0,7.337803968,0,0,2.156356655,0.767758106,0,2.652543729,0.145024531,0,0,11.34996267,0,4.302714377,0,0,0,0,0,14.77026451,13.94189953,3.065726323,13.23922782,9.261012159,2.522664249,0.622546928,0.000933234,0.12046715,0.283756399,13.11876067,3.065726323,1.351935794,0,0.886972056,0,9.207391212,0,0.622546928,0,0,0.053647611,0,0.000933234,0,2.232309807,0.18828277,25.64161241,2.414268291,0.544898544,0.079484455,0.270493867,0.679364228,0,0,0,0
70,2589801,YONESHIRO GAWA,TAKANOSU,2109,40.222,140.369,40.2188,140.3688,0.4,399.3617032,1552,27,8.878117857,0.376112264,1670.329795,4.576246014,78.97859054,125.3470116,35.68554862,1.721182248,628.2315205,106.4760036,88.32190009,101.0746209,105.7348796,118.4313559,117.0136039,212.1554862,202.8699822,177.3843889,147.4798394,159.2708742,134.1168599,-41.28991971,-36.56422837,-5.789027654,58.95405888,115.3421053,161.7528992,198.5227475,213.2190009,164.0138269,97.05619982,35.98751115,-13.95093666,92.21498662,116.2631579,105.4625335,50.70695807,117.7707404,59.13019625,77.72511151,121.491124,160.7129349,177.1416592,160.8717663,138.1177966,164.6478145,129.2272971,126.9040143,86.18438894,58.29580731,1460.449911,5.400624442,8.154148082,11.75111508,15.65700268,17.72462087,18.0499554,16.32471008,16.21449599,12.42363961,9.562265834,6.123862623,4.585504014,11.83563782,3.72745377,0,22.86638217,10.82408725,3.631910858,83.73314367,0,0,22.95666193,13.56903746,0.339592224,9.386818397,6.639592224,0,0,0.05353248,0,0,3.72745377,29.84561404,2.000711238,0,1.631247037,22.95585586,106.6898056,10.82408725,0.05353248,0.597012802,19.38880986,0,0,5.635277383,4.14134661,0,14.79350403,5.93883357,15.15623518,0,97.18582266,0,14.95339023,0,0,0,0,0,131.8739213,45.91635846,2.625177809,45.88956852,91.10293978,38.17254623,0,0,0.645234708,21.48131816,41.7221432,2.625177809,15.26149834,0,1.42972973,3.522238028,89.50616406,0,0,0,0,1.596775723,0,0,0,11.79544448,4.496017876,157.0492904,5.462284021,3.500333333,0.4540789,2.08065652,2.541886818,0,0,0.070453959,0
71,2589802,YONESHIRO GAWA,JUNISHO,1667.4,40.208,140.673,40.2188,140.6729,1.2,493.7584234,1552,83,9.137805692,0.398408993,1562.021061,4.279509756,73.80109204,118.4921997,31.43681747,1.704995173,622.3232382,98.90772231,80.98689548,93.55787832,96.30070203,106.4018721,112.348986,199.0937598,185.2329173,170.9982839,139.9695008,150.4900936,127.7324493,-46.45709828,-41.95709828,-11.26833073,53.09516381,110.2722309,155.7269891,192.524961,207.024961,158.7074883,93.35803432,32.50234009,-18.33931357,104.6552262,134.9235569,124.3962559,60.67550702,137.3556942,62.2700468,80.5150546,122.8524961,162.7879875,179.4723869,158.5060062,137.0847114,160.8361934,127.6095164,126.3807332,87.43978159,59.56380655,1465.318721,5.538767551,8.32550702,11.90234009,15.8725429,17.96528861,18.06801872,16.40959438,16.17652106,12.4549922,9.629095164,6.223322933,4.668486739,11.94017161,1.134160969,0,20.70199112,8.454959818,2.612990284,51.63074247,0,0,14.23107833,12.2075087,0.37579465,5.566150894,8.39804486,0,0,0.067710208,0,0,1.134160969,29.47589061,2.294710327,0,0.318279957,17.77365959,65.8618208,8.454959818,0.067710208,0.723701571,15.05871417,0,0,0.367638239,1.743552837,0,11.5293271,1.313002279,19.17026508,0,63.54959818,0,12.00383831,0,0,0,0,0,96.71644476,28.74313302,2.596197673,43.92803167,50.54851865,28.38676982,0,0,0,17.06519132,39.4729519,2.596197673,10.98152813,0,0.340110351,4.455079765,48.94842269,0,0,0,0,1.600155931,0,0,0,9.557350306,4.11965923,109.9952152,3.814043481,3.13738605,0.461304546,1.749105973,1.710534425,0,0,0.04720529,0
72,2590100,CHIKUGO GAWA,SENOSHITA,2315,33.3161,130.4972,33.3188,130.4938,0.4,431.5814816,1644,6,8.348025454,0.402200298,2107.012985,5.772638315,130.735386,188.7251227,82.20660419,2.321756848,847.4412495,77.35850067,95.04877287,151.7372155,151.7703257,201.6258813,388.011245,387.5066042,211.2667559,199.8099509,91.24614012,86.7601071,64.87148594,18.52208835,30.51494868,65.66131191,119.3244087,164.713967,203.0847836,239.8585453,243.7889335,206.9000446,146.1142347,90.60062472,39.2735386,0,0,0,0,0,111.126506,122.1824632,142.3019188,170.8705935,179.4162427,128.7495315,153.3699241,176.3240071,145.9701919,161.6725569,133.4973226,119.975502,1745.45676,7.839625167,10.35149487,12.74172245,16.37340473,17.82623829,15.70655957,16.67161981,17.16613119,14.09741187,12.17273539,9.057563588,7.443150379,13.12583668,0.097883369,0,4.741943844,2.538228942,0.188293737,21.59827214,0,0,5.716933045,8.169071274,0,1.669330454,6.048768898,0,0,0.048768898,0,0,0.097883369,10.79071274,0.188293737,0,0,9.838401728,27.31520518,2.538228942,0.048768898,0,8.169071274,0,0,0.000302376,0,0,3.098228942,0,12.20591793,0,23.23408207,0,4.109892009,0,0,0,0,0,38.53827214,12.27926566,1.038228942,31.63956803,8.885226782,9.254427646,0,0,0,4.397796976,28.43075594,1.038228942,4.611706263,0,0.244967603,3.208812095,7.870107991,0,0,0,0,1.01511879,0,0,0,2.728296674,2.078734212,46.45873944,2.279320173,0.867585918,0.22824635,0.872153737,0.420606263,0,0,0,0
73,2590101,CHIKUGO GAWA,ARASE,1443,33.3433,130.835,33.3438,130.8354,0.1,582.5329962,1644,52,8.548044967,0.384799374,2186.277754,5.989802066,121.0324859,180.5480226,71.11228814,2.304872086,841.2783113,82.03862994,100.3716808,157.6509181,151.4706921,204.6540254,412.403178,403.3642655,217.5974576,204.1792373,95.75091808,89.39922316,67.39752825,7.487288136,19.6829096,55.77966102,110.2817797,156.944209,195.1002825,231.5529661,234.6271186,197.5049435,135.7846045,79.18502825,27.88347458,0,0,0,0,0,109.394209,120.0277542,138.1634887,167.3563559,175.3143362,126.4444209,146.8579802,167.3324859,136.884322,153.9417373,129.5028955,118.1524011,1689.372387,7.89710452,10.39816384,12.7170904,16.39597458,17.8450565,15.80247175,16.55077684,16.96024011,13.81567797,12.02048023,9.040889831,7.495338983,13.08340395,3.158766459,8.711434511,48.43977824,20.09480249,4.128135828,41.34740125,3.003880804,0.742550243,26.87165627,0,0.297435897,0,0,0,0,0,0,8.711434511,3.901316701,48.73721414,0,3.003880804,4.128135828,0,68.21884962,20.09480249,0,0,70.56451836,0,0,12.10803881,4.984753985,5.355647956,27.36528067,0,17.15176715,11.96070686,8.379348579,0,0,0,0,0,0,11.96070686,63.23679834,82.67255717,28.22550243,42.16327096,60.62432432,26.5040887,0.352945253,0,7.484476784,10.93298683,33.35627166,28.0009009,5.448440748,0,10.12259182,1.322522523,58.64331254,0,0.352945253,0,0,1.981081081,0.224532225,0,0,22.08568649,8.680935412,104.7805241,11.58570644,10.71597103,1.212206999,6.872163202,3.078644976,0,0,0.722181635,0
74,2590200,ONGA GAWA,HINODE-BASHI,695,33.75,130.73,33.7479,130.7312,0.3,174.8884298,1023,8,6.36241322,0.453732091,1959.478261,5.368433592,144.884993,197.259467,100.2973352,2.435830597,889.0781679,77.30841515,90.17054698,141.9758766,150.7611501,181.0507714,333.7510519,351.3751753,196.4401122,199.5518934,85.41851332,86.62019635,65.0545582,38.22720898,47.27489481,79.24824684,131.312763,173.884993,212.2089762,251.0897616,256.5063114,218.9256662,160.3394109,108.9943899,60.03085554,0,0,0,0,0,102.431136,117.2754558,143.9345021,177.0524544,190.7511921,141.0371669,163.842777,186.0276297,152.2643759,164.4054698,132.9095372,116.4356241,1788.367321,7.351612903,9.91542777,12.5454418,16.34754558,18.01570827,16.00995792,16.8657784,17.25890603,14.09102384,11.98653576,8.788218794,7.119915849,13.03029453,0.022158273,2.541726619,85.31496403,9.455971223,1.254388489,66.54647482,5.635251799,0,34.62446043,0,0.617553957,0,0,0,0,0,0,2.541726619,0.022158273,85.93251799,0,5.635251799,1.254388489,0,101.1709353,9.455971223,0,0,137.1431655,0,0,0.972517986,0.291510791,11.11971223,5.484748201,0,35.61151079,0.742589928,14.81942446,0,0,0,0,0,0,0.742589928,67.32676259,138.1156835,22.53769784,87.5418705,69.49410072,25.87870504,0.732805755,0,15.53971223,0.207194245,69.25625899,22.53769784,4.709640288,0,20.9618705,2.745899281,67.27553957,0,0.732805755,0,0,2.218417266,0,0,0,15.02285223,6.766013381,159.1816929,22.70711813,4.790158849,0.843935971,11.23316935,2.494536978,0,0,0.291082446,0
75,2590210,MATSUURA GAWA,MUTABE,275,33.36,130.01,33.3646,130.0062,0.6,232.617272,836,19,7.807105109,0.411151007,2229.938931,6.109421729,140.721374,193.9198473,95.20610687,2.511894897,916.8416374,84.44083969,95.03320611,163.7660305,179.1805344,218.1160305,372.2530534,380.8049618,235.9274809,229.0103053,97.00076336,98.11793893,76.28778626,34.69847328,43.72519084,76.60687023,127.110687,168.1641221,208.0496183,247.0954198,252.2938931,214.8396947,155.851145,103.740458,56.03435115,0,0,0,0,0,102.7270992,114.3645038,140.2824427,176.9225191,188.4919847,129.9389313,164.3679389,194.4931298,163.7839695,173.4541985,134.8412214,109.5916031,1793.259542,7.430152672,9.854961832,12.43015267,16.41450382,17.97900763,15.4759542,16.95,17.72442748,14.7740458,12.44732824,8.955725191,6.998473282,13.1240458,12.21418182,83.38618182,8.130909091,33.44290909,7.548727273,53.84836364,1.648,3.341090909,49.26727273,0,0,0,0,0,0,1.485090909,0,83.38618182,15.55527273,8.130909091,5.130545455,1.648,2.418545455,0,103.1156364,33.44290909,1.485090909,6.28,7.248727273,0.861454545,0,62.97709091,5.437090909,0,56.65490909,0,0,33.16472727,2.637090909,0.126545455,0,72.14618182,3.646545455,4.299636364,0,33.16472727,148.3170909,73.99890909,63.656,0.001090909,126.9196364,22.12472727,42.77963636,0,0.001090909,4.260727273,0,63.656,17.62436364,0,0,0,125.64,0,42.77963636,0,0,1.279636364,0,0,0.239636364,43.70546218,4.673763273,162.447232,15.56359782,35.45387345,2.638845818,9.746360364,7.224586182,0,0,3.895023636,0
76,2590220,KIKUCHI GAWA,TAMANA,906,32.94,130.59,32.9438,130.5813,0.9,254.6897344,1022,8,5.862391385,0.386238508,2213.410591,6.064138605,143.2118172,201.1471572,92.53400223,2.342203846,854.9044039,70.34292085,91.3386845,153.4477146,167.0051282,220.3589744,440.2350056,432.9380156,207.4915273,189.3170569,87.76231884,91.27179487,61.90144928,29.91415831,43.73244147,79.46042363,131.5618729,176.5975474,214.3823857,250.4280936,255.5317726,221.5763657,161.1248606,103.1415831,50.62318841,0,0,0,0,0,120.7340022,132.3356745,151.8148272,177.1400223,182.7150502,130.4770346,166.8377926,196.3074693,167.5617614,181.6662207,145.8017837,134.3130435,1887.704682,8.057525084,10.62675585,12.98439242,16.46075808,17.72976589,15.51003344,17.09186176,17.85362319,15.02597547,12.8516165,9.419397993,7.808918618,13.45362319,0,9.761479029,1.031788079,1.168763797,0.440507726,8.842384106,0,0.099668874,7.061147903,0,0,0,0,0,0,0,0,9.761479029,0.099668874,1.031788079,0.330353201,0,0.110154525,0,15.90353201,1.168763797,0,0,0.702649007,0,0,5.736534216,0,0,6.193046358,2.496247241,0,1.570529801,0,0,0,11.70662252,0,0,0,1.570529801,17.89966887,8.935430464,4.413024283,0,7.520529801,2.62218543,13.85,0,0,1.943267108,0,4.413024283,0.678807947,0,0,0,7.11986755,0,13.85,0,0,0.400662252,0,0,0,4.935460706,3.206400993,24.16900883,0.450934989,1.088706402,0.174525386,0.394147241,0.523531898,0,0,0.188737196,0
77,2590300,KUMA GAWA,YOKOISHI,1856,32.46,130.66,32.4562,130.6562,0.5,577.4449965,1597,61,12.82625177,0.315195246,2723.218001,7.460871236,126.7910278,184.8392959,78.91822828,2.351631141,858.3453664,87.44469052,117.8189665,188.9067575,197.1987507,255.6149915,510.1019875,542.2110733,289.3510505,251.5741056,106.2779671,98.06859739,78.64906303,16.34469052,31.1669506,66.84327087,117.750142,160.1516184,194.5973878,230.846678,232.7614991,203.2481545,144.8529245,87.54003407,34.92447473,0,0,0,0,0,122.2926746,129.4172061,143.6557638,171.0329358,178.1690517,128.0765474,168.6495173,173.2850085,149.2165815,164.6048268,133.3566723,123.4372516,1785.194037,8.427711528,10.83532084,12.96172629,16.59187961,17.96746167,15.80397501,17.62169222,17.26541738,14.54151051,12.60465645,9.36036343,7.813003975,13.48642817,0,0.015625,12.59832974,4.807381466,1.639709052,19.31400862,0.7578125,0,17.28863147,0,0,0,15.89423491,0,0,0.074515086,0,0.015625,0,28.49256466,0.874515086,0.7578125,0.765193966,0,36.60264009,4.807381466,0.074515086,0,29.37828664,8.191594828,0,0.596497845,3.356627155,0,6.514331897,0,19.71907328,0,2.061853448,0,0,2.629795259,0,0,0,0,42.47327586,29.9747306,13.65915948,13.76632543,41.71077586,1.850107759,1.46169181,0,3.174407328,0.034752155,1.933890086,13.65915948,1.815301724,0,0,8.658028017,41.71077586,0,1.46169181,0,0,0,0,0,0,9.82372333,5.203688093,57.14259289,1.748122899,3.303512823,0.207005442,1.518994612,1.350387392,0,0,0.217204795,0
78,2590301,KUMA GAWA,HITOYOSHI,1137,32.21,130.77,32.2146,130.7688,0.5,665.8829674,1597,116,13.26895951,0.302494964,2800.093956,7.67149029,120.6,180.0737778,71.94044444,2.32058718,847.0143206,88.34764444,119.1540444,191.0838222,198.4096889,258.2067556,523.5024889,558.3034667,310.1800889,265.1696889,110.7792889,98.67884444,78.27813333,8.975111111,24.52088889,60.90933333,112.3004444,155.3048889,189.2542222,225.3253333,226.784,197.0382222,138.5004444,80.50044444,27.312,0,0,0,0,0,123.9846222,131.3589333,143.6810667,169.0544889,175.9095111,128.1014222,163.6537778,168.9504,144.3755556,163.1258667,133.1517333,123.6613333,1769.008711,8.546311111,10.99697778,13.06515556,16.61146667,17.99093333,15.9432,17.49822222,17.19013333,14.39733333,12.62986667,9.419377778,7.877333333,13.51715556,0,0.44942832,9.058927001,6.857783641,1.682673703,66.67810026,3.443095866,0,54.13324538,0,0,0,17.30290237,0,0,0,0,0.44942832,0,26.36182938,0.530255057,3.443095866,1.152330695,0,120.8113456,6.857783641,0,46.28733509,17.3123131,70.46983289,0.215655233,3.526033421,8.157343887,0,6.402462621,0,7.171503958,0,0.129903254,0.160861917,0,0,0,0,0,0.215655233,138.6182938,20.99920844,13.81002639,2.662708883,133.587511,9.77291117,0,0,0,2.827880387,0,13.81002639,6.945030783,0,0,2.662708883,133.587511,0,0,0,0,0,0,0,0,10.44117625,4.916427792,141.8656548,7.746044151,2.839275726,0.44020431,0.901974318,1.889863149,0,0,0.179992876,0
79,2590400,OYODO GAWA,KASHIWADA,2126,31.95,131.4,31.9479,131.4021,0.3,336.7329849,1463,7,7.358239301,0.313804781,2784.642723,7.629158145,148.0049334,204.4420326,100.9866798,2.394066303,873.8342007,74.05984213,113.0306364,205.7897879,226.69926,257.9160335,516.3666502,431.3908239,358.3946226,309.801332,132.8749383,90.05219536,68.26660089,42.72767637,58.06166749,92.04292057,139.9906265,177.174149,208.9733596,247.4666996,246.6931426,220.4316724,165.4785397,114.6077948,61.94967933,0,0,0,0,0,165.1915146,155.301776,161.6314258,172.2043414,174.1173656,128.2390725,179.1537741,181.3041441,149.8632955,170.8740503,157.047558,169.4232856,1964.351603,9.717661569,11.7227923,13.52841638,16.33833251,17.41790824,15.41711889,17.79200789,17.3224963,14.32866305,12.69462259,10.11820424,9.158855451,13.80133202,0,0,2.81519285,2.783019755,0.141721543,23.44186265,0.289557855,0,16.64393227,0,0,0,7.255174036,0,0,0,0,0,0,10.07036689,0.09247413,0.289557855,0.04929445,0,40.08579492,2.783019755,0,12.50061148,1.452539981,28.91072437,0,1.885747883,3.948541863,0,2.167215428,0,2.514158043,0,0,0.086030103,0,0,0,0,0,0,50.04125118,3.424365005,3.867732832,1.423377234,43.74477893,4.429727187,0,0,0,1.512370649,0,3.867732832,2.917356538,0,0,1.423377234,43.74477893,0,0,0,0,0,0,0,0,4.308386359,1.950379539,46.81582244,3.538687441,0.970864534,0.091674083,0.301127328,0.596792239,0,0,0.096261477,0
80,2590401,OYODO GAWA,HIWATASHI,860.6,31.86,131.1,31.8604,131.1146,1.4,297.7888465,1346,127,5.35546875,0.315925022,2785.608847,7.63180506,151.8311991,206.8812573,106.2875437,2.411078182,880.0435363,73.16961583,117.3440047,206.798021,235.8525029,260.5295693,518.4443539,422.9084983,353.7213038,304.4464494,132.3630966,91.774156,68.2572759,47.88358556,63.12223516,95.96623981,143.3399302,179.2863795,211.2270081,249.5587893,248.8917346,223.5541327,170.1396973,120.556461,67.9895227,0,0,0,0,0,159.7364377,146.0417928,154.074156,167.1558789,169.0965076,118.6655413,172.9207218,178.214319,149.1001164,169.5084983,153.5260768,163.3465658,1901.386612,9.534225844,11.31268917,13.1355064,16.03934808,17.12305006,14.84447031,17.40838184,17.13620489,14.26100116,12.62910361,9.991385332,8.974039581,13.53667055,0,0,15.68487102,8.18254706,8.282709737,50.32291425,1.386590751,0,27.56321171,0,0,0,131.0073205,1.772600511,0,0,0,1.772600511,0,146.6923077,6.027074134,1.386590751,2.255635603,0,77.88612596,8.18254706,0,0,15.77864281,89.709505,0,0.100859865,24.19916337,0,24.53997211,0,51.26249129,0,11.59737393,0,0,27.54496863,0,0,0,0,228.8535905,15.87950267,36.23681153,74.26109691,110.2567976,6.245061585,17.73297699,0,11.81861492,2.567162445,5.624099465,36.22414594,3.618289565,0,0,56.81849872,110.2567976,0,17.73297699,0,0.059609575,0,0.012665582,0,0,24.14549245,31.0707188,175.5881221,7.020621776,14.18033151,0.829547293,3.318235417,4.671472112,0,0,0.938452126,0
81,2591200,NIYODO-GAWA,KAWAGUCHI,944.6,33.57,133.18,33.5729,133.1729,0.7,795.2034048,1761,182,16.19017002,0.360890883,2540.799571,6.961094715,106.9946352,162.8712446,60.43347639,2.512195622,916.9514019,82.00847639,105.6060086,178.4175966,192.2608369,239.5709227,327.1727468,375.2792918,350.1119099,347.1868026,152.5949571,112.2522532,78.33776824,-3.954935622,5.004291845,40.29506438,94.77253219,140.9613734,178.2081545,216.276824,218.6620172,185.5793991,123.8444206,67.04184549,16.75429185,0,0,0,0,0,101.1092275,109.5396996,136.0201717,168.5921674,174.6197425,130.347103,156.1549356,156.1658798,126.0860515,139.6938841,108.1946352,102.0309013,1608.554399,7.728218884,10.12993562,12.85300429,16.72521459,18.12167382,16.3582618,17.36437768,16.71899142,13.47424893,11.58690987,8.366416309,7.076502146,13.04592275,13.21172983,5.795257252,13.51037476,5.947067542,4.383442727,92.34607241,0,0,69.87984332,0,0,0.196273555,0,0,0.728668219,0,0,5.795257252,13.21172983,14.23904298,2.859199661,0,1.524243066,0.196273555,162.2259157,5.947067542,0,21.96622909,0,179.2832945,0,0,0,0,0,0,0,0,0,0,0,2.397840356,0.746453525,1.600889265,0,0,205.2482532,0.746453525,21.30520855,0,176.6043828,8.085221258,0,0,0,3.769214482,0,21.30520855,4.239995765,0,0,0,171.770379,0,0,0,0,4.834003811,0,0,0.076116875,12.42149397,3.001550392,178.8510714,21.71711211,2.069788164,0.181309867,0.63234766,4.00225524,0,0,0.127670337,0
82,2591201,NIYODO-GAWA,INO,1462.7,33.55,133.42,33.5479,133.4187,0.3,652.8525831,1761,18,15.69257795,0.340972888,2696.430028,7.387479529,116.722067,172.698324,70.32821229,2.518930234,919.4095352,76.77297486,105.1635475,186.0963687,210.9423184,260.7928771,340.3794693,387.1811453,384.425838,385.5558659,166.5550279,118.2878492,74.27674581,7.088687151,16.95321229,51.98952514,105.1731844,149.4678771,185.5663408,223.2814246,226.2353352,194.3896648,133.4692737,78.74162011,27.71159218,0,0,0,0,0,116.3923883,119.6590084,146.6543296,172.8174581,176.5824721,132.4962291,158.064595,163.7655028,131.7655726,147.1197626,118.6483939,117.3767458,1701.342458,8.116410615,10.42018156,13.1853352,16.75230447,18.01312849,16.2601257,17.25551676,16.87625698,13.59867318,11.74881285,8.632122905,7.449860335,13.19650838,0,0,4.114104054,0,0,41.20270732,3.015929446,0.278867847,14.16243932,0,0,0.839269843,0,0,0,0,0,0,0.278867847,4.114104054,0,3.015929446,0,0.839269843,55.36514665,0,0,25.63704109,8.896082587,0.125247829,0,0.717303617,0,0,0.729677993,0,0,21.38394749,0.470704861,2.231284611,0,3.318725644,0.060778013,0.106720448,0,21.38394749,30.38811786,11.90538046,2.180488138,0,59.57325494,1.923976208,0,0,0,0.264374103,0,2.180488138,1.561906064,0,0,0,57.94831476,0,0,0,0,1.624940179,0,0,0.097696042,1.489834758,2.127719833,62.17948431,3.139255897,0.332067957,0.054191222,0.171523279,0.504387434,0,0,0.082047857,0
83,2591210,SHIGENOBU-GAWA,DEAI,445,33.8,132.73,33.8021,132.7354,0.6,388.4567205,1249,6,10.85635928,0.581706891,1636.852621,4.484527729,134.4213836,182.8385744,92.04192872,2.608680682,952.1684488,74.60167715,82.36540881,121.0672956,118.2159329,155.1945493,246.6660377,232.7945493,154.2387841,176.6572327,120.1857442,86.90230608,67.96310273,29.04192872,34.639413,66.26834382,118.6750524,161.3333333,199.5974843,239.3039832,244.7840671,211.2536688,153.4654088,101.7756813,52.54716981,0,0,0,0,0,100.2698113,116.2641509,145.7092243,180.0949686,191.7025157,150.1014675,179.0142558,199.6708595,152.0643606,157.9171908,120.9027254,108.4974843,1802.209015,7.402515723,10.04507338,12.85953878,16.77274633,18.36687631,16.81865828,17.96666667,18.15492662,14.30775681,11.89245283,8.480083857,6.980083857,13.34067086,0,16.55325843,15.11752809,4.449662921,4.232359551,185.9853933,11.01775281,1.536853933,82.76202247,0,0,3.315955056,0,0,0,0,0,16.55325843,1.536853933,15.11752809,0.639325843,11.01775281,3.593033708,3.315955056,268.7474157,4.449662921,0,161.4069663,29.2411236,8.893932584,0,2.357752809,0,0,3.72,0,0,97.87101124,1.547191011,7.334157303,0,10.90853933,1.341348315,0.620898876,0,97.87101124,187.0975281,40.2741573,16.96044944,0,300.7761798,7.507191011,0,0,0,0.868988764,0,16.96044944,6.317303371,0,0,0,287.078427,0,0,0,0,13.69775281,0,0,0.321123596,11.60931618,12.86748494,307.3271539,11.6223364,2.839574607,0.228757528,0.992977978,4.367105393,0,0,0.573451236,0
84,2591230,NAKA GAWA,FURUSHO,765,33.94,134.62,33.9396,134.6188,0.1,638.6323977,1783,8,16.6476932,0.305614676,3025.962748,8.290308899,117.0049505,173.3898515,72.04826733,2.533640072,924.7786261,71.04579208,114.7154703,197.9639851,222.2841584,284.6183168,367.8501238,384.2200495,475.6315594,460.4358911,225.9784653,146.0366337,75.18230198,7.876237624,17.09405941,52.5470297,106.585396,149.3774752,184.0977723,220.4480198,225.4653465,194.0247525,135.4195545,80.90346535,29.61014851,0,0,0,0,0,132.3741337,128.9415842,156.3096535,174.8841584,174.8946782,130.6409653,159.2391089,167.290099,128.0471535,146.4513614,125.7576733,129.0964109,1753.92698,8.578712871,10.76943069,13.6049505,16.8279703,17.91225248,16.15792079,17.3019802,17.00606436,13.36967822,11.67141089,8.827227723,7.751237624,13.31844059,4.018169935,10.90941176,6.125620915,4.481437908,0.433333333,56.3675817,0,0,45.34352941,0,0,0.137908497,0,0,0,0,0,10.90941176,4.018169935,6.125620915,0.433333333,0,0,0.137908497,101.7112418,4.481437908,0,75.45477124,1.337385621,3.418823529,0,0.718300654,1.056601307,0,4.67503268,0,0,33.93843137,2.055424837,3.674640523,0,0,0.563660131,1.299607843,0,33.93843137,87.95019608,6.293986928,16.99503268,2.952156863,102.6115033,5.624052288,0,0,0,0.641699346,2.952156863,16.81986928,4.982222222,0.175163399,0,0,99.13084967,0,0,0,0,3.480653595,0,0,0,9.914923529,9.325422353,117.1383348,2.191978562,2.522466928,0.186723007,0.438087974,1.182825229,0,0,0.193496078,0
85,2591800,YOSHINO GAWA,IWAZU,2810,34.06,134.2,34.0646,134.2021,0.5,709.1909119,1783,31,16.76578193,0.420968386,2147.295866,5.883002373,111.8121078,166.1151717,66.97342193,2.476558013,903.9436746,64.21738649,84.22406792,144.165227,151.8590255,197.5797342,267.4203396,301.4112588,294.9878184,317.8552972,148.8452566,105.0096346,69.72081949,2.19195275,9.80804725,44.51568845,100.0169804,144.9206349,181.5507567,219.3222591,222.7892211,188.9121447,129.3078627,73.73421927,24.03469915,0,0,0,0,0,104.4024363,113.3155777,140.8884459,173.8527132,176.4793651,131.5093392,155.2515319,166.507715,126.7131414,141.3930233,113.5614987,106.7224068,1650.597195,7.73691399,10.1912883,12.97681801,16.86563307,18.08730159,16.31258767,17.20306386,17.06013289,13.37301587,11.52152086,8.436803248,7.114101144,13.07759321,0.238932384,1.251637011,0.194412811,0.041886121,0.510498221,15.83298932,0.916049822,0,8.55252669,0,0,0.253950178,0,0,0,0,0,1.251637011,0.238932384,0.194412811,0.117117438,0.916049822,0.393380783,0.253950178,24.38551601,0.041886121,0,1.273985765,0,16.81715302,0,0,0,0,9.23480427,0,0,0.000498221,0,0.241779359,0,0,0,0.320106762,0,0.000498221,27.64604982,0.241779359,1.507829181,0,25.73864769,0.641850534,0,0,0,0.131886121,0,1.466654804,0.509964413,0.041174377,0,0,25.37587189,0,0,0,0,0.362775801,0,0,0,0.815198078,0.345169466,29.40240452,0.182528149,0.152853167,0.012548185,0.041437616,0.5487179,0,0,0,0
86,2591801,YOSHINO GAWA,CHUO-BASHI,3044,34.09,134.35,34.0896,134.3521,0.2,670.9828286,1783,13,16.27230935,0.433441465,2082.775211,5.706233455,114.181603,168.2735881,69.48562732,2.473318189,902.7611391,62.35289144,81.09928982,139.0682448,146.5508962,191.6540074,260.0611092,291.2034156,283.6168414,309.6643558,147.4194116,102.4507271,67.63402097,4.782549882,12.17382482,46.71592831,102.2336828,147.0787961,183.7095029,221.6188705,225.348326,191.1592831,131.586067,76.40649307,26.75211363,0,0,0,0,0,106.4377071,114.897768,141.8369631,174.3858979,176.997768,132.10744,156.8048698,169.8475482,127.8001691,142.0019276,114.9394995,108.5086236,1666.566182,7.771694285,10.22066283,12.97791681,16.84152858,18.05671288,16.2878255,17.22742645,17.15897869,13.38112952,11.50588434,8.453060534,7.13936422,13.08944877,0.556537451,4.434691196,1.384428384,0.422076216,2.692542707,47.31412615,7.171452037,0.149638633,24.85482917,0,0,0.762516426,0,0,0,0,0,4.434691196,0.706208936,1.384428384,0.222930355,7.171452037,2.469645204,0.762516426,72.16898817,0.422076216,0,4.214027595,0,9.718363995,0,0.506044678,1.692575558,0,2.392345598,0,0,66.95,0,4.340834428,0,0,0.228777924,0,0,66.95,18.01731275,5.075624179,4.025032852,0,83.47634691,2.54152431,0,0,0,0.396550591,0,4.025032852,2.144973719,0,0,0,80.75772011,0,0,0,0,2.718659658,0,0,0,2.462624934,4.310547536,83.21286712,3.583953778,0.766265736,0.181242346,0.20495726,1.82599067,0,0,0.067979271,0
87,2591802,YOSHINO GAWA,IKEDA,2073.8,34.03,133.84,34.0312,133.8354,0.4,780.4641192,1783,90,17.16897163,0.38209063,2380.539769,6.522026764,107.6901631,161.634929,63.23461336,2.492005314,909.5819396,68.6972646,94.45796949,162.9852709,174.4901105,223.3138874,293.7179379,338.2260389,330.2692793,350.1886902,155.4166754,114.7179379,74.05870594,-1.935823251,5.971593898,40.96948974,95.92214624,140.4839558,176.9984219,214.7995792,217.8732246,185.3424513,125.9158338,69.53655971,19.7148869,0,0,0,0,0,105.5246186,113.430405,140.6664387,172.8419779,175.5233561,130.7141504,151.3665965,160.3295108,125.5286691,140.6638085,112.5260915,107.9292478,1637.044871,7.829931615,10.26312467,13.0473435,16.91320358,18.14739611,16.37538138,17.10778538,16.88143083,13.40473435,11.57269858,8.466438716,7.20689111,13.10562862,1.510126338,8.442713859,2.032114958,1.211785129,6.736956312,71.75253158,10.75392998,0.299160961,39.97135693,0,0,1.140707879,0.241681937,0,0,0,0,8.442713859,1.809287299,2.273796895,0.428199441,10.75392998,6.308756871,1.140707879,111.7238885,1.211785129,0,6.18550487,0,18.67938085,0,1.041325104,4.524544315,0,5.465136464,0,0,101.93008,0,6.371636609,0,0,0.33580866,0,0,101.93008,34.8545665,7.748770373,8.88783875,0,130.1406597,5.504870286,0,0,0,0.791638538,0,8.88783875,4.713279969,0,0,0,125.6327515,0,0,0,0,4.507956409,0,0,0,6.028232279,7.327875928,129.8933453,5.336701996,1.767645964,0.388840679,0.360968367,3.459888369,0,0,0.151673401,0