File_num,Region,Region1,grdc_no,river,station,area,lat_org,long_org,lat_pp,long_pp,dist_km,ElevMean,SlopeMean,RiverSlopeMean,WaterArea,ForestArea,ForestAreaRatio,WaterAreaRatio,AridityIndex,MeanPrecip,MeanTemp,MeanPET,MnMaxPrecip,MnMaxTemp,MnMaxPET,MnMinPrecip,MnMinTemp,MnMinPET,MediPrecip,MediTemp,MediPET,met_An_precip,met_An_maxT,met_An_minT,met_An_meanT,met_An_snow,met_An_sun,met_An_solra,sol12_Helvic Acrisols,sol12_Helvic Acrisols_Ratio,sol12_Dystric Rhegosols,sol12_Dystric Rhegosols_Ratio,sol12_Haplic Andosols,sol12_Haplic Andosols_Ratio,sol12_Fluvic Gleysols,sol12_Fluvic Gleysols_Ratio,sol12_Gleysols,sol12_Gleysols_Ratio,sol12_Humic Cambisols,sol12_Humic Cambisols_Ratio,sol12_Lithosols,sol12_Lithosols_Ratio,sol12_Rhodic Acrisols,sol12_Rhodic Acrisols_Ratio,sol12_Ochric Cambisols,sol12_Ochric Cambisols_Ratio,sol12_Humo-Ferric(Gleyic) Podzols,sol12_Humo-Ferric(Gleyic) Podzols_Ratio,sol12_Gleyic Andosols,sol12_Gleyic Andosols_Ratio,sol12_Humo-Ferric Podzols,sol12_Humo-Ferric Podzols_Ratio,sol12_Vitric Andosols,sol12_Vitric Andosols_Ratio,sol12_(Andic) Rhegosols,sol12_(Andic) Rhegosols_Ratio,sol12_(Entic) Andosols,sol12_(Entic) Andosols_Ratio,sol12_Histosols,sol12_Histosols_Ratio,sol12_Fluvisols,sol12_Fluvisols_Ratio,sol22_Rhegosols,sol22_Rhegosols_Ratio,sol22_Acrisols and Luvisols,sol22_Acrisols and Luvisols_Ratio,sol22_Andosols,sol22_Andosols_Ratio,sol22_Ochric Gleysols,sol22_Ochric Gleysols_Ratio,sol22_Lithosols,sol22_Lithosols_Ratio,sol22_Fluvisols,sol22_Fluvisols_Ratio,sol22_Podozols,sol22_Podozols_Ratio,sol22_Cambisols,sol22_Cambisols_Ratio,sol22_Fluvic gleysols,sol22_Fluvic gleysols_Ratio,sol22_Dystric Histosols,sol22_Dystric Histosols_Ratio,geo1_P,geo1_P_Ratio,geo1_An,geo1_An_Ratio,geo1_M,geo1_M_Ratio,geo1_Gn,geo1_Gn_Ratio,geo1_Gr,geo1_Gr_Ratio,geo1_tr,geo1_tr_Ratio,geo1_lm,geo1_lm_Ratio,geo1_al,geo1_al_Ratio,geo1_Bs,geo1_Bs_Ratio,geo1_wf,geo1_wf_Ratio,geo1_Sch,geo1_Sch_Ratio,geo1_Tn,geo1_Tn_Ratio,geo1_Gd,geo1_Gd_Ratio,geo1_Lp,geo1_Lp_Ratio,geo1_Tp,geo1_Tp_Ratio,geo1_Sp,geo1_Sp_Ratio,geo1_Pls,geo1_Pls_Ratio,geo1_ds,geo1_ds_Ratio,geo3_Henseigan,geo3_Henseigan_ratio,geo3_Taisekigan,geo3_Taisekigan_ratio,geo3_Kaseigan,geo3_Kaseigan_ratio,landP_Lowland,landP_Lowland_Ratio,landP_Volcanic,landP_Volcanic_Ratio,landP_Mountain,landP_Mountain_Ratio,landP_Plateau,landP_Plateau_Ratio,landP_Hills,landP_Hills_Ratio,landP_Water,landP_Water_Ratio,landS_Volcanic_GentleSlope,landS_Volcanic_GentleSlope_Ratio,landS_Lowland,landS_Lowland_Ratio,landS_Volcanic_SteepSlope,landS_Volcanic_SteepSlope_Ratio,landS_AlluvialFanAndValleyPlains,landS_AlluvialFanAndValleyPlains_Ratio,landS_GravelPlateauAndRockPlateau,landS_GravelPlateauAndRockPlateau_Ratio,landS_DeltasAndTidalFlatsAndWetValleyPlains,landS_DeltasAndTidalFlatsAndWetValleyPlains_Ratio,landS_LavaPlateau,landS_LavaPlateau_Ratio,landS_VolcanicLaharTerrain,landS_VolcanicLaharTerrain_Ratio,landS_MountainSteepSlope,landS_MountainSteepSlope_Ratio,landS_SteepAlluvialFan,landS_SteepAlluvialFan_Ratio,landS_HillsSteepAndGentle,landS_HillsSteepAndGentle_Ratio,landS_Peatland,landS_Peatland_Ratio,landS_VolcanicAshSandPlateau,landS_VolcanicAshSandPlateau_Ratio,landS_MountainGentleSlope,landS_MountainGentleSlope_Ratio,landS_DuneBeachSandbars,landS_DuneBeachSandbars_Ratio,landS_Water,landS_Water_Ratio,landS_LimestonePlateau,landS_LimestonePlateau_Ratio,land_RiceField,land_RiceField_Ratio,land_OtherFarmland,land_OtherFarmland_Ratio,land_Forest,land_Forest_Ratio,land_Wasteland,land_Wasteland_Ratio,land_Urban,land_Urban_Ratio,land_Road,land_Road_Ratio,land_Railroad,land_Railroad_Ratio,land_Other,land_Other_Ratio,land_RiverLakes,land_RiverLakes_Ratio,land_Beach,land_Beach_Ratio,land_Ocean,land_Ocean_Ratio,land_GolfCourse,land_GolfCourse_Ratio
1,Hokkaido,Hokkaido,2587080,TESHIO GAWA,MARUYAMA,4685,44.92,141.89,44.9229,141.8938,0.4,311.9342535,7.204888461,7.79835634,5.31,3654.820065,0.780111006,0.001133404,0.44443372,3.404716105,4.865626775,1.513170653,21.56204208,11.27034756,2.610958797,0.033649696,-1.52611551,0.424907129,1.100729824,5.766890766,1.103822398,12006.31325,93.41027099,-9.97877582,43.55372371,142.3808982,14517.69471,115.2035247,0,0,0,0,0,0,64.843,0.013840555,927.713,0.198017716,3313.404,0.707236713,31.227,0.006665315,0,0,234.448,0.050042263,10.087,0.002153042,0.082,1.75E-05,10.783,0.002301601,0,0,3.252,0.00069413,0,0,68.036,0.014522092,0,0,3.252,0.00069413,0,0,0.082,1.75E-05,927.713,0.198017716,31.227,0.006665315,0,0,20.869,0.004454429,3547.852,0.757278975,64.843,0.013840555,68.036,0.014522092,657.061,0.140247812,909.037,0.194031377,559.847,0.119497759,0,0,44.254,0.009445891,50.727,0.010827535,0,0,716.299,0.152891996,0,0,0,0,0,0,1532.703,0.327151121,0,0,8.696,0.001856137,0,0,184.21,0.039319104,0,0,0,0,0,0,3516.638,0.750616435,1146.197,0.244652508,824.558,0.175999573,0,0,3066.116,0.654453789,249.887,0.053337673,525.278,0.112119104,0.822,0.000175454,0,0,0,0,0,0,558.928,0.119301601,249.887,0.053337673,179.136,0.038236073,0,0,0,0,2843.438,0.606923799,0,0,525.278,0.112119104,86.494,0.0184619,0,0,222.678,0.047529989,0,0,0.822,0.000175454,0,0,160.393187,0.034235472,581.802145,0.124184022,3487.129271,0.744317881,531.546601,0.113457119,34.949533,0.007459879,14.286001,0.003049307,52.262611,0.011155307,83.406212,0.01780282,0.009251,1.97E-06,0,0,1.608238,0.000343274,0,0
2,Hokkaido,Hokkaido,2587081,TESHIO GAWA,PONPIRA,4029,44.8,142.08,44.7979,142.0687,0.9,341.3640583,7.543490901,3.79293398,5.31,3198.264152,0.793810909,0.001317945,0.431964,3.448419861,4.775684735,1.489593232,22.04031736,11.21814374,2.603401277,0.030474453,-1.705380606,0.402829733,1.05725948,5.655355059,1.065990412,12042.72159,92.7381993,-10.875,42.63723776,143.4556381,14529.83282,115.5598776,0,0,0,0,0,0,64.843,0.016094068,780.452,0.193708613,2913.074,0.723026557,31.227,0.007750558,0,0,207.547,0.051513279,0.957,0.000237528,0,0,10.783,0.002676346,0,0,3.252,0.000807148,0,0,46.719,0.011595681,0,0,3.252,0.000807148,0,0,0,0,780.452,0.193708613,31.227,0.007750558,0,0,11.74,0.002913874,3120.621,0.774539836,64.843,0.016094068,46.719,0.011595681,632.285,0.156933482,909.037,0.22562348,513.148,0.127363614,0,0,44.254,0.010983867,50.727,0.012590469,0,0,612.56,0.152037726,0,0,0,0,0,0,1201.478,0.298207496,0,0,8.696,0.002158352,0,0,85.822,0.021301067,0,0,0,0,0,0,3010.199,0.747133035,1047.808,0.260066518,685.394,0.170115165,0,0,2889.378,0.717145197,216.874,0.053828245,268.462,0.066632415,0.822,0.000204021,0,0,0,0,0,0,535.473,0.132904691,216.874,0.053828245,96.489,0.023948622,0,0,0,0,2693.81,0.668605113,0,0,268.462,0.066632415,53.431,0.013261603,0,0,195.568,0.048540084,0,0,0.822,0.000204021,0,0,160.384045,0.039807408,470.20102,0.11670415,3090.081975,0.766960034,408.846404,0.101475901,32.215995,0.007996028,10.092046,0.002504851,51.165433,0.012699288,66.135452,0.016414855,0.009251,2.30E-06,0,0,1.608238,0.000399166,0,0
3,Hokkaido,Hokkaido,2587082,TESHIO GAWA,BIFUKA-BASHI,2899,44.48,142.34,44.4813,142.3354,0.4,363.4676352,7.326874479,9.08669088,5.31,2181.839983,0.752618138,0.001831666,0.44341327,3.281813934,4.800167753,1.455199832,21.84813616,11.2919434,2.582487999,0.024239683,-1.763962727,0.369316221,0.922875621,5.632505226,1.009671689,11571.84353,93.10989346,-10.68584475,42.89406393,127.0584475,14793.26027,116.5722983,0,0,0,0,0,0,42.617,0.014700586,613.817,0.211734046,2038.947,0.703327699,19.984,0.006893412,0,0,141.259,0.048726802,0,0,0,0,5.045,0.001740255,0,0,3.252,0.001121766,0,0,46.509,0.016043118,0,0,3.252,0.001121766,0,0,0,0,613.817,0.211734046,19.984,0.006893412,0,0,5.045,0.001740255,2180.206,0.752054502,42.617,0.014700586,46.509,0.016043118,605.729,0.208944119,723.494,0.249566747,0.995,0.000343222,0,0,44.254,0.015265264,21.111,0.007282166,0,0,565.541,0.195081407,0,0,0,0,0,0,899.027,0.310116247,0,0,8.696,0.002999655,0,0,41.736,0.014396689,0,0,0,0,0,0,2092.402,0.721766816,818.18,0.282228355,563.548,0.194393929,0,0,1930.981,0.666085202,173.944,0.06000138,244.211,0.084239738,0.822,0.000283546,0,0,0,0,0,0,453.648,0.156484305,173.944,0.06000138,56.469,0.019478786,0,0,0,0,1772.981,0.61158365,0,0,244.211,0.084239738,53.431,0.018430838,0,0,158,0.054501552,0,0,0.822,0.000283546,0,0,157.743857,0.054413197,393.048889,0.135580852,2166.482876,0.747320758,233.986972,0.080712995,29.295206,0.01010528,7.666615,0.002644572,47.088813,0.016243123,48.014109,0.0165623,0.009251,3.19E-06,0,0,1.608238,0.000554756,0,0
4,Hokkaido,Hokkaido,2587083,TESHIO GAWA,NAYORO-OHASHI,1719.2,44.38,142.41,44.3688,142.4437,3,346.3095564,6.787907353,1.15436519,5.31,1218.211424,0.708592034,0.003088646,0.42842769,3.378123031,5.016315346,1.44728145,22.30104127,11.45614244,2.567810059,0.023074193,-1.579769647,0.370198031,0.903750168,5.818601275,0.994398846,11651.21659,96.2414307,-6.310481868,46.26179831,123.4456036,14886.18082,116.8877298,0,0,0,0,0,0,42.617,0.024788855,435.964,0.253585389,1155.334,0.672018381,5.992,0.003485342,0,0,81.667,0.047502908,0,0,0,0,2.777,0.001615286,0,0,3.252,0.001891577,0,0,38.623,0.022465682,0,0,3.252,0.001891577,0,0,0,0,435.964,0.253585389,5.992,0.003485342,0,0,2.777,0.001615286,1237.002,0.719521871,42.617,0.024788855,38.623,0.022465682,364.563,0.212053862,273.031,0.15881282,0.995,0.000578758,0,0,43.886,0.025526989,2.383,0.00138611,0,0,445.974,0.259407864,0,0,0,0,0,0,584.117,0.339760935,0,0,8.696,0.005058167,0,0,41.736,0.024276408,0,0,0,0,0,0,1398.032,0.813187529,367.349,0.213674383,429.878,0.25004537,0,0,1032.602,0.600629362,93.085,0.054144369,211.915,0.123263727,0.822,0.000478129,0,0,0,0,0,0,320.32,0.186319218,93.085,0.054144369,56.469,0.032846091,0,0,0,0,957.385,0.556878199,0,0,211.915,0.123263727,53.089,0.03088006,0,0,75.217,0.043751163,0,0,0.822,0.000478129,0,0,150.061731,0.08728579,274.74061,0.159807242,1227.709643,0.714116824,151.405464,0.088067394,23.466622,0.013649734,5.325168,0.003097469,33.41706,0.019437564,35.668841,0.020747348,0.009251,5.38E-06,0,0,0.906825,0.000527469,0,0
5,Hokkaido,Hokkaido,2587100,ISHIKARI-GAWA,ISHIKARI-OHASHI,12697,43.1197,141.5456,43.1229,141.5437,0.4,393.3559326,7.739837917,9.83389831,127.369,8592.142291,0.676706489,0.010031425,0.40797236,3.632984154,5.321276645,1.482157136,24.41141418,11.28009679,2.509552967,0.041437647,-0.436743627,0.433972576,1.202719774,6.11224031,1.057034208,12750.95041,96.97028856,-0.347915924,49.05101532,117.2302102,15179.66299,118.0809405,0,0,0,0,736.263,0.057987162,582.518,0.045878396,2114.359,0.166524297,7167.099,0.564471844,119.733,0.009430023,0,0,399.029,0.03142703,18.471,0.001454753,0.79,6.22E-05,400.053,0.031507679,0,0,627.854,0.049449004,0,0,489.377,0.038542727,0,0,627.854,0.049449004,0,0,737.053,0.058049382,2114.359,0.166524297,119.733,0.009430023,0,0,418.524,0.032962432,7566.128,0.595898874,582.518,0.045878396,489.377,0.038542727,1230.496,0.096912341,1700.407,0.13392195,1314.265,0.103509884,9.517,0.000749547,11.054,0.000870599,270.614,0.021313224,563.956,0.044416476,2481.914,0.195472474,0,0,1321.534,0.104082382,451.558,0.035564149,2491.614,0.196236434,0,0,0,0,423.245,0.033334252,447.786,0.035267071,0,0,0,0,461.075,0.036313696,10097.637,0.795277388,2159.247,0.17005962,2274.005,0.179097818,2414.924,0.190196424,5304.368,0.417765456,1737.671,0.136856817,978.836,0.077091911,103.962,0.008187918,407.29,0.032077656,633.246,0.049873671,2007.633,0.158118689,1228.947,0.096790344,739.667,0.058255257,711.092,0.056004726,0,0,0,0,4292.327,0.33805836,0,0,978.836,0.077091911,331.623,0.026118217,364.759,0.028727967,1012.041,0.079707096,2.343,0.000184532,103.962,0.008187918,0,0,1536.646858,0.121024404,1245.593904,0.098101434,8557.261852,0.673959349,907.377961,0.071463965,300.822124,0.023692378,41.781405,0.003290652,279.27538,0.021995383,363.847175,0.028656153,0.009353,7.37E-07,0,0,66.703765,0.005253506,0,0
6,Hokkaido,Hokkaido,2587101,ISHIKARI-GAWA,TSUKIGATA,9306,43.33,141.6933,43.3312,141.6937,0.1,454.0733378,7.999611132,45.4073338,40.044,6692.162666,0.719123433,0.00430303,0.39954591,3.658979724,4.932432772,1.461930366,23.40448336,11.05725953,2.5196452,0.043512149,-1.08379826,0.413438053,1.213869053,5.697413946,1.005856562,12769.79955,92.76922329,-5.526198114,44.73831049,120.7923593,14920.22961,117.9881404,0,0,0,0,410.095,0.044067806,451.091,0.048473136,1483.714,0.159436278,5666.086,0.608863744,74.137,0.007966581,0,0,352.026,0.037827853,18.471,0.001984848,0.79,8.49E-05,385.928,0.041470879,0,0,253.455,0.027235654,0,0,118.545,0.012738556,0,0,253.455,0.027235654,0,0,410.884,0.04415259,1483.714,0.159436278,74.137,0.007966581,0,0,404.398,0.04345562,6018.112,0.646691597,451.091,0.048473136,118.545,0.012738556,1146.924,0.123245648,1621.236,0.174214055,780.749,0.083897378,9.517,0.001022674,11.054,0.001187836,234.837,0.02523501,0,0,1405.635,0.151046099,0,0,1305.716,0.140309048,451.558,0.048523318,1829.46,0.196589297,0,0,0,0,90.951,0.009773372,380.001,0.040833978,0,0,0,0,461.075,0.049545992,6794.272,0.730095852,2012.292,0.216235977,1229.176,0.132084247,2244.339,0.24117118,3930.96,0.422411348,979.554,0.105260477,883.111,0.094896948,20.545,0.002207715,388.136,0.041708145,557.398,0.059896626,1856.203,0.199463035,924.214,0.099313776,422.157,0.045363959,249.912,0.026854932,0,0,0,0,2965.95,0.318713733,0,0,883.111,0.094896948,52.707,0.005663765,0,0,965.01,0.103697614,2.343,0.000251773,20.545,0.002207715,0,0,1021.84401,0.109804858,729.581579,0.078399052,6596.493106,0.708843016,766.204454,0.082334457,181.286208,0.019480573,23.421768,0.002516846,154.013316,0.016549894,202.557397,0.021766322,0.009353,1.01E-06,0,0,24.523512,0.002635237,0,0
7,Hokkaido,Hokkaido,2587102,ISHIKARI-GAWA,HASHIMOTOCHO,5711,43.5544,141.8872,43.5562,141.8896,0.3,467.2317383,7.696975189,15.5743913,29.366,4305.844696,0.753956347,0.005142007,0.39700377,3.724180972,4.780206471,1.478513871,23.27542758,10.94392141,2.547992336,0.046897909,-1.294231971,0.426470857,1.272750161,5.478311378,1.026665987,13046.89761,90.26146313,-8.211158926,42.42736311,132.6170055,14776.6636,117.7002523,0,0,0,0,234.596,0.04107792,299.901,0.05251287,966.176,0.169178077,3542.871,0.620359132,45.422,0.007953423,0,0,280.676,0.049146559,15.112,0.002646122,0,0,326.42,0.057156365,0,0,185.524,0.032485379,0,0,59.804,0.010471721,0,0,185.524,0.032485379,0,0,234.596,0.04107792,966.176,0.169178077,45.422,0.007953423,0,0,341.532,0.059802486,3823.547,0.669505691,299.901,0.05251287,59.804,0.010471721,632.815,0.110806339,1355.93,0.237424269,230.793,0.040412012,0,0,0.99,0.00017335,147.051,0.025748731,0,0,940.795,0.164733847,0,0,727.417,0.127371213,386.394,0.067657853,1242.607,0.217581334,0,0,0,0,90.951,0.015925582,224.6,0.039327613,0,0,0,0,386.394,0.067657853,4012.429,0.702579058,1581.52,0.276925232,807.536,0.141400105,1529.114,0.267748906,2370.005,0.414989494,651.333,0.114048853,640.431,0.112139905,1.971,0.000345123,236.948,0.041489757,403.041,0.070572754,1292.166,0.226259149,647.445,0.113368062,248.292,0.043476099,141.443,0.024766766,0,0,0,0,1721.567,0.301447557,0,0,640.431,0.112139905,18.648,0.003265278,0,0,648.438,0.113541937,0,0,1.971,0.000345123,0,0,745.380114,0.130516567,438.331115,0.076752078,4197.172831,0.734927829,612.322418,0.107218074,127.624028,0.022347054,16.143324,0.002826707,70.186457,0.012289697,133.481506,0.023372703,0,0,0,0,15.727246,0.002753852,0,0
8,Hokkaido,Hokkaido,2587103,ISHIKARI-GAWA,OSAMUNAI,3558,43.7156,142.1367,43.7188,142.1354,0.4,597.8951177,8.407607396,14.9473779,2.423,2584.891861,0.726501366,0.000681001,0.40619155,3.478620946,4.192122986,1.412986418,23.21558605,10.59911645,2.512544931,0.030267073,-2.078131448,0.38048939,1.002804136,4.93899845,0.947871406,11998.18605,84.13997986,-12.63418933,37.45140987,99.47834844,14837.70569,119.0025176,0,0,0,0,234.596,0.065934795,25.685,0.007218943,401.2,0.112759978,2158.471,0.606652895,7.537,0.002118325,0,0,185.502,0.052136594,15.112,0.00424733,0,0,324.697,0.091258291,0,0,180.889,0.050840079,0,0,13.369,0.003757448,0,0,180.889,0.050840079,0,0,234.596,0.065934795,401.2,0.112759978,7.537,0.002118325,0,0,339.809,0.095505621,2343.973,0.658789488,25.685,0.007218943,13.369,0.003757448,564.966,0.158787521,1096.488,0.308175379,5.107,0.001435357,0,0,0.99,0.000278246,48.853,0.013730467,0,0,490.529,0.137866498,0,0,727.417,0.204445475,305.677,0.085912591,237.468,0.06674199,0,0,0,0,0,0,71.469,0.020086847,0,0,0,0,305.677,0.085912591,2074.34,0.583007307,1168.948,0.328540753,326.791,0.091846824,1437.63,0.404055649,1074.794,0.302078134,397.053,0.111594435,312.684,0.087881956,0,0,169.614,0.047671164,323.227,0.090845138,1268.016,0.356384486,323.945,0.091046936,73.826,0.020749297,1.754,0.000492974,0,0,0,0,553.848,0.155662732,0,0,312.684,0.087881956,1.093,0.000307195,0,0,520.946,0.146415402,0,0,0,0,0,0,391.741048,0.110101475,282.53825,0.079409289,2483.986327,0.698141182,365.980686,0.102861351,98.288877,0.027624755,9.411869,0.00264527,52.211687,0.014674448,56.000908,0.015739435,0,0,0,0,10.288827,0.002891745,0,0
9,Hokkaido,Hokkaido,2587104,ISHIKARI-GAWA,INO,3378.6,43.77,142.27,43.7687,142.2771,0.6,619.1353331,8.49370637,10.3189222,2.423,2415.132009,0.714832182,0.000717161,0.40326262,3.486249001,4.088668445,1.405873908,23.30708665,10.51672456,2.506592441,0.02972413,-2.197157212,0.377204315,0.999299486,4.810669372,0.940392971,12018.34042,82.82723358,-13.7131324,36.33019376,98.59607104,14797.50619,119.0923036,0,0,0,0,234.596,0.069435861,0,0,362.554,0.107308945,2017.467,0.59713106,7.537,0.002230806,0,0,174.028,0.051508909,5.235,0.001549458,0,0,324.697,0.096104008,0,0,180.889,0.053539632,0,0,13.369,0.003956964,0,0,180.889,0.053539632,0,0,234.596,0.069435861,362.554,0.107308945,7.537,0.002230806,0,0,329.932,0.097653466,2191.496,0.648640265,0,0,13.369,0.003956964,564.966,0.167218966,1083.644,0.320737584,2.469,0.000730776,0,0,0.99,0.000293021,35.161,0.010406973,0,0,475.035,0.140601137,0,0,716.379,0.212034275,197.552,0.058471556,204.064,0.060398982,0,0,0,0,0,0,42.021,0.0124374,0,0,0,0,197.552,0.058471556,1998.073,0.591390813,1126.655,0.333468004,322.271,0.095385959,1327.807,0.393005091,1003.048,0.296882732,371.874,0.110067484,297.27,0.087986148,0,0,165.102,0.048866986,298.048,0.088216421,1162.705,0.344138105,319.424,0.094543302,73.826,0.021851063,1.754,0.00051915,0,0,0,0,508.576,0.150528621,0,0,297.27,0.087986148,1.093,0.000323507,0,0,494.472,0.146354111,0,0,0,0,0,0,365.30132,0.108122098,265.667306,0.078632364,2311.922124,0.68428406,354.987132,0.105069299,96.779001,0.028644705,8.591924,0.002543043,47.70871,0.014120852,52.413205,0.015513291,0,0,0,0,9.394602,0.00278062,0,0
10,Hokkaido,Hokkaido,2587105,SORACHI-GAWA,AKABIRA,2531,43.56,142.05,43.5604,142.0521,0.2,505.3548522,8.966257192,25.2677426,10.59,1994.90588,0.788188811,0.004184117,0.41157245,3.424778062,4.830385578,1.409544311,25.30150962,11.05201829,2.48641547,0.018237445,-1.259665908,0.367655834,0.890620427,5.62919462,0.954065635,12031.47394,93.48793284,-5.272822665,44.93599161,91.37040923,15063.68625,118.7901364,0,0,0,0,175.499,0.069339787,28.424,0.011230344,307.177,0.121365863,1782.32,0.70419597,27.888,0.01101857,0,0,65.651,0.025938759,3.359,0.001327143,0,0,57.9,0.022876333,0,0,65.825,0.026007507,0,0,30.055,0.011874753,0,0,65.825,0.026007507,0,0,175.499,0.069339787,307.177,0.121365863,27.888,0.01101857,0,0,61.259,0.024203477,1847.972,0.730135124,28.424,0.011230344,30.055,0.011874753,477.322,0.188590281,248.661,0.098246148,510.705,0.201779929,9.517,0.003760174,10.064,0.003976294,39.435,0.015580798,0,0,179.271,0.070830107,0,0,578.299,0.228486369,65.164,0.025746345,275.641,0.108905966,0,0,0,0,0,0,155.402,0.061399447,0,0,0,0,74.681,0.029506519,2060.674,0.814173844,414.126,0.163621493,202.988,0.080200711,693.903,0.274161596,1208.497,0.477478072,201.413,0.079578427,242.679,0.095882655,0,0,140.642,0.05556776,142.684,0.056374556,553.261,0.218593836,155.677,0.0615081,58.729,0.023203872,31.215,0.01233307,0,0,0,0,901.54,0.356199131,0,0,242.679,0.095882655,16.096,0.006359542,0,0,306.957,0.121278941,0,0,0,0,0,0,125.8914,0.049739787,252.587448,0.09979749,2089.596578,0.825601177,120.919191,0.047775263,25.251796,0.009977004,2.372653,0.000937437,65.038197,0.02569664,31.602974,0.012486359,0,0,0,0,4.396418,0.001737028,0,0
11,Hokkaido,Hokkaido,2587106,YUBARI-GAWA,KIYOHORO-BASHI,1116,43.09,141.69,43.0896,141.6896,0.1,377.5722068,8.103404252,37.7572207,3.114,856.1495051,0.767159055,0.002790323,0.40688065,3.708152348,5.801573392,1.508775456,30.91672214,11.63918756,2.554852595,0.00917045,0.317502372,0.416543702,0.631323464,6.620708293,1.106478957,13329.27088,101.7322404,2.575331772,51.28883685,103.5175644,15127.12724,117.5089774,0,0,0,0,74,0.066308244,6.608,0.005921147,121.686,0.109037634,792.733,0.710334229,41.441,0.037133513,0,0,20.013,0.017932796,0,0,0,0,14.126,0.012657706,0,0,47.623,0.042672939,0,0,8.97,0.008037634,0,0,47.623,0.042672939,0,0,74,0.066308244,121.686,0.109037634,41.441,0.037133513,0,0,14.126,0.012657706,812.745,0.728266129,6.608,0.005921147,8.97,0.008037634,70.989,0.063610215,0,0,286.168,0.256422939,0,0,0,0,34.773,0.031158602,0.136,0.000121864,125.349,0.112319892,0,0,0,0,0,0,308.622,0.276543011,0,0,0,0,233.378,0.209120072,67.785,0.060739247,0,0,0,0,0,0,1059.416,0.949297491,67.785,0.060739247,102.605,0.091939964,0,0,836.225,0.749305556,180.1,0.161379928,8.271,0.00741129,0,0,0,0,32.361,0.028997312,0,0,88.574,0.079367384,147.739,0.132382616,11.445,0.010255376,0,0,0,0,818.475,0.733400538,0,0,8.271,0.00741129,2.586,0.002317204,0,0,17.749,0.015904122,0,0,0,0,0,0,111.89981,0.100268647,100.263591,0.089841927,921.784047,0.825971368,47.805049,0.042836065,15.234464,0.013650953,3.972145,0.00355927,11.980319,0.010735053,17.423645,0.015612585,0,0,0,0,8.980926,0.008047425,0,0
12,Hokkaido,Hokkaido,2587200,SHIRIBETSU-GAWA,NAKOMA,1402.2,42.81,140.46,42.8104,140.4604,0.1,436.9259832,7.417676356,43.6925983,0.045,1038.967453,0.740955251,3.21E-05,0.42055692,3.712588323,5.900609921,1.561354696,26.73759694,11.282325,2.502144769,0.016600549,0.898570589,0.450776929,0.933596518,6.432644949,1.140468455,13428.63296,96.56795798,6.932370322,53.14116875,212.867367,14441.2042,116.9822718,0,0,0,0,461.954,0.329449437,0,0,201.809,0.143923121,554.563,0.395494937,12.505,0.008918129,0,0,96.786,0.06902439,0,0,0,0,0,0,0,0,47.596,0.033943803,0,0,0,0,0,0,47.596,0.033943803,0,0,461.954,0.329449437,201.809,0.143923121,12.505,0.008918129,0,0,0,0,651.349,0.464519327,0,0,0,0,0,0,547.489,0.390450007,0,0,0,0,0,0,0,0,0,0,145.387,0.103684924,0,0,138.75,0.098951647,0,0,543.587,0.387667237,0,0,0,0,0,0,0,0,0,0,0,0,0,0,827.724,0.590303808,547.489,0.390450007,136.664,0.097463985,878.857,0.626770076,152.645,0.108861075,207.049,0.147660106,0,0,0,0,223.717,0.15954714,18.525,0.013211382,655.14,0.467222935,136.664,0.097463985,188.524,0.134448723,0,0,0,0,0,0,115.2,0.082156611,0,0,0,0,0,0,0,0,37.445,0.026704464,0,0,0,0,0,0,34.392996,0.024527882,192.470219,0.137263029,1072.762543,0.765056727,155.408163,0.110831667,12.80983,0.009135523,1.144119,0.000815946,18.079364,0.01289357,13.727516,0.009789984,0,0,0,0,8.436538,0.006016644,0,0
13,Hokkaido,Hokkaido,2587210,MU KAWA,MUKAWA,1228,42.57,141.94,42.5688,141.9354,0.4,400.7110425,8.635875923,10.0177761,0.19,1094.623055,0.891386853,0.000154723,0.42947239,3.507068544,5.266192972,1.506189105,31.87090158,11.0910884,2.541126531,0.007231088,-0.303542467,0.424569097,0.484987494,5.958562052,1.125680581,12164.35244,101.3517339,-8.009907997,46.81953291,73.79193206,15212.89809,117.7501769,0,0,0,0,39.634,0.032275244,0,0,101.666,0.082789902,823.282,0.670425081,3.576,0.002912052,0,0,15.435,0.012569218,0,0,0,0,0,0,0,0,246.215,0.200500814,0,0,1.517,0.001235342,0,0,246.215,0.200500814,0,0,39.634,0.032275244,101.666,0.082789902,3.576,0.002912052,0,0,0,0,838.717,0.6829943,0,0,1.517,0.001235342,420.676,0.342570033,0,0,250.798,0.204232899,2.608,0.002123779,0,0,26.884,0.021892508,0,0,55.676,0.045338762,0,0,0,0,0,0,291.428,0.237319218,5.945,0.004841205,0,0,32.238,0.026252443,145.07,0.118135179,0,0,0,0,2.608,0.002123779,1077.701,0.877606678,151.016,0.122977199,116.181,0.094609935,0,0,1061.937,0.864769544,53.134,0.04326873,0.073,5.94E-05,0,0,0,0,6.35,0.00517101,0,0,116.169,0.094600163,46.784,0.03809772,0.012,9.77E-06,0,0,0,0,999.453,0.813886808,0,0,0.073,5.94E-05,0,0,0,0,62.484,0.050882736,0,0,0,0,0,0,33.378342,0.02718106,49.511273,0.040318626,1216.463555,0.990605501,35.206431,0.028669732,4.980692,0.004055938,0.887411,0.000722647,8.876562,0.007228471,17.581458,0.014317148,0,0,0,0,3.257389,0.002652597,0,0
14,Hokkaido,Hokkaido,2587220,SARU GAWA,BIRATORI,1253,42.58,142.15,42.5812,142.1438,0.5,609.9967408,12.69093767,12.1999348,2.963,1156.386521,0.922894271,0.002364725,0.40483589,3.689001368,4.379248159,1.493440169,34.33815546,10.10817199,2.550151411,0.00385095,-1.095110852,0.38846029,0.412929219,4.997549383,1.097536243,13146.81608,89.30979021,-15.87342657,37.57622378,94.31048951,14730.06014,118.1727273,0,0,0,0,16.459,0.013135674,0,0,67.193,0.053625698,906.756,0.723667997,129.964,0.103722267,0,0,9.594,0.007656824,0,0,0,0,6.702,0.005348763,0,0,124.414,0.099292897,0,0,0,0,0,0,124.414,0.099292897,0,0,16.459,0.013135674,67.193,0.053625698,129.964,0.103722267,0,0,6.702,0.005348763,916.35,0.73132482,0,0,0,0,522.307,0.416845172,0,0,164.18,0.131029529,7.101,0.005667199,11.091,0.008851556,3.739,0.002984038,0,0,67.469,0.05384597,0,0,0,0,0,0,143,0.114126097,182.624,0.145749401,0,0,0,0,159.571,0.127351157,0,0,0,0,7.101,0.005667199,900.695,0.718830806,353.286,0.281952115,78.063,0.062300878,0,0,1144.533,0.913434158,28.505,0.022749401,9.982,0.00796648,0,0,0,0,0,0,0,0,78.063,0.062300878,28.505,0.022749401,0,0,0,0,0,0,1104.221,0.881261772,0,0,9.982,0.00796648,0,0,0,0,40.312,0.032172386,0,0,0,0,0,0,16.467322,0.013142316,40.958106,0.032688034,1259.105576,1.004872766,40.737522,0.032511989,4.205715,0.003356516,0.501205,0.000400004,4.069127,0.003247508,16.949286,0.013526964,0,0,0,0,0.028474,2.27E-05,0,0
15,Hokkaido,Hokkaido,2587230,ABASHIRI GAWA,HONGO,1120.4,43.895,144.1367,43.8937,144.1438,0.6,290.9615799,5.720827918,4.84935967,1.054,879.4742888,0.784964556,0.000940735,0.60970275,2.49070737,4.692964843,1.518591134,24.16095982,11.63692684,2.773906755,1.22E-05,-1.765575248,0.339032914,0.273913129,5.837943231,1.069952742,8505.43652,102.1073668,-12.79545455,45.14184953,76.27115987,17373.90752,121.7202194,0,0,0,0,168.977,0.150818458,0,0,189.386,0.169034273,727.839,0.649624241,0,0,0,0,12.27,0.010951446,0,0,0,0,2.765,0.002467869,0,0,0,0,0,0,19.98,0.017832917,0,0,0,0,0,0,168.977,0.150818458,189.386,0.169034273,0,0,0,0,2.765,0.002467869,740.108,0.660574795,0,0,19.98,0.017832917,66.768,0.059593002,87.571,0.078160478,0,0,0,0,0,0,0,0,231.821,0.20690914,106.366,0.094935737,0,0,57.008,0.050881828,0,0,572.491,0.510970189,0,0,0,0,0,0,0,0,0,0,0,0,0,0,1034.454,0.923289896,87.571,0.078160478,123.016,0.109796501,434.552,0.387854338,422.551,0.377142985,127.767,0.114036951,14.139,0.0126196,0,0,66.749,0.059576044,53.157,0.047444663,367.804,0.328279186,103.926,0.092757944,49.537,0.044213674,9.736,0.008689754,0,0,0,0,404.702,0.361212067,0,0,14.139,0.0126196,9.353,0.008347911,25.073,0.022378615,17.849,0.015930918,0,0,0,0,0,0,7.374454,0.006581983,198.862344,0.177492274,952.746152,0.850362506,27.209292,0.024285337,11.297251,0.01008323,2.452914,0.00218932,10.329971,0.009219896,5.689267,0.005077889,0,0,0,0,0,0,0,0
16,Hokkaido,Hokkaido,2587240,TOKORO GAWA,KITAMI,1394.2,43.8,143.92,43.7979,143.9104,0.8,485.1716375,7.686856411,6.06464547,1.287,1064.735994,0.763689567,0.00092311,0.61141993,2.453820424,4.027442852,1.500314704,22.56947705,10.89385999,2.672576412,0.002505199,-2.293522925,0.370495947,0.396835923,5.121696172,1.077286837,8217.318041,93.27030378,-17.34841909,38.25294482,67.73031618,17560.43149,124.2368258,0,0,0,0,0,0,0,0,250.88,0.179945488,1060.485,0.760640511,0.913,0.000654856,0,0,50.266,0.036053651,0,0,0,0,44.285,0.031763735,0,0,0,0,0,0,0.445,0.000319179,0,0,0,0,0,0,0,0,250.88,0.179945488,0.913,0.000654856,0,0,44.285,0.031763735,1110.751,0.796694162,0,0,0.445,0.000319179,98.585,0.070710802,39.016,0.027984507,9.087,0.006517716,0,0,0,0,7.451,0.005344283,85.748,0.061503371,182.003,0.130542964,0,0,333.873,0.239472816,0,0,634.748,0.455277579,0,0,16.762,0.012022665,0,0,0,0,0,0,0,0,0,0,1351.495,0.969369531,55.779,0.04000789,189.109,0.135639793,110.756,0.079440539,846,0.606799598,187.65,0.134593315,73.759,0.052904174,0,0,0,0,99.667,0.071486874,110.756,0.079440539,188.801,0.135418878,87.983,0.063106441,0,0,0,0,0,0,691.785,0.496187778,0,0,73.759,0.052904174,0,0,0,0,154.215,0.11061182,0.308,0.000220915,0,0,0,0,13.6637,0.009800387,251.513633,0.180399966,1179.199244,0.845789158,24.662714,0.017689509,33.075531,0.023723663,3.486032,0.002500382,17.082009,0.012252194,11.293111,0.008100065,0,0,0,0,2.095993,0.001503366,0,0
17,Hokkaido,Hokkaido,2587250,YUBETSU GAWA,KAISEI,1334.8,44.1,143.55,44.1021,143.5437,0.6,596.6460643,11.28274017,9.94410107,0,1132.289887,0.848284302,0,0.58657068,2.564417293,3.808376716,1.504211986,21.54539196,10.65866818,2.671108622,0.005518299,-2.597972471,0.377674061,0.579311098,4.705963634,1.070312943,8665.066161,85.2329428,-17.80771881,34.76843556,74.60923501,16802.84907,124.1164714,0,0,0,0,0,0,0,0,131.786,0.098730896,998.733,0.748226701,4.515,0.003382529,0,0,72.825,0.054558735,0,0,0,0,60.813,0.045559634,0,0,0,0,0,0,0,0,0,0,0,0,0,0,0,0,131.786,0.098730896,4.515,0.003382529,0,0,60.813,0.045559634,1071.558,0.802785436,0,0,0,0,373.752,0.280005993,138.101,0.103461942,46.508,0.034842673,0,0,0,0,20.374,0.01526371,0,0,60.674,0.045455499,0,0,0,0,0,0,366.244,0.274381181,0,0,263.02,0.197048247,0,0,0,0,0,0,0,0,0,0,867.552,0.649949056,401.12,0.30050944,120.952,0.090614324,156.124,0.116964339,896.738,0.671814504,94.218,0.070585856,0,0,0.641,0.000480222,1.525,0.001142493,37.666,0.02821846,154.599,0.115821846,120.952,0.090614324,56.552,0.042367396,0,0,0,0,0,0,816.644,0.611810009,0,0,0,0,0,0,0,0,80.093,0.060003746,0,0,0.641,0.000480222,0,0,0.027851,2.09E-05,94.465918,0.07077159,1212.8442,0.908633653,38.680152,0.028978238,10.517448,0.007879419,4.515901,0.003383204,6.869817,0.005146701,8.327631,0.006238861,0,0,0,0,0.714703,0.000535438,0,0
18,Hokkaido,Hokkaido,2587400,TOKACHI GAWA,MOIWA,8277,42.8,143.52,42.8021,143.5188,0.3,432.4551306,7.337068583,14.415171,15.722,5146.598978,0.621795213,0.00189948,0.45016998,3.124354835,4.597600764,1.406490758,30.64005056,10.78919927,2.503913281,0.004584179,-1.103243586,0.329767632,0.32594063,5.595099137,0.998998144,10997.29372,95.84758199,-11.53685381,42.30939411,72.6717065,17679.68638,123.5296276,0,0,0,0,3978.973,0.480726471,0,0,789.181,0.095346261,2330.112,0.281516491,823.631,0.099508397,0,0,55.191,0.006667996,0,0,0,0,69.718,0.0084231,0,0,119.577,0.014446901,0,0,57.197,0.006910354,0,0,119.577,0.014446901,0,0,3978.973,0.480726471,789.181,0.095346261,823.631,0.099508397,0,0,69.718,0.0084231,2385.291,0.288183037,0,0,57.197,0.006910354,1110.369,0.134151142,571.374,0.069031533,3.455,0.000417422,60.261,0.007280536,206.805,0.024985502,2194.727,0.26515972,0,0,871.106,0.105244171,0,0,453.883,0.054836656,0,0,2638.986,0.318833635,147.514,0.017822158,0,0,0,0,0,0,0,0,0,0,60.261,0.007280536,7272.526,0.878642745,925.693,0.111839193,965.108,0.116601184,1841.631,0.222499819,2127.809,0.257074906,2755.385,0.332896581,540.572,0.065310137,27.973,0.003379606,86.756,0.010481575,272.787,0.032957231,1754.875,0.212018243,870.219,0.105137006,2482.599,0.299939471,71.773,0.008671379,0,0,0,0,1825.78,0.220584753,0,0,540.572,0.065310137,11.535,0.001393621,0,0,302.029,0.036490153,11.581,0.001399178,27.973,0.003379606,0,0,3.607176,0.000435807,2525.64167,0.305139745,5298.163631,0.640106757,298.477848,0.036061115,119.992227,0.014497067,16.070022,0.001941527,108.269407,0.013080755,156.903351,0.018956548,0.264479,3.20E-05,0,0,11.055583,0.001335699,0,0
19,Hokkaido,Hokkaido,2587401,TOKACHI GAWA,OBIHIRO,2529.3,42.93,143.21,42.9354,143.2063,0.7,509.6846574,7.982258304,7.28120939,6.466,1650.257108,0.652456058,0.002556439,0.39650429,3.42803024,4.560704038,1.359228703,31.03251972,10.69126058,2.435448986,0.006185966,-1.214272479,0.322433788,0.527619094,5.429784639,0.916194564,12227.47816,90.57816456,-8.2,41.85094937,81.23322785,16682.25253,121.8443038,0,0,0,0,1373.386,0.542990551,0,0,195.63,0.077345511,869.742,0.343866682,256.171,0.101281382,0,0,15.572,0.006156644,0,0,0,0,19.922,0.007876488,0,0,119.518,0.04725339,0,0,0,0,0,0,119.518,0.04725339,0,0,1373.386,0.542990551,195.63,0.077345511,256.171,0.101281382,0,0,19.922,0.007876488,885.315,0.350023722,0,0,0,0,592.004,0.234058435,225.213,0.089041632,0,0,6.584,0.002603092,181.984,0.071950342,1046.642,0.413806982,0,0,261.953,0.10356739,0,0,400.039,0.158161942,0,0,99.971,0.039525165,40.726,0.016101688,0,0,0,0,0,0,0,0,0,0,6.584,0.002603092,2400.609,0.949119915,447.923,0.177093662,237.913,0.094062784,920.686,0.364008224,540.779,0.213805796,1129.941,0.4467406,21.495,0.008498399,4.302,0.001700866,57.552,0.022754122,71.316,0.028195944,863.134,0.341254102,227.758,0.090047839,1058.624,0.418544261,6.66,0.00263314,0,0,0,0,391.384,0.154740047,0,0,21.495,0.008498399,0,0,0,0,149.395,0.059065749,3.495,0.001381805,4.302,0.001700866,0,0,0.08499,3.36E-05,978.000884,0.386668598,1714.807318,0.677977036,150.859358,0.059644707,62.895172,0.024866632,6.596544,0.002608051,47.906539,0.018940631,54.39423,0.021505646,0.264479,0.000104566,0,0,5.708112,0.002256795,0,0
20,Hokkaido,Hokkaido,2587402,TOKACHI GAWA,KYOEI-BASHI,803.8,43.06,142.93,43.0604,142.9271,0.2,804.4983361,11.46663189,40.2249168,2.551,785.1513977,0.97679945,0.003173675,0.35307309,3.732116439,3.34561194,1.317709885,30.33825932,9.585989237,2.374568759,0.005881854,-2.634746784,0.348263275,0.816317534,4.170272066,0.867373758,13639.90505,70.22323232,-22.57878788,25.18585859,82.73939394,14749.43636,119.320202,0,0,0,0,59.384,0.073879074,0,0,14.765,0.018368997,568.892,0.707753172,85.779,0.106716845,0,0,6.167,0.007672307,0,0,0,0,19.922,0.024784772,0,0,100.323,0.124810898,0,0,0,0,0,0,100.323,0.124810898,0,0,59.384,0.073879074,14.765,0.018368997,85.779,0.106716845,0,0,19.922,0.024784772,575.059,0.715425479,0,0,0,0,290.388,0.361268972,157.721,0.196219209,0,0,0,0,0.298,0.000370739,74.878,0.093155014,0,0,9.747,0.012126151,0,0,322.2,0.400845982,0,0,0,0,0,0,0,0,0,0,0,0,0,0,0,0,0,0,697.213,0.867396118,158.019,0.196589948,32.819,0.040829808,639.299,0.795345857,95.647,0.118993531,77.737,0.096711869,9.729,0.012103757,0,0,26.405,0.032850211,7.398,0.009203782,612.894,0.762495646,32.819,0.040829808,70.339,0.087508087,0,0,0,0,0,0,9.605,0.01194949,0,0,9.729,0.012103757,0,0,0,0,86.042,0.107044041,0,0,0,0,0,0,0.009421,1.17E-05,71.344516,0.08875904,788.608662,0.9811006,83.810501,0.104267854,1.741433,0.0021665,0.18838,0.000234362,1.327571,0.001651619,10.604695,0.013193201,0,0,0,0,0,0,0,0
21,Hokkaido,Hokkaido,2587403,TOSHIBETSU GAWA,TOSHIBETSU,2715.2,42.93,143.45,42.9271,143.4437,0.6,387.8230046,6.560360216,6.46371674,1.402,2077.141843,0.765005098,0.000516352,0.54402907,2.655153405,4.666932968,1.444480649,27.64039886,11.09095465,2.590818153,0.000216384,-1.210368033,0.332839691,0.171133564,5.737479818,1.073856921,9034.297584,100.3919232,-16.76398544,41.48990401,60.91790798,18021.62264,123.5878848,0,0,0,0,1317.791,0.485338465,0,0,231.268,0.085175309,979.071,0.360588907,150.332,0.055366824,0,0,22.224,0.008185032,0,0,0,0,10.83,0.003988656,0,0,0,0,0,0,0,0,0,0,0,0,0,0,1317.791,0.485338465,231.268,0.085175309,150.332,0.055366824,0,0,10.83,0.003988656,1001.295,0.368773939,0,0,0,0,181.965,0.067017163,231.239,0.085164629,3.455,0.001272466,0,0,0,0,249.969,0.092062831,0,0,115.593,0.042572555,0,0,53.844,0.019830583,0,0,1877.603,0.691515542,0,0,0,0,0,0,0,0,0,0,0,0,0,0,2482.43,0.914271509,231.239,0.085164629,299.768,0.110403654,463.108,0.170561285,1133.644,0.417517678,517.035,0.190422437,297.756,0.10966264,2.357,0.000868076,16.155,0.005949838,26.25,0.009667796,446.953,0.164611447,296.977,0.109375737,490.785,0.180754641,0.661,0.000243444,0,0,0,0,1016.606,0.374412935,0,0,297.756,0.10966264,0,0,0,0,117.039,0.043105112,2.13,0.000784473,2.357,0.000868076,0,0,0.263755,9.71E-05,540.479798,0.199057085,2202.951202,0.811340307,62.742685,0.023107942,17.811405,0.006559887,5.975897,0.002200905,20.074703,0.007393453,19.817904,0.007298874,0,0,0,0,0,0,0,0
22,South Central,Kinki,2588250,KUMANO-GAWA,OGA,2251,33.75,135.94,33.7479,135.9396,0.2,651.4266275,16.89175055,32.5713314,11.816,2137.596748,0.949620945,0.005249223,0.3077548,7.657495098,13.35371479,2.356630898,72.2807064,17.73903979,3.687666081,0,9.084861875,0.506530769,0.166331484,14.05711189,2.079400646,28199.49228,169.6966394,70.07175295,115.2343324,0,16999.90645,130.8960036,0,0,14.89,0.006614838,17.845,0.007927588,0,0,12.104,0.005377166,1633.868,0.72584096,179.458,0.079723678,0,0,317.283,0.140952021,0,0,0,0,69.807,0.03101155,0,0,0,0,0,0,0,0,0,0,14.89,0.006614838,0,0,17.845,0.007927588,0,0,179.458,0.079723678,12.104,0.005377166,69.807,0.03101155,1951.151,0.866792981,0,0,0,0,118.452,0.052621946,0,0,1428.04,0.634402488,0,0,299.906,0.133232341,0,0,0,0,0,0,0,0,0,0,0,0,182.334,0.081001333,0,0,33.688,0.014965793,182.834,0.081223456,0,0,0,0,0,0,0,0,1911.66,0.849249223,333.594,0.148198134,53.947,0.023965793,0,0,2158.606,0.958954243,32.701,0.014527321,0,0,0,0,0,0,0,0,0,0,53.947,0.023965793,32.701,0.014527321,0,0,0,0,0,0,2142.768,0.951918259,0,0,0,0,0,0,0,0,15.839,0.007036428,0,0,0,0,0,0,14.618589,0.006494264,8.131525,0.003612406,2274.710977,1.01053353,24.09118,0.010702434,6.604516,0.002934036,0.448016,0.00019903,2.849018,0.001265668,55.610048,0.024704597,0,0,0,0,0,0,0,0
23,South Central,S_Chubu,2588480,FUJI KAWA,KITAMATSUNO,3539.8,35.1917,138.5858,35.1938,138.5896,0.4,992.9328435,14.59617491,24.8233211,1.813,2713.228979,0.766492169,0.000512176,0.44872002,4.486168987,10.51448624,2.013033853,44.52177647,15.21796271,3.207474949,0.000884432,5.863921599,0.445515653,0.07696591,11.20472,1.670923237,16420.45842,151.861389,49.19834238,96.27636468,19.90911689,20246.95484,143.8465276,120.79,0.034123397,0,0,375.181,0.105989321,130.278,0.036803774,146.503,0.041387367,1541.728,0.435540991,40.764,0.011515905,0,0,615.189,0.173792022,155.236,0.043854455,0,0,124.887,0.035280807,75.258,0.021260523,0,0,164.28,0.046409402,0,0,0,0,0,0,120.79,0.034123397,614.719,0.173659246,43.802,0.012374145,40.764,0.011515905,102.701,0.029013221,280.116,0.079133284,2156.916,0.609332731,130.278,0.036803774,0,0,131.95,0.037276117,57.923,0.016363354,293.538,0.082925024,0,0,131.184,0.037059721,270.298,0.076359681,0,0,299.298,0.084552235,622.309,0.175803435,398.342,0.112532346,0,0,1150.084,0.324900842,0,0,0,0,138.383,0.039093452,0,0,10.585,0.002990282,0,0,0,0,2692.477,0.760629697,811.416,0.22922651,303.25,0.085668682,501.551,0.141689078,2227.917,0.629390644,297.385,0.084011809,171.699,0.048505283,0,0,252.992,0.071470705,68.055,0.019225662,248.559,0.070218374,302.134,0.08535341,229.329,0.064785864,1.116,0.000315272,0,0,0,0,2187.076,0.617852986,0,0,171.699,0.048505283,0,0,0,0,40.841,0.011537657,0,0,0,0,0,0,156.910983,0.044327641,349.912461,0.098850913,2794.410706,0.789426156,83.457769,0.023576973,175.01503,0.049442067,12.466166,0.003521715,29.961851,0.008464278,80.26302,0.022674451,0,0,0,0,26.095654,0.00737207,0,0
24,South Central,S_Chubu,2588481,FUJI KAWA,SHIMIZUBATA,2179.1,35.5281,138.4539,35.5271,138.4521,0.2,1004.487605,12.28631228,50.2243803,0.744,1564.171714,0.717806303,0.000341425,0.54119923,3.689240532,10.11649807,1.996614124,36.35022132,14.92113667,3.192156853,0.000171585,5.351247943,0.435731104,0.051003684,10.73980083,1.645732591,13244.35265,151.7627737,47.09945255,95.67290146,20.83987226,20873.0187,146.122719,117.776,0.054048001,0,0,340.943,0.156460465,130.278,0.059785232,140.943,0.064679455,775.446,0.355856087,18.028,0.00827314,0,0,354.984,0.162903951,69.085,0.031703456,0,0,72.637,0.033333486,0,0,0,0,164.28,0.075388922,0,0,0,0,0,0,117.776,0.054048001,505.223,0.231849387,43.802,0.020100959,18.028,0.00827314,97.141,0.044578496,141.714,0.065033271,1130.429,0.51875958,130.278,0.059785232,0,0,10.694,0.004907531,57.923,0.026581157,233.039,0.106942775,0,0,122.92,0.056408609,270.298,0.124041118,0,0,270.184,0.123988803,486.286,0.223159102,357.916,0.164249461,0,0,378.408,0.173653343,0,0,0,0,0,0,0,0,10.585,0.00485751,0,0,0,0,1531.123,0.702640081,667.13,0.306149328,248.212,0.113905741,375.066,0.172119682,1170.797,0.537284659,266.734,0.12240558,130.446,0.059862328,0,0,147.936,0.067888578,68.055,0.031230783,227.129,0.104230646,247.249,0.113463815,198.679,0.091174797,0.964,0.000442384,0,0,0,0,1145.403,0.525631224,0,0,130.446,0.059862328,0,0,0,0,25.394,0.011653435,0,0,0,0,0,0,128.310387,0.058882285,289.197083,0.132714003,1602.00201,0.735166817,46.515251,0.021346084,155.28592,0.071261493,10.932336,0.005016904,24.948758,0.011449111,46.125516,0.021167232,0,0,0,0,15.527068,0.00712545,0,0
25,South Central,S_Chubu,2588482,FUJI KAWA,FUNAYAMA-BASHI,481.5,35.6958,138.4558,35.6979,138.4563,0.2,1202.282843,13.35385348,60.1141421,0,409.9656018,0.851434272,0,0.49811243,4.030556951,9.286940362,2.007670521,38.59003933,14.15117342,3.165397241,1.06E-05,4.40528425,0.469463486,0.015977358,9.952775643,1.657146928,13544.56673,137.4936015,33.73126143,83.76599634,24.14808044,20283.70567,146.2998172,0,0,0,0,195.762,0.406566978,4.307,0.008944964,0,0,179.886,0.373595016,8.439,0.01752648,0,0,57.028,0.118438214,27.512,0.05713811,0,0,29.809,0.061908619,0,0,0,0,22.516,0.046762201,0,0,0,0,0,0,0,0,218.278,0.45332918,0,0,8.439,0.01752648,0,0,57.314,0.119032191,236.913,0.492031153,4.307,0.008944964,0,0,10.694,0.022209761,16.858,0.035011423,28.561,0.059316719,0,0,98,0.203530633,147.974,0.307318795,0,0,32.636,0.067779855,17.459,0.036259605,48.929,0.101617861,0,0,114.342,0.237470405,0,0,0,0,0,0,0,0,10.585,0.021983385,0,0,0,0,393.722,0.817698858,132.317,0.274801661,19.908,0.041345794,141.695,0.294278297,253.374,0.526218069,76.571,0.159025961,34.492,0.071634476,0,0,78.753,0.163557632,0,0,62.942,0.130720665,19.908,0.041345794,76.571,0.159025961,0,0,0,0,0,0,249.453,0.518074766,0,0,34.492,0.071634476,0,0,0,0,3.921,0.008143302,0,0,0,0,0,0,50.879371,0.105668476,45.359843,0.094205281,429.110934,0.891196125,20.254821,0.042066087,22.551405,0.046835732,3.019669,0.006271379,3.573097,0.007420762,10.737482,0.022300066,0,0,0,0,2.862074,0.005944079,0,0
26,South Central,S_Chubu,2588483,FUEFUKI-GAWA,TORINKYO,916.3,35.5714,138.5239,35.5771,138.5146,1.1,938.7616753,12.24928489,8.53419705,0.444,644.9894823,0.703906452,0.000484557,0.56354086,3.552086554,10.78679842,2.001745897,36.52531331,15.61921737,3.251928048,1.45E-05,6.058715276,0.420912348,0.029288841,11.42830835,1.651954821,12714.52165,157.4505155,52.52783505,100.1938144,19.78762887,21259.38969,146.6226804,87.638,0.095643348,0,0,28.611,0.03122449,100.654,0.109848303,59.527,0.064964531,369.598,0.403359162,3.997,0.004362108,0,0,197.418,0.215451271,23.485,0.025630252,0,0,27.273,0.029764269,0,0,0,0,49.559,0.054085998,0,0,0,0,0,0,87.638,0.095643348,78.17,0.085310488,35.61,0.038862818,3.997,0.004362108,23.917,0.026101713,50.758,0.055394521,567.016,0.618810433,100.654,0.109848303,0,0,0,0,2.058,0.002245989,140.409,0.153234748,0,0,22.969,0.025067118,31.332,0.034194041,0,0,125.681,0.13716141,413.571,0.451348903,181.693,0.198289861,0,0,37.961,0.041428571,0,0,0,0,0,0,0,0,0,0,0,0,0,0,517.077,0.564309724,438.598,0.47866201,123.138,0.134386118,47.173,0.051482047,605.395,0.660695187,134.371,0.146645204,43.536,0.047512823,0,0,7.363,0.008035578,68.055,0.074271527,39.81,0.043446469,123.138,0.134386118,66.316,0.072373677,0,0,0,0,0,0,585.933,0.639455419,0,0,43.536,0.047512823,0,0,0,0,19.462,0.021239769,0,0,0,0,0,0,30.938571,0.033764674,155.921994,0.170164787,702.292483,0.766443832,14.033703,0.01531562,91.728768,0.10010779,5.005367,0.005462585,9.443654,0.010306291,20.90864,0.022818553,0,0,0,0,8.528513,0.009307555,0,0
27,South Central,Kanto,2588500,ARA KAWA,OASHI-BASHI,1019,36.0808,139.4417,36.0854,139.4396,0.5,678.1624291,14.4051162,13.5632486,1.693,799.0291311,0.784130649,0.001661433,0.53320174,3.995097284,11.74552635,2.13019283,43.16381904,16.54251219,3.494196115,0.00018075,7.058378488,0.465615914,0.041507578,12.21153501,1.775371824,14133.38792,163.0924062,56.41720037,105.5645014,16.97255261,18957.28179,134.8581885,106.841,0.104848871,32.338,0.031735034,36.539,0.035857704,15.181,0.014897939,26.613,0.026116781,593.718,0.582647694,0,0,0,0,118.64,0.11642787,28.664,0.028129539,0,0,50.43,0.049489696,0,0,0,0,41.695,0.040917566,1.179,0.001157017,0,0,32.338,0.031735034,106.841,0.104848871,78.234,0.07677527,26.613,0.026116781,0,0,0,0,79.094,0.077619235,712.358,0.699075564,15.181,0.014897939,1.179,0.001157017,484.244,0.475214917,0,0,156.119,0.153208047,0,0,10.837,0.010634936,0,0,70.28,0.068969578,74.404,0.073016683,0.103,0.000101079,0,0,111.575,0.109494603,144.744,0.142045142,0,0,0,0,0,0,0,0,2.554,0.002506379,0,0,111.575,0.109494603,932.345,0.914960746,10.94,0.010736016,100.238,0.098368989,0,0,820.504,0.805205103,106.89,0.104896958,27.226,0.026718351,0,0,0,0,3.38,0.003316977,0,0,87.038,0.085415113,103.51,0.10157998,13.221,0.012974485,0,0,0,0,802.354,0.787393523,0,0,27.226,0.026718351,0,0,0,0,18.15,0.01781158,0,0,0,0,0,0,42.028383,0.041244733,79.784608,0.078296966,896.702208,0.87998254,17.918434,0.017584332,63.746899,0.062558291,4.360018,0.004278722,18.145928,0.017807584,36.909406,0.036221203,0,0,0,0,14.990103,0.014710602,0,0
28,South Central,Kanto,2588501,ARA KAWA,YORII,905,36.1094,139.2008,36.1104,139.1979,0.3,770.9635545,15.25773308,25.6987852,1.693,785.4053165,0.867851178,0.001870718,0.52396453,4.059549229,11.31719265,2.127059804,43.94015036,16.11634026,3.488053123,0.000207786,6.6371242,0.468187462,0.039808812,11.80707071,1.773355562,14382.77919,157.1592357,50.09235669,99.58598726,18.9118896,18786.21762,135.3545648,67.526,0.074614365,32.297,0.035687293,27.922,0.030853039,1.32,0.001458564,0,0,591.613,0.653716022,0,0,0,0,117.829,0.13019779,28.664,0.031672928,0,0,50.43,0.055723757,0,0,0,0,0.025,2.76E-05,0,0,0,0,32.297,0.035687293,67.526,0.074614365,27.947,0.030880663,0,0,0,0,0,0,79.094,0.087396685,709.442,0.783913812,1.32,0.001458564,0,0,484.244,0.535076243,0,0,156.119,0.172507182,0,0,10.837,0.011974586,0,0,0.033,3.65E-05,14.903,0.016467403,0.103,0.000113812,0,0,105.634,0.116722652,143.975,0.159088398,0,0,0,0,0,0,0,0,2.554,0.002822099,0,0,105.634,0.116722652,801.829,0.885998895,10.94,0.012088398,21.814,0.024103867,0,0,820.504,0.906634254,61.823,0.068312707,14.262,0.015759116,0,0,0,0,3.38,0.003734807,0,0,21.814,0.024103867,58.443,0.064577901,0,0,0,0,0,0,802.354,0.886579006,0,0,14.262,0.015759116,0,0,0,0,18.15,0.020055249,0,0,0,0,0,0,6.791331,0.007504233,45.942699,0.050765413,872.102327,0.96364898,16.180611,0.017879128,30.436658,0.033631666,1.218549,0.001346463,9.490299,0.010486518,19.151543,0.021161926,0,0,0,0,9.569382,0.010573903,0,0
29,South Central,Kanto,2588550,TONE-GAWA,KURIHASHI,8588,36.14,139.7,36.1437,139.7021,0.5,613.127064,10.50753082,12.2625413,16.191,5326.556523,0.620232478,0.001885305,0.4916708,3.999311153,11.19419776,1.966344521,33.04697314,15.93482608,3.150011318,0.001407978,6.45999577,0.477524468,0.56493909,11.715016,1.627756735,14613.42473,159.7140597,58.39568264,104.9478978,43.25203436,19002.86709,134.5669078,66.784,0.007776432,3.147,0.000366442,2090.542,0.243425943,627.589,0.073077434,572.413,0.066652655,2236.072,0.260371681,47.668,0.005550536,0,0,1199.201,0.139636819,514.181,0.059872031,27.467,0.0031983,284.294,0.033103633,550.444,0.064094551,208.949,0.024330345,383.134,0.044612715,37.069,0.004316372,0,0,212.097,0.024696903,66.784,0.007776432,3051.587,0.355331509,291.057,0.033891127,47.668,0.005550536,281.356,0.032761528,798.473,0.092975431,3435.272,0.400008384,627.589,0.073077434,37.069,0.004316372,1721.188,0.200417792,1722.596,0.200581742,67.279,0.007834071,0,0,616.268,0.071759199,102.187,0.011898812,1183.489,0.137807289,1011.585,0.117790522,0,0,1067.289,0.124276782,219.651,0.025576502,862.003,0.100372962,0,0,282.418,0.032885189,0,0,19.166,0.002231719,17.937,0.002088612,0,0,219.651,0.025576502,6032.956,0.702486726,2640.448,0.307457848,1295.452,0.150844434,2624.125,0.305557173,3285.336,0.382549604,1395.111,0.162448882,292.702,0.034082673,38.869,0.004525966,619.855,0.072176875,615.541,0.071674546,2004.27,0.233380298,1125.198,0.131019795,767.032,0.089314392,170.254,0.019824639,11.337,0.001320098,0,0,3217.765,0.374681532,0,0,292.702,0.034082673,0,0,1.2,0.00013973,67.575,0.007868537,0,0,38.869,0.004525966,0,0,957.578101,0.111501875,978.217328,0.113905138,5543.528044,0.645496978,214.006291,0.024919223,893.785501,0.104073766,61.240487,0.007130937,203.708143,0.023720091,259.111418,0.030171334,0,0,0,0,155.329334,0.018086788,0,0
30,South Central,Kanto,2588552,TONE-GAWA,KAWAMATA,6018,36.19,139.51,36.1938,139.5104,0.4,734.1082519,10.71738419,18.3527063,14.16,3917.033475,0.650886254,0.002352941,0.48912409,3.937849463,10.65824678,1.926097031,31.87537415,15.40436538,3.074275913,0.001453214,5.879255369,0.484872945,0.636012503,11.15936466,1.601248099,14352.86518,152.9361461,51.34109279,97.97365018,55.46928548,18870.83511,135.6791141,25.9,0.004303755,3.147,0.000522931,1702.84,0.282957793,341.098,0.056679628,232.719,0.038670489,1410.004,0.234297773,47.668,0.007920904,0,0,592.435,0.098443835,459.551,0.076362745,11.475,0.00190678,272.768,0.045325357,550.297,0.091441841,208.949,0.034720671,263.413,0.043770854,5.867,0.000974909,0,0,212.097,0.035243769,25.9,0.004303755,2528.025,0.420077268,66.961,0.011126786,47.668,0.007920904,165.758,0.027543702,732.317,0.12168777,2002.44,0.332741775,341.098,0.056679628,5.867,0.000974909,465.033,0.077273679,1587.645,0.263816052,67.279,0.011179628,0,0,404.724,0.067252243,102.187,0.016980226,758.477,0.126034729,363.167,0.060346793,0,0,1030.546,0.171243935,219.651,0.036499003,862.003,0.143237454,0,0,275.139,0.045719342,0,0,19.166,0.003184779,0,0,0,0,219.651,0.036499003,3648.691,0.606296278,2286.674,0.379972416,484.076,0.080438019,2532.662,0.42084779,1925.242,0.319913925,991.836,0.164811565,219.882,0.036537388,27.411,0.004554835,612.933,0.10184995,500.055,0.08309322,1919.729,0.31899784,421.92,0.070109671,479.243,0.079634929,62.156,0.010328348,11.337,0.001883848,0,0,1892.293,0.31443885,0,0,219.882,0.036537388,0,0,1.2,0.000199402,32.954,0.005475906,0,0,27.411,0.004554835,0,0,433.004559,0.071951572,807.471067,0.134175983,4139.845061,0.687910445,157.157201,0.026114523,549.694215,0.091341677,34.802532,0.005783073,132.539612,0.022023864,146.148553,0.024285236,0,0,0,0,90.418044,0.0150246,0,0
31,South Central,Kanto,2588553,TONE-GAWA,FUTTO,5986,36.24,139.39,36.2396,139.3854,0.4,757.0694694,10.72054757,18.9267367,14.16,3916.28887,0.654241375,0.00236552,0.48493699,3.957340557,10.52774904,1.919060799,31.88715268,15.27731365,3.064499623,0.001499334,5.740533829,0.484936536,0.644383336,11.02075619,1.595206168,14427.50542,151.3536972,49.76347855,96.41712569,57.13036221,18820.27391,135.7738274,23.624,0.003946542,3.147,0.000525727,1702.84,0.284470431,287.423,0.04801587,147.798,0.024690611,1410.004,0.235550284,47.668,0.007963248,0,0,592.435,0.098970097,459.551,0.076770966,11.475,0.001916973,272.768,0.045567658,550.297,0.091930672,208.949,0.034906281,219.626,0.036689943,3.799,0.000634648,0,0,212.097,0.035432175,23.624,0.003946542,2484.238,0.415008019,19.621,0.003277815,47.668,0.007963248,128.177,0.021412797,732.317,0.122338289,2002.44,0.334520548,287.423,0.04801587,3.799,0.000634648,465.033,0.077686769,1587.645,0.265226362,67.279,0.011239392,0,0,404.724,0.067611761,102.187,0.017070999,667.292,0.111475443,267.563,0.044698129,0,0,1030.546,0.172159372,219.651,0.03669412,862.003,0.144003174,0,0,275.139,0.045963749,0,0,19.166,0.003201804,0,0,0,0,219.651,0.03669412,3461.902,0.578333111,2286.674,0.382003675,339.006,0.056633144,2532.662,0.423097561,1925.242,0.321624123,950.328,0.158758436,219.882,0.03673271,19.073,0.003186268,612.933,0.10239442,460.096,0.076862011,1919.729,0.320703141,322.243,0.053832776,477.695,0.079802038,16.763,0.002800368,11.337,0.001893919,0,0,1892.293,0.316119779,0,0,219.882,0.03673271,0,0,1.2,0.000200468,32.954,0.005505179,0,0,19.073,0.003186268,0,0,338.844982,0.056606245,792.361906,0.132369179,4138.338802,0.691336252,156.647891,0.026169043,482.629799,0.080626428,32.109751,0.005364141,120.432616,0.020119047,130.881549,0.021864609,0,0,0,0,88.972873,0.014863494,0,0
32,North Central,Kanto,2588554,TONE-GAWA,YATTAJIMA,5150,36.26,139.2,36.2604,139.2021,0.2,838.6332005,11.20478277,41.93166,14.114,3829.619884,0.743615511,0.002740583,0.47059028,4.035331815,10.03420554,1.898987944,31.97904092,14.7888161,3.03250571,0.001640815,5.224662595,0.488482064,0.692948783,10.52481789,1.579899975,14740.31488,145.6411031,44.09369097,90.80770684,63.72988289,18571.94635,135.8787306,19.79,0.003842718,3.147,0.000611068,1375.67,0.267120388,196.09,0.038075728,71.405,0.013865049,1360.342,0.264144078,47.668,0.009255922,0,0,562.324,0.109189126,459.551,0.089233204,0,0,247.51,0.048060194,537.732,0.104413981,207.085,0.04021068,150.683,0.029258835,0,0,0,0,210.233,0.040821942,19.79,0.003842718,2064.085,0.400793204,5.663,0.001099612,47.668,0.009255922,65.741,0.012765243,707.058,0.137292816,1922.665,0.37333301,196.09,0.038075728,0,0,457.679,0.088869709,1575.307,0.305884854,67.279,0.013063883,0,0,404.724,0.078587184,102.187,0.019842136,300.43,0.058335922,178.264,0.034614369,0,0,849.729,0.164995922,184.268,0.035780194,853.253,0.165680194,0,0,270.383,0.052501553,0,0,19.166,0.003721553,0,0,0,0,184.268,0.035780194,2808.821,0.545402136,2269.58,0.440695146,190.563,0.037002524,2372.031,0.460588544,1904.428,0.369791845,608.935,0.118239806,185.331,0.035986602,11.88,0.002306796,503.36,0.097739806,339.169,0.065858058,1868.671,0.362848738,189.087,0.036715922,257.228,0.049947184,1.476,0.000286602,11.337,0.002201359,0,0,1871.479,0.363393981,0,0,185.331,0.035986602,0,0,1.2,0.00023301,32.953,0.006398641,0,0,11.88,0.002306796,0,0,209.121265,0.040606071,558.693581,0.10848419,4031.030868,0.78272444,152.400206,0.029592273,307.37584,0.059684629,26.178808,0.005083264,88.757582,0.017234482,100.819097,0.019576524,0,0,0,0,77.430187,0.015034988,0,0
33,North Central,Kanto,2588555,TONE-GAWA,IWAMOTO,1691.9,36.6,139.05,36.5979,139.0479,0.3,1104.852432,13.8933129,36.8284144,9.732,1453.295081,0.858972209,0.005752113,0.42470373,4.180862473,8.41732333,1.775627875,31.1189141,13.00103055,2.866083869,0.001149081,3.619858849,0.449610682,0.809496307,8.940266494,1.424127873,15800.94151,122.4162844,24.76949541,69.51662844,122.1748853,17376.90138,134.9736239,0,0,3.147,0.001860039,381.465,0.225465453,0,0,0,0,499.071,0.294976653,38.841,0.022957031,0,0,137.844,0.0814729,343.978,0.203308706,0,0,86.666,0.051224068,102.816,0.060769549,82.733,0.048899462,4.11,0.002429222,0,0,0,0,85.88,0.050759501,0,0,488.392,0.288664815,0,0,38.841,0.022957031,0,0,430.643,0.254532183,636.915,0.376449554,0,0,0,0,21.963,0.012981264,575.147,0.339941486,14.263,0.008430167,0,0,400.344,0.236623914,99.924,0.059060228,0,0,4.277,0.002527927,0,0,73.166,0.043244873,0,0,253.796,0.150006502,0,0,230.353,0.136150482,0,0,19.166,0.011328093,0,0,0,0,0,0,467.388,0.276250369,1225.01,0.724043974,5.092,0.003009634,514.318,0.303988415,1031.892,0.609901294,141.966,0.083909214,0,0,0,0,25.992,0.01536261,0,0,488.325,0.288625214,4.239,0.002505467,130.629,0.077208464,0.853,0.000504167,11.337,0.006700751,0,0,1026.646,0.606800638,0,0,0,0,0,0,0,0,5.246,0.003100656,0,0,0,0,0,0,30.731155,0.018163695,102.845499,0.060786984,1553.541803,0.918223183,63.780286,0.037697432,23.608139,0.013953626,4.833684,0.002856956,23.362127,0.01380822,26.241413,0.015510026,0,0,0,0,5.688249,0.003362048,0,0
34,North Central,Kanto,2588558,OMOI-GAWA,OTOME,760,36.26,139.75,36.2604,139.7479,0.2,311.2359498,8.512391036,15.5617975,0,440.7262584,0.579902972,0,0.42931758,4.654682809,12.13831146,1.998337157,41.78039803,16.97811002,3.304883927,2.31E-06,7.380124681,0.429346894,0.11462091,12.72061467,1.643531535,16537.51094,175.4190372,73.41794311,120.2308534,13.08533917,18831.0558,129.845733,18.201,0.023948684,0,0,233.035,0.306625,67.512,0.088831579,33.542,0.044134211,241.461,0.317711842,0,0,0,0,236.799,0.311577632,0,0,14.426,0.018981579,0,0,0,0,0,0,17.188,0.022615789,0.945,0.001243421,0,0,0,0,18.201,0.023948684,264.649,0.348222368,6.277,0.008259211,0,0,27.265,0.035875,0,0,478.26,0.629289474,67.512,0.088831579,0.945,0.001243421,357.519,0.470419737,16.428,0.021615789,0,0,0,0,78.397,0.103153947,0,0,257.199,0.338419737,150.174,0.197597368,0,0,0,0,0,0,0,0,0,0,5.916,0.007784211,0,0,0,0,0,0,0,0,0,0,764.893,1.006438158,100.741,0.132553947,150.69,0.198276316,0,0,408.845,0.537953947,237.868,0.312984211,68.215,0.089756579,0,0,0,0,24,0.031578947,0,0,147.586,0.194192105,213.868,0.281405263,3.104,0.004084211,0,0,0,0,404.386,0.532086842,0,0,68.215,0.089756579,0,0,0,0,4.459,0.005867105,0,0,0,0,0,0,179.271176,0.235883126,85.74157,0.112817855,503.999187,0.663156825,5.680027,0.00747372,111.78873,0.147090434,13.571451,0.017857172,26.40636,0.034745211,21.494242,0.028281897,0,0,0,0,25.147749,0.033089143,0,0
35,North Central,Kanto,2588559,WATARASE-GAWA,FUJIOKA,1209.5,36.25,139.66,36.2396,139.6396,2.2,496.4283468,11.39521447,2.25649249,2.031,843.7193743,0.697576994,0.001679206,0.49610852,4.129684491,11.69389662,2.048771653,36.81075971,16.48794639,3.342468967,4.18E-06,6.937014149,0.444524561,0.110403799,12.18210216,1.711408977,15153.38426,164.6960249,67.43102104,112.6944661,21.05455963,19565.32346,134.7318784,0,0,0,0,119.803,0.099051674,85.287,0.070514262,119.878,0.099113683,506.751,0.41897561,0,0,0,0,288.982,0.238926829,54.631,0.045168251,0,0,11.526,0.009529558,0.147,0.000121538,0,0,38.321,0.03168334,9.499,0.007853659,0,0,0,0,0,0,158.271,0.130856552,51.711,0.042754031,0,0,68.166,0.056358826,66.156,0.054696982,795.734,0.657903266,85.287,0.070514262,9.499,0.007853659,717.809,0.593475816,113.25,0.093633733,0,0,0,0,133.147,0.110084332,0,0,60.358,0.049903266,172.799,0.142868127,0,0,36.743,0.030378669,0,0,0,0,0,0,1.362,0.001126085,0,0,0,0,10.398,0.008596941,0,0,0,0,998.108,0.825223646,247.759,0.20484415,267.76,0.221380736,91.464,0.075621331,804.595,0.665229434,77.445,0.064030591,4.605,0.003807358,0,0,6.922,0.005723026,44.636,0.036904506,84.541,0.069897478,255.028,0.210854072,32.809,0.027126085,12.732,0.010526664,0,0,0,0,775.516,0.641187267,0,0,4.605,0.003807358,0,0,0,0,29.079,0.024042166,0,0,0,0,0,0,136.339643,0.112723971,46.281493,0.03826498,902.0657,0.745817032,45.059385,0.037254556,150.374543,0.124327857,4.937652,0.004082391,28.152383,0.02327605,34.540955,0.028558045,0,0,0,0,20.142579,0.016653641,0,0
36,North Central,Kanto,2588560,KARASU GAWA,IWAHANA,1220.8,36.29,139.08,36.2896,139.0771,0.3,539.9919009,9.288723001,17.99973,1.56,831.5126084,0.681121075,0.001277851,0.54936989,3.661891368,11.35283578,2.011732866,33.90308521,16.26291727,3.264936785,0.00057262,6.52178923,0.468014555,0.076797611,11.84105172,1.662003714,13457.1874,169.9517885,63.10730949,111.9043546,15.32270607,19965.7465,137.1640747,0,0,0,0,215.186,0.176266383,66.642,0.054588794,37.925,0.031065695,472.171,0.386771789,0,0,0,0,216.593,0.177418906,0,0,0,0,5.009,0.004103047,132.719,0.108714777,0,0,117.451,0.096208224,0,0,0,0,0,0,0,0,465.355,0.381188565,3.928,0.003217562,0,0,33.997,0.027848132,5.009,0.004103047,688.764,0.564190695,66.642,0.054588794,0,0,159.051,0.13028424,276.91,0.226826671,16.303,0.013354358,0,0,4.38,0.003587811,0,0,110.598,0.090594692,41.84,0.034272608,0,0,133.585,0.109424148,106.895,0.087561435,416.164,0.340894495,0,0,0,0,0,0,0,0,0,0,0,0,106.895,0.087561435,877.541,0.718824541,281.289,0.230413663,104.921,0.085944463,573.655,0.469900885,300.035,0.245769168,109.965,0.09007618,177.883,0.14571019,0,0,85.37,0.069929554,68.742,0.056308978,488.285,0.39997133,104.921,0.085944463,40.022,0.032783421,0,0,0,0,0,0,284.348,0.232919397,0,0,177.883,0.14571019,0,0,1.2,0.000982962,15.687,0.012849771,0,0,0,0,0,0,64.370597,0.052728209,170.620536,0.139761252,921.609337,0.754922458,13.331287,0.010920124,100.720074,0.082503337,9.989727,0.008182935,22.483897,0.018417347,22.986167,0.018828774,0,0,0,0,37.953444,0.031088994,0,0
37,North Central,Kanto,2588561,AGATSUMA GAWA,MURAKAMI,1239,36.5478,138.925,36.5521,138.9229,0.5,1055.683913,10.09929799,21.1136783,1.004,1011.493785,0.816379165,0.000810331,0.4346884,4.232773898,9.002431421,1.839937733,35.36369376,13.96394657,2.950392085,0.001211595,3.991117247,0.494622882,0.342533555,9.584407131,1.473707969,15757.10547,130.33125,31.68828125,78.3109375,70.7953125,17616.17813,135.1828125,0,0,0,0,679.132,0.548129136,0,0,0,0,78.556,0.063402744,8.827,0.007124294,0,0,139.451,0.112551251,107.339,0.086633575,0,0,121.194,0.097815981,97.204,0.078453592,10.376,0.008374496,8.035,0.006485069,0,0,0,0,10.376,0.008374496,0,0,784.371,0.633067797,0,0,8.827,0.007124294,0,0,228.534,0.184450363,218.008,0.175954802,0,0,0,0,0,0,682.666,0.550981437,0,0,0,0,0,0,0,0,0,0,0,0,0,0,358.694,0.289502825,0,0,181.135,0.146194512,0,0,28.461,0.022970944,0,0,0,0,0,0,0,0,0,0,539.828,0.435696529,711.127,0.573952381,19.098,0.015414044,979.793,0.790793382,190.729,0.153937853,61.337,0.049505246,0,0,0,0,238.562,0.192543987,0,0,741.231,0.598249395,18.475,0.014911219,61.337,0.049505246,0.623,0.000502825,0,0,0,0,190.729,0.153937853,0,0,0,0,0,0,0,0,0,0,0,0,0,0,0,0,21.150984,0.017071012,124.692961,0.100640001,1079.280916,0.871090328,63.751722,0.051454174,18.444768,0.014886818,1.738748,0.001403348,15.619305,0.01260638,13.111756,0.010582531,0,0,0,0,17.258387,0.013929287,0,0
38,Tohoku,N_Tohoku,2588600,MABECHI-GAWA,KEN-YOSHI,1751.1,40.44,141.35,40.4438,141.3479,0.5,439.0003589,7.3723184,8.78000718,0,1432.050109,0.817800302,0,0.51774728,3.44918028,8.483936828,1.785803716,27.49451414,13.93477845,3.015816244,0.000148601,3.112498417,0.398356972,0.480776,8.770444026,1.368209327,12083.68279,125.3650713,30.55346232,77.64562118,74.43686354,15699.88187,121.76222,0,0,0,0,912.02,0.520826909,93.739,0.053531494,39.518,0.022567529,429.564,0.245310947,0,0,0,0,117.316,0.066995603,36.346,0.020756096,72.652,0.04148935,79.325,0.045300097,37.117,0.021196391,0,0,0,0,0,0,0,0,0,0,0,0,1021.789,0.583512649,15.815,0.009031466,0,0,23.703,0.013536063,115.671,0.066056193,546.88,0.31230655,93.739,0.053531494,0,0,416.563,0.237886471,240.257,0.137203472,0,0,0,0,24.694,0.014101993,0,0,0,0,8.046,0.004594826,0,0,549.909,0.31403632,0,0,505.309,0.288566615,0,0,72.819,0.041584718,0,0,0,0,0,0,0,0,0,0,1479.826,0.845083662,337.77,0.192890183,167.053,0.095398892,661.136,0.37755468,646.625,0.369267889,107.992,0.06167095,234.791,0.134082006,0,0,7.563,0.004318999,11.526,0.006582148,642.043,0.366651248,167.053,0.095398892,96.445,0.055076809,0,0,0.021,1.20E-05,11.53,0.006584433,572.29,0.326817429,0,0,234.791,0.134082006,0,0,0,0,74.335,0.04245046,0,0,0,0,0,0,79.658585,0.045490597,230.121291,0.131415277,1511.984276,0.863448276,50.369216,0.028764329,43.866018,0.02505055,7.137423,0.004075965,36.21136,0.020679207,9.506184,0.005428693,0,0,0,0,0.473565,0.000270439,0,0
39,North Central,S_Tohoku,2588610,NARUSE GAWA,NODA-BASHI,707,38.52,141.06,38.5271,141.0604,0.8,277.207022,6.116485356,3.46508778,0,442.2313914,0.62550409,0,0.4454627,4.077108861,10.14386501,1.816199903,34.7847105,14.92344855,3.087734923,3.31E-06,5.206460975,0.38099954,0.559744944,10.47952599,1.418908659,14151.63592,144.3468635,55.94710947,98.23124231,93.13899139,16248.41697,122.1377614,27.144,0.038393211,0,0,248.25,0.351131542,28.487,0.040292786,39.906,0.05644413,192.616,0.272441301,0,0,0,0,89.078,0.125994342,25.182,0.035618105,12.05,0.017043847,22.548,0.031892504,0,0,0,0,27.939,0.03951768,36.755,0.05198727,0,0,0,0,27.144,0.038393211,288.239,0.407693069,31.864,0.045069307,0,0,8.042,0.011374823,47.73,0.067510608,281.694,0.398435644,28.487,0.040292786,36.755,0.05198727,0,0,177.186,0.25061669,0,0,0,0,4.961,0.007016973,95.308,0.134806223,0,0,130.722,0.184896747,0,0,0,0,0,0,289.038,0.408823197,0,0,52.738,0.074594059,0,0,0,0,0,0,0,0,0,0,515.069,0.728527581,234.884,0.332226308,141.753,0.200499293,67.426,0.095369165,388.142,0.548998586,119.177,0.168567185,33.456,0.047321075,0,0,67.426,0.095369165,0,0,0,0,108.901,0.154032532,118.71,0.167906648,32.853,0.046468175,0.466,0.000659123,0,0,388.142,0.548998586,0,0,33.456,0.047321075,0,0,0,0,0,0,0,0,0,0,0,0,184.305142,0.260686198,30.906963,0.043715648,506.791432,0.716819564,14.360613,0.020312041,38.084422,0.053867641,1.480514,0.002094079,46.848728,0.066264113,14.632914,0.020697191,0,0,0,0,2.517315,0.003560559,0,0
40,North Central,S_Tohoku,2588652,ABUKUMA GAWA,FUSHIGURO,3663.4,37.8256,140.5242,37.8312,140.5229,0.6,446.9383525,5.734865456,7.44897254,2.481,2029.825313,0.554082359,0.00067724,0.50290709,3.850659979,10.84769266,1.936524189,33.30635388,15.8335559,3.205809431,0.000163267,5.728633629,0.434926719,0.49585266,11.34581169,1.557027894,13359.75313,153.197925,57.89358872,102.5594573,32.63766959,17368.64884,127.8699122,156.287,0.042661735,95.504,0.026069771,1022.38,0.279079544,377.351,0.103005678,171.815,0.04690042,1064.439,0.290560408,0,0,0,0,633.15,0.17283125,53.5,0.01460392,0,0,38.752,0.010578151,0,0,0,0,13.686,0.003735874,35.189,0.009605558,0,0,95.504,0.026069771,156.287,0.042661735,1036.066,0.282815417,106.934,0.029189824,0,0,64.881,0.017710597,92.252,0.025182071,1697.589,0.463391658,377.351,0.103005678,35.189,0.009605558,47.024,0.012836163,155.462,0.042436534,0,0,59.215,0.016163946,1297.815,0.354265164,419.67,0.114557515,0,0,465.274,0.12700606,6.114,0.001668941,328.088,0.089558334,6.948,0.001896599,520.671,0.142127805,24.905,0.006798329,333.899,0.091144565,0,0,0,0,3.825,0.001044112,0,0,66.163,0.018060545,1784.552,0.487129989,1818.195,0.496313534,680.98,0.185887427,480.586,0.131185784,1401.901,0.382677567,296.827,0.081025004,808.316,0.220646394,8.888,0.002426161,148.658,0.040579243,93.325,0.025474969,331.928,0.09060654,680.627,0.185791068,177.979,0.04858301,0.354,9.66E-05,24.414,0.006664301,0,0,1329.521,0.362919965,0,0,808.316,0.220646394,0,0,0,0,72.38,0.019757602,0,0,8.888,0.002426161,1.11,0.000302997,634.290369,0.173142537,500.473069,0.136614366,2212.658638,0.603990456,82.055023,0.022398598,272.770886,0.074458395,30.792682,0.008405493,77.550852,0.021169092,62.136874,0.016961531,0,0,0,0,29.821889,0.008140495,0,0
41,North Central,S_Tohoku,2588653,ABUKUMA GAWA,MOTOMIYA,2283.5,37.5122,140.4094,37.5146,140.4062,0.4,432.0562899,4.643657686,10.8014072,2.48,1159.540555,0.507790915,0.001086052,0.53234358,3.733425203,11.13198172,1.987464929,32.80613627,16.08010739,3.273797983,0.000149401,6.034205664,0.444890716,0.33178222,11.63813226,1.607016154,13211.75887,156.1714408,60.19196238,105.083369,30.40572894,17650.06327,128.6994442,120.08,0.052585943,73.141,0.032030217,575.861,0.25218349,261.385,0.114466827,102.583,0.044923582,737.151,0.322816291,0,0,0,0,361.795,0.1584388,6.091,0.002667397,0,0,13.681,0.005991242,0,0,0,0,13.686,0.005993431,13.084,0.005729801,0,0,73.141,0.032030217,120.08,0.052585943,589.548,0.258177359,60.899,0.026669148,0,0,41.684,0.018254434,19.772,0.008658638,1098.946,0.481255091,261.385,0.114466827,13.084,0.005729801,47.024,0.020592949,55.642,0.024366981,0,0,59.215,0.025931684,728.029,0.318821546,391.716,0.171541931,0,0,308.676,0.135176702,0,0,80.074,0.035066346,6.948,0.003042698,276.327,0.121010291,9.595,0.004201883,313.231,0.137171447,0,0,0,0,3.825,0.00167506,0,0,66.163,0.028974381,1107.642,0.48506328,1106.498,0.484562295,560.585,0.24549376,128.239,0.056158966,821.951,0.359952266,148.274,0.064932779,621.254,0.272062185,0,0,45.697,0.020011824,12.232,0.005356689,82.541,0.036146705,560.232,0.245339172,110.52,0.048399387,0.354,0.000155025,24.414,0.010691482,0,0,749.711,0.328316619,0,0,621.254,0.272062185,0,0,0,0,72.24,0.031635647,0,0,0,0,1.11,0.000486096,507.409002,0.222206701,286.883139,0.12563308,1290.66802,0.565214811,43.474455,0.019038518,179.411531,0.078568658,17.468492,0.007649876,52.755685,0.023102993,36.481312,0.015976051,0,0,0,0,26.099469,0.01142959,0,0
42,North Central,S_Tohoku,2588654,ABUKUMA GAWA,SUKAGAWA,910.2,37.2978,140.3933,37.2979,140.3938,0,444.3793691,3.968272849,#DIV/0!,0.875,443.3230141,0.487061101,0.000961327,0.5261876,3.839851471,11.3937522,2.020482222,34.23252866,16.29141392,3.311867431,0.000319417,6.374955001,0.449746259,0.228902875,11.93202387,1.648035789,13740.48089,157.6995754,60.44373673,105.3673036,22.37579618,17723.80255,128.8471338,18.424,0.020241705,0,0,338.478,0.371872116,109.264,0.120043946,26.958,0.029617666,254.034,0.279096902,0,0,0,0,115.692,0.127106131,3.82,0.00419688,0,0,9.494,0.010430675,0,0,0,0,0,0,6.891,0.007570864,0,0,0,0,18.424,0.020241705,338.478,0.371872116,17.3,0.019006812,0,0,9.658,0.010610855,13.314,0.014627554,369.726,0.406203032,109.264,0.120043946,6.891,0.007570864,44.777,0.049194682,28.96,0.031817183,0,0,58.408,0.064170512,234.163,0.257265436,202.837,0.222848824,0,0,128.748,0.141450231,0,0,37.561,0.041266755,6.948,0.007633487,28.154,0.030931663,0,0,114.262,0.125535047,0,0,0,0,0,0,0,0,65.356,0.071803999,442.079,0.485694353,377.386,0.414618765,208.018,0.22854098,58.438,0.064203472,304.458,0.334495715,98.229,0.107920237,215.678,0.236956713,0,0,15.103,0.016593056,12.232,0.013438805,43.335,0.047610415,208.018,0.22854098,61.584,0.067659855,0,0,24.414,0.026822676,0,0,239.259,0.262864206,0,0,215.678,0.236956713,0,0,0,0,65.199,0.07163151,0,0,0,0,0,0,195.358786,0.214632813,122.261872,0.134324184,556.185498,0.611058556,10.796654,0.011861848,53.891568,0.05920849,2.945185,0.003235756,24.268934,0.026663298,15.637926,0.017180758,0,0,0,0,18.649246,0.020489174,0,0
43,Tohoku,N_Tohoku,2588700,KITAKAMI GAWA,TOME,7869.4,38.66,141.29,38.6604,141.2854,0.4,404.6787787,7.445259514,10.1169695,21,5594.124432,0.710870515,0.002668564,0.4094308,4.199147049,9.036682416,1.71926015,30.35891394,14.02611347,2.880315105,0.002308902,3.952407686,0.405999216,0.828958504,9.338973796,1.317617182,14947.61113,132.1754449,40.69437478,85.23969903,85.87555237,15352.71372,120.2686015,99.005,0.01258101,151.617,0.019266653,2927.788,0.37204717,296.546,0.037683432,547.629,0.069589676,1894.894,0.240792691,65.197,0.008284876,5.471,0.000695225,727.979,0.092507561,729.288,0.092673901,55.158,0.007009175,326.929,0.041544336,99.006,0.012581137,5.75,0.000730678,84.567,0.010746308,37.349,0.004746105,0,0,157.367,0.019997331,104.476,0.013276235,3166.519,0.40238379,387.531,0.049245305,65.197,0.008284876,160.098,0.020344372,1056.217,0.134218238,2622.873,0.333300252,296.546,0.037683432,37.349,0.004746105,1727.606,0.219534653,534.836,0.067964013,61.395,0.007801738,0,0,994.077,0.126321829,0,0,0,0,722.282,0.091783618,10.187,0.001294508,1178.246,0.149725011,111.94,0.014224719,2333.458,0.296522988,12.963,0.001647267,183.675,0.023340407,0,0,193.587,0.02459997,10.04,0.001275828,0,0,111.94,0.014224719,6033.027,0.766643836,1929.324,0.245167865,1282.68,0.162995908,1170.405,0.14872862,3938.534,0.500487204,657.966,0.083610695,1026.286,0.130414771,13.447,0.001708771,267.946,0.034049102,129.777,0.016491346,877.221,0.111472412,1233.557,0.156753628,523.017,0.066462119,32.051,0.004072865,5.173,0.000657356,25.239,0.003207233,3561.951,0.452633111,17.072,0.002169416,1026.286,0.130414771,0,0,0,0,376.583,0.047854093,0,0,13.447,0.001708771,0,0,1233.295809,0.156720437,541.183568,0.068770626,5598.626206,0.711442576,297.88988,0.037854205,313.542634,0.039843271,33.457967,0.004251654,229.332527,0.029142314,146.601694,0.018629336,0,0,0,0,21.216423,0.002696066,0,0
44,Tohoku,N_Tohoku,2588701,KITAKAMI GAWA,OIZUMI,7800,38.76,141.27,38.7604,141.2729,0.3,412.0576284,7.485944479,13.7352543,21,5466.230367,0.700798765,0.002692308,0.40342885,4.237354113,8.99465824,1.709470915,30.36733485,13.99164227,2.873146839,0.002493276,3.90203427,0.400313021,0.85279209,9.301424089,1.304043685,15032.72752,131.5703259,40.23009066,84.74025974,87.73180593,15277.71539,120.1221514,92.096,0.011807179,146.766,0.018816154,2838.08,0.36385641,270.409,0.034667821,521.803,0.066897821,1888.194,0.242076154,65.197,0.00835859,5.471,0.00070141,702.434,0.090055641,729.288,0.093498462,55.158,0.007071538,326.929,0.041913974,99.006,0.012693077,5.75,0.000737179,84.567,0.010841923,24.478,0.003138205,0,0,152.515,0.019553205,97.567,0.01250859,3076.811,0.394462949,367.422,0.047105385,65.197,0.00835859,154.381,0.019792436,1056.217,0.135412436,2590.628,0.332131795,270.409,0.034667821,24.478,0.003138205,1622.187,0.207972692,534.836,0.068568718,34.124,0.004374872,0,0,994.077,0.127445769,0,0,0,0,682.226,0.087464872,10.187,0.001306026,1178.246,0.151057179,111.94,0.014351282,2318.041,0.297184744,12.963,0.001661923,183.675,0.023548077,0,0,193.587,0.024818846,0,0,0,0,111.94,0.014351282,5834.824,0.748054359,1929.324,0.247349231,1207.23,0.154773077,1170.405,0.150051923,3864.842,0.495492564,657.676,0.084317436,976.565,0.125200641,10.558,0.00135359,267.946,0.034352051,129.777,0.016638077,877.221,0.112464231,1190.158,0.152584359,522.727,0.067016282,0,0,5.173,0.000663205,25.239,0.003235769,3489.535,0.447376282,17.072,0.002188718,976.565,0.125200641,0,0,0,0,375.307,0.048116282,0,0,10.558,0.00135359,0,0,1183.47094,0.151727044,531.139137,0.068094761,5465.534671,0.700709573,297.387673,0.038126625,304.418379,0.039027997,32.915368,0.004219919,227.845715,0.029210989,139.838313,0.017927989,0,0,0,0,21.216423,0.002720054,0,0
45,Tohoku,N_Tohoku,2588702,KITAKAMI GAWA,KOZENJI,7065,38.95,141.17,38.9521,141.1729,0.3,440.5202151,7.740779086,14.6840072,20.998,4730.054835,0.669505284,0.002972116,0.3898387,4.309516302,8.794916563,1.680016244,30.75267732,13.82255209,2.849406292,0.002367661,3.671708549,0.384947439,0.867782037,9.124078891,1.274068642,15292.93691,129.0462831,38.24437482,82.60096839,95.56878382,15102.55511,119.9326403,68.193,0.009652229,32.01,0.004530786,2485.843,0.35185322,200.911,0.028437509,420.666,0.059542251,1658.976,0.234816136,65.197,0.009228167,5.471,0.000774381,566.105,0.080128096,678.498,0.096036518,55.158,0.007807219,296.681,0.041993064,99.006,0.014013588,5.75,0.000813871,84.567,0.011969851,23.053,0.003262987,0,0,37.76,0.005344657,73.664,0.01042661,2724.575,0.38564402,284.257,0.040234536,65.197,0.009228167,136.409,0.019307714,975.179,0.138029582,2225.081,0.314944232,200.911,0.028437509,23.053,0.003262987,1289.509,0.182520736,504.068,0.071347205,8.606,0.001218117,0,0,725.276,0.102657608,0,0,0,0,610.135,0.086360226,10.187,0.001441897,1178.246,0.166772258,79.664,0.011275867,1973.807,0.279378202,9.801,0.001387261,183.675,0.025997877,0,0,193.587,0.027400849,0,0,0,0,79.664,0.011275867,5060.303,0.71624954,1626.594,0.230232696,1047.05,0.148202406,1059.518,0.149967162,3571.021,0.505452371,596.453,0.084423638,492.452,0.069703043,2.96,0.000418967,255.785,0.036204529,95.079,0.013457749,778.494,0.110190234,1029.978,0.145785987,498.951,0.07062293,0,0,2.422,0.000342817,25.239,0.003572399,3221.645,0.456000708,17.072,0.002416419,492.452,0.069703043,0,0,0,0,349.376,0.049451663,0,0,2.96,0.000418967,0,0,1006.338154,0.142439937,422.830637,0.059848639,4711.072394,0.666818456,274.976171,0.038920902,264.043854,0.037373511,28.485616,0.004031934,209.857232,0.029703784,123.837395,0.017528294,0,0,0,0,19.43173,0.002750422,0,0
46,Tohoku,N_Tohoku,2588703,KITAKAMI GAWA,SAKURAGI-BASHI,6006,39.16,141.16,39.1604,141.1646,0.4,463.4164604,7.941346204,11.5854115,20.998,4410.078429,0.734278793,0.00349617,0.38035946,4.394738627,8.639115792,1.671580423,30.98134632,13.69044841,2.844367483,0.002369358,3.497629964,0.382310439,0.889655219,8.937590938,1.258019568,15481.49278,127.3295543,36.60195683,81.08495108,100.4075167,15043.55179,119.9975151,68.193,0.011354146,2.833,0.000471695,2266.331,0.377344489,173.622,0.028908092,339.999,0.05660989,1531.235,0.254950882,65.197,0.010855311,0,0,527.698,0.087861805,678.498,0.11297003,39.031,0.006498668,283.609,0.047220946,89.436,0.014891109,5.75,0.000957376,69.022,0.011492174,23.053,0.003838328,0,0,8.582,0.001428904,68.193,0.011354146,2463.82,0.41022644,235.503,0.039211289,65.197,0.010855311,104.495,0.017398435,962.108,0.160191142,2058.933,0.342812687,173.622,0.028908092,23.053,0.003838328,1274.396,0.212187146,501.7,0.083533134,8.606,0.0014329,0,0,679.553,0.113145688,0,0,0,0,521.639,0.08685298,10.187,0.001696137,1096.096,0.182500167,0.116,1.93E-05,1712.674,0.285160506,0,0,183.675,0.030581918,0,0,193.587,0.032232268,0,0,0,0,0.116,1.93E-05,4613.412,0.768133866,1568.702,0.261189144,933.94,0.155501166,1059.518,0.176409923,3393.004,0.564935731,490.35,0.081643357,305.417,0.050851981,0,0,255.785,0.042588245,82.34,0.013709624,778.494,0.129619381,916.868,0.152658675,405.588,0.06753047,0,0,2.422,0.000403263,25.239,0.004202298,3050.493,0.507907592,17.072,0.002842491,305.417,0.050851981,0,0,0,0,342.511,0.057028139,0,0,0,0,0,0,844.522197,0.140613086,396.990538,0.066098991,4385.596514,0.73020255,263.047717,0.043797489,231.183938,0.038492164,24.323632,0.004049889,198.306064,0.033017993,108.044838,0.017989484,0,0,0,0,17.422937,0.002900922,0,0
47,Tohoku,N_Tohoku,2588704,KITAKAMI GAWA,OTOKOYAMA,5458.7,39.26,141.13,39.2604,141.1229,0.6,478.8080351,8.10945403,7.98013392,20.311,4002.548478,0.733242068,0.003720849,0.38263801,4.365458761,8.572096077,1.67039046,30.92224078,13.6418528,2.846705461,0.001906608,3.414474484,0.380851341,0.862407347,8.875650872,1.258767333,15510.08702,126.1826316,34.99192982,79.87035088,99.89754386,15050.07298,120.1796491,63.483,0.011629692,2.833,0.000518988,2038.962,0.373525198,125.836,0.023052375,281.57,0.051581878,1399.064,0.256299852,46.878,0.008587759,0,0,486.204,0.089069559,595.455,0.109083665,35.591,0.006520051,236.863,0.043391833,73.409,0.013448074,5.75,0.001053364,42.925,0.007863594,23.053,0.004223167,0,0,8.582,0.001572169,63.483,0.011629692,2190.887,0.401356916,197.012,0.036091377,46.878,0.008587759,84.558,0.015490501,832.319,0.152475681,1885.268,0.34536941,125.836,0.023052375,23.053,0.004223167,1230.833,0.225480975,438.252,0.08028505,8.606,0.001576566,0,0,615.735,0.112798835,0,0,0,0,469.482,0.086006192,10.187,0.001866195,945.587,0.173225676,0,0,1384.931,0.253710774,0,0,181.322,0.033217066,0,0,187.105,0.034276476,0,0,0,0,0,0,4039.441,0.74000055,1432.601,0.262443622,827.408,0.151576016,953.711,0.174713943,3202.322,0.586645538,352.379,0.064553648,136.221,0.024954843,0,0,255.785,0.046858226,72.872,0.013349699,672.687,0.123232088,810.336,0.148448532,277.084,0.050760071,0,0,2.422,0.000443695,25.239,0.004623628,2864.79,0.524811768,17.072,0.003127485,136.221,0.024954843,0,0,0,0,337.532,0.06183377,0,0,0,0,0,0,660.954121,0.121082698,346.817013,0.063534727,3982.180254,0.729510736,240.176866,0.043998913,190.568975,0.034911055,20.959734,0.003839693,184.760674,0.03384701,91.409992,0.016745744,0,0,0,0,15.715362,0.002878957,0,0
48,Tohoku,N_Tohoku,2588705,KITAKAMI GAWA,ASAHI-BASHI,4228.6,39.38,141.13,39.3812,141.1312,0.2,487.3119394,7.811756432,24.365597,16.396,3198.794109,0.756466469,0.003877406,0.41013057,4.064717393,8.458667213,1.667064851,30.13837393,13.58375706,2.846183923,0.001254333,3.249866472,0.374670572,0.598929623,8.743492786,1.251486792,14463.85801,125.8316017,33.41212121,79.23419913,79.33008658,15290.85368,120.9002165,51.668,0.012218701,2.833,0.000669962,1897.054,0.448624604,83.517,0.019750508,212.025,0.050140709,1015.417,0.240130776,46.878,0.011085939,0,0,423.284,0.10010027,436.59,0.103246938,31.333,0.007409781,103.961,0.024585206,73.409,0.017360119,5.75,0.001359788,0,0,18.82,0.004450646,0,0,8.582,0.002029513,51.668,0.012218701,2001.796,0.473394504,154.392,0.036511375,46.878,0.011085939,57.633,0.013629334,540.551,0.127832143,1438.701,0.340231046,83.517,0.019750508,18.82,0.004450646,1230.833,0.291073405,400.214,0.094644563,8.606,0.002035189,0,0,606.59,0.143449369,0,0,0,0,408.231,0.096540463,0,0,802.551,0.189791184,0,0,642.407,0.151919548,0,0,130.168,0.030782765,0,0,187.105,0.044247505,0,0,0,0,0,0,3092.628,0.731359788,1324.077,0.313124202,595.124,0.140737833,896.163,0.211929007,2531.84,0.5987419,299.377,0.070798136,94.201,0.022277113,0,0,255.785,0.060489287,72.872,0.017233127,615.139,0.145471078,578.051,0.136700326,224.082,0.052992007,0,0,2.422,0.000572766,25.239,0.005968642,2207.791,0.522109209,17.072,0.00403727,94.201,0.022277113,0,0,0,0,324.049,0.076632692,0,0,0,0,0,0,511.153763,0.120880141,326.084713,0.077114107,3169.741568,0.749595982,208.651418,0.049342907,155.959461,0.036882056,17.730291,0.004192946,172.952791,0.040900722,66.90489,0.015821995,0,0,0,0,13.761113,0.003254295,0,0
49,Tohoku,N_Tohoku,2588706,KITAKAMI GAWA,FUNADA-BASHI,1078.5,39.83,141.16,39.8312,141.1562,0.3,586.755315,6.44499441,19.5585105,5.015,811.4693576,0.752405524,0.004649977,0.43465198,3.839613162,7.677963764,1.668895467,28.96326362,13.02760185,2.8750717,0.00048923,2.26347956,0.366850494,0.569522278,7.992066565,1.245349477,13261.62407,117.0871369,21.77925311,70.41161826,84.71618257,15454.56515,122.4058091,0,0,0,0,665.799,0.617337969,8.118,0.007527121,0,0,161.922,0.1501363,8.15,0.007556792,0,0,65.198,0.06045248,95.943,0.088959666,17.125,0.015878535,24.495,0.0227121,58.752,0.054475661,5.75,0.005331479,0,0,4.598,0.004263329,0,0,5.75,0.005331479,0,0,741.676,0.687692165,0,0,8.15,0.007556792,0,0,120.438,0.111671766,227.12,0.210588781,8.118,0.007527121,4.598,0.004263329,408.287,0.378569309,235.632,0.218481224,0,0,0,0,59.521,0.055188688,0,0,0,0,98.096,0.090955957,0,0,314.222,0.29135095,0,0,0.038,3.52E-05,0,0,0.053,4.91E-05,0,0,0,0,0,0,0,0,0,0,820.641,0.760909597,295.207,0.273719981,33.806,0.031345387,556.008,0.515538248,444.714,0.412344924,81.322,0.075402874,0,0,0,0,142.601,0.132221604,53.403,0.049515994,388.168,0.359914696,33.806,0.031345387,25.497,0.023641168,0,0,2.422,0.002245712,25.239,0.023401947,314.68,0.291775614,0,0,0,0,0,0,0,0,130.034,0.120569309,0,0,0,0,0,0,99.916305,0.092643769,132.56586,0.122916885,823.369747,0.763439728,73.557366,0.068203399,24.471629,0.02269043,3.605834,0.003343379,40.635874,0.03767814,11.993164,0.011120226,0,0,0,0,6.879917,0.006379153,0,0
50,Tohoku,N_Tohoku,2588707,SARUGAISHI GAWA,YASUNO,959.9,39.39,141.16,39.3854,141.1562,0.6,516.7699938,8.804116852,8.61283323,2.828,764.6709805,0.796615252,0.00294614,0.49073989,3.568811505,8.964999017,1.751358155,31.49500997,14.07386455,2.941941013,0.000104969,3.836883206,0.379545305,0.229030975,9.277508,1.32227782,13302.2973,127.6312741,35.70656371,80.32818533,53.94305019,15248.33205,120.8880309,14.5,0.01510574,0,0,586.656,0.611163663,6.591,0.00686634,35.969,0.037471612,120.275,0.12529951,28.043,0.029214502,0,0,76.604,0.079804146,71.25,0.074226482,0,0,6.422,0.00669028,0,0,0,0,0,0,0,0,0,0,0,0,14.5,0.01510574,586.656,0.611163663,7.743,0.008066465,28.043,0.029214502,28.226,0.029405146,77.672,0.080916762,196.88,0.205104698,6.591,0.00686634,0,0,234.186,0.243969163,0,0,8.606,0.008965517,0,0,483.021,0.503199292,0,0,0,0,71.861,0.074863007,0,0,0,0,0,0,81.853,0.085272424,0,0,0,0,0,0,71.545,0.074533806,0,0,0,0,0,0,396.506,0.413070111,554.566,0.577733097,73.459,0.076527763,0,0,787.051,0.819930201,65.624,0.068365455,24.938,0.02597979,0,0,0,0,18.906,0.019695802,0,0,73.459,0.076527763,46.719,0.048670695,0,0,0,0,0,0,706.943,0.736475675,0,0,24.938,0.02597979,0,0,0,0,80.108,0.083454527,0,0,0,0,0,0,86.039723,0.089634048,55.963471,0.058301355,770.445439,0.80263094,52.285046,0.054469263,16.377319,0.017061485,3.468989,0.003613907,65.242636,0.067968159,14.357709,0.014957505,0,0,0,0,0,0,0,0
51,North Central,S_Tohoku,2588709,EAI GAWA,ARAO,405,38.58,140.98,38.5854,140.9812,0.6,392.2707518,8.925204609,6.53784586,0.873,335.5157807,0.828434027,0.002155556,0.38408145,4.523257501,9.405381247,1.737299288,34.04760411,14.1670923,2.968193256,5.21E-05,4.482489964,0.388302247,0.809519059,9.745066618,1.347724221,17143.05814,134.7286822,49.82364341,90.81976744,84.44573643,15284.91085,120.1899225,15.199,0.037528395,0,0,112.923,0.278822222,20.397,0.050362963,25.74,0.063555556,170.454,0.420874074,0,0,0,0,38.435,0.094901235,17.091,0.0422,4.568,0.011279012,32.816,0.08102716,0,0,0,0,0,0,6.447,0.015918519,0,0,0,0,15.199,0.037528395,117.491,0.290101235,8.851,0.021854321,0,0,16.889,0.041701235,49.858,0.123106173,208.888,0.51577284,20.397,0.050362963,6.447,0.015918519,0,0,35.009,0.086441975,0,0,0,0,19.981,0.049335802,36.028,0.088958025,0,0,32.044,0.079120988,0,0,1.682,0.004153086,0,0,255.352,0.630498765,0,0,68.351,0.168767901,0,0,0,0,0,0,0,0,0,0,325.106,0.802730864,123.341,0.304545679,80.272,0.198202469,19.622,0.048449383,277.413,0.68497037,29.599,0.073083951,41.541,0.10257037,0,0,19.622,0.048449383,0,0,0,0,73.877,0.182412346,24.519,0.060540741,0.696,0.001718519,5.081,0.012545679,0,0,277.413,0.68497037,5.699,0.014071605,41.541,0.10257037,0,0,0,0,0,0,0,0,0,0,0,0,60.009348,0.14817123,14.491844,0.035782331,408.520612,1.008692869,7.921279,0.019558714,21.487525,0.053055617,2.261937,0.00558503,8.228388,0.020317007,14.614434,0.036085022,0,0,0,0,2.459362,0.006072499,0,0
52,South Central,S_Chubu,2588800,KANO GAWA,TOKURA,568,35.09,138.9,35.0938,138.9021,0.5,355.7485912,8.41977445,7.11497182,0.041,363.1511609,0.639350635,7.22E-05,0.34994437,6.882369035,14.71238908,2.40844631,69.70906891,19.16804094,3.654169531,0,10.34181892,0.654360518,0.036752303,15.18762088,2.158528313,25872.60878,181.4332724,99.40219378,136.6453382,9.248628885,18284.59415,130.738574,0,0,0,0,214.1,0.37693662,16.559,0.029153169,33.737,0.059396127,102.617,0.180663732,0,0,0,0,118.153,0.208015845,0,0,0,0,0,0,0.714,0.001257042,0,0,31.676,0.055767606,5.642,0.009933099,0,0,0,0,0,0,246.491,0.433963028,19.125,0.033670775,0,0,14.613,0.025727113,0,0,220.771,0.388681338,16.559,0.029153169,5.642,0.009933099,0,0,297.08,0.523028169,0,0,0,0,0,0,0,0,0,0,37.863,0.066660211,99.646,0.175433099,14.753,0.025973592,0,0,75.373,0.132698944,0,0,0,0,0,0,0,0,0,0,0,0,0,0,127.988,0.225330986,396.726,0.698461268,62.475,0.109991197,380.654,0.670165493,25.696,0.045239437,55.889,0.098396127,0,0,0,0,13.174,0.023193662,40.582,0.071447183,367.48,0.646971831,62.475,0.109991197,15.307,0.026948944,0,0,0,0,0,0,25.696,0.045239437,0,0,0,0,0,0,0,0,0,0,0,0,0,0,0,0,37.316892,0.065698754,40.735877,0.071718093,416.907098,0.73399137,13.204796,0.02324788,51.623307,0.090886104,1.465415,0.002579956,8.372187,0.014739766,6.739693,0.011865657,0,0,0.2847,0.000501232,18.435481,0.032456833,0,0
53,South Central,Kinki,2589351,KINO KAWA,MITANI,1048.9,34.29,135.53,34.2938,135.5229,0.8,548.9356583,12.44702023,6.86169573,1.683,904.8655615,0.862680486,0.001604538,0.44820607,5.236145142,13.22423496,2.346872044,47.99893656,17.74453752,3.645371911,0,8.84934507,0.539240467,0.184209608,13.78692694,2.048682923,17578.51013,172.8881057,70.67929515,117.8176211,0,16182.8696,127.6643172,41.061,0.039146725,51.113,0.048730098,11.27,0.01074459,30.454,0.029034226,15.552,0.014826962,607.748,0.579414625,33.079,0.031536848,14.89,0.014195824,288.569,0.275115836,0,0,0,0,20.234,0.019290685,0,0,0,0,0,0,0,0,0,0,51.113,0.048730098,55.952,0.053343503,11.27,0.01074459,0,0,33.079,0.031536848,15.552,0.014826962,20.234,0.019290685,896.317,0.85453046,30.454,0.029034226,0,0,452.434,0.431341405,8.41,0.008017924,151.084,0.144040423,0,0,99.431,0.0947955,93.753,0.08938221,0,0,24.181,0.023053675,0,0,0,0,284.679,0.271407188,0,0,0,0,0,0,0,0,0,0,0,0,0,0,284.679,0.271407188,721.451,0.68781676,107.841,0.102813424,61.809,0.058927448,0,0,929.695,0.886352369,61.758,0.058878825,60.709,0.05787873,0,0,0,0,8.899,0.008484126,0,0,60.927,0.058086567,52.858,0.050393746,0.882,0.000840881,0,0,0,0,901.037,0.859030413,0,0,60.709,0.05787873,0,0,0,0,28.658,0.027321956,0,0,0,0,0,0,51.078186,0.048696907,75.081215,0.071580909,1019.85863,0.972312546,12.233207,0.011662892,35.99627,0.034318114,2.804799,0.002674039,14.545144,0.013867045,20.560797,0.019602247,0,0,0,0,6.893506,0.006572129,0,0
54,South Central,Kinki,2589360,YAMATO GAWA,KASHIWARA,962,34.58,135.62,34.5812,135.6188,0.2,210.1948336,6.236815945,10.5097417,0.162,387.1931903,0.402487724,0.000168399,0.66541561,3.647583871,14.27957975,2.427159249,33.4619823,18.87833789,3.645060556,0,9.719763954,0.622615421,0.038613295,14.80017761,2.11309826,13498.667,194.7611336,96.19534413,141.8076923,0,18035.24494,130.7368421,96.54,0.10035343,336.178,0.34945738,3.955,0.004111227,271.44,0.282162162,77.375,0.080431393,79.133,0.082258836,0,0,7.454,0.007748441,88.559,0.092057173,0,0,0,0,0,0,0,0,0,0,0,0,0,0,0,0,336.178,0.34945738,103.994,0.108101871,3.955,0.004111227,69.954,0.072717256,0,0,7.422,0.007715177,0,0,167.692,0.174316008,271.44,0.282162162,0,0,0,0,19.732,0.020511435,30.891,0.032111227,0,0,413.763,0.430107069,122.844,0.127696466,0,0,285.117,0.296379418,0,0,0,0,0,0,89.988,0.09354262,6.672,0.006935551,0,0,0,0,0,0,0,0,0,0,0,0,528.841,0.549730769,440.166,0.457553015,308.928,0.321130977,0,0,321.508,0.3342079,110.484,0.114848233,228.087,0.237096674,0,0,0,0,22.648,0.02354262,0,0,307.443,0.319587318,87.836,0.091305613,1.485,0.001543659,0,0,0,0,293.558,0.305153846,0,0,228.087,0.237096674,0,0,0,0,27.95,0.029054054,0,0,0,0,0,0,207.754348,0.215960861,45.691267,0.04749612,464.99013,0.483357723,19.924846,0.020711898,239.060406,0.248503541,9.857139,0.010246506,45.709142,0.047514701,27.648349,0.028740488,0,0,0.021213,2.21E-05,13.870199,0.014418086,0,0
55,South Central,N_Chubu,2589390,KUZURYU GAWA,NAKATSUNO,1239.6,36.1,136.21,36.1021,136.2104,0.2,698.7436995,14.93024808,34.937185,9.98,1099.17788,0.886719813,0.008050984,0.27827366,7.045797211,10.58951734,1.9606598,45.3267137,15.26477153,3.169033868,4.26E-05,5.977519815,0.494340904,1.173206369,11.36117516,1.607727935,27533.98065,147.1614583,54.15327381,97.7797619,117.859375,16006.33036,128.1190476,0,0,12.145,0.009797515,74.086,0.059766054,59.319,0.04785334,83.451,0.06732091,766.824,0.618606002,72.01,0.05809132,5.387,0.004345757,131.865,0.106377057,14.791,0.011932075,0,0,91.172,0.073549532,0,0,0,0,0,0,0,0,0,0,12.145,0.009797515,5.387,0.004345757,74.086,0.059766054,43.113,0.034779768,72.01,0.05809132,40.338,0.032541142,105.963,0.085481607,898.689,0.724983059,59.319,0.04785334,0,0,233.279,0.188188932,240.099,0.193690707,246.156,0.19857696,24.382,0.019669248,50.174,0.04047596,57.178,0.04612617,0,0,136.466,0.110088738,0,0,0,0,0,0,210.287,0.169641013,0,0,115.984,0.093565666,0,0,0,0,0,0,0,0,24.382,0.019669248,883.367,0.71262262,406.257,0.327732333,153.864,0.124123911,0,0,1033.377,0.833637464,124.262,0.100243627,0,0,2.505,0.002020813,0,0,58.148,0.04690868,0,0,153.864,0.124123911,54.641,0.044079542,0,0,4.746,0.003828654,0,0,1015.32,0.819070668,0,0,0,0,0,0,6.726,0.005425944,18.057,0.014566796,0,0,2.505,0.002020813,0,0,109.615408,0.088428048,2.708216,0.00218475,1210.31712,0.976377154,27.307053,0.022028923,35.321707,0.028494439,1.1138,0.000898516,16.247167,0.013106782,37.738613,0.030444186,0,0,0,0,1.23904,0.000999548,0,0
56,South Central,Kinki,2589410,YURA-GAWA,FUKUCHIYAMA,1344.3,35.3,135.13,35.3021,135.1312,0.3,305.4871381,9.801272598,10.1829046,1.084,1119.957293,0.833115594,0.000806368,0.5117857,4.587894181,13.39622549,2.348018641,38.02918474,18.11733532,3.63310145,0.000481179,8.8320386,0.608099687,0.450579455,13.92508035,2.046666462,16895.83684,177.9274837,79.51486584,123.7106599,38.862219,15165.8992,121.37781,15.092,0.011226661,57.652,0.042886261,13.074,0.009725508,92.216,0.068597783,43.958,0.032699546,687.622,0.511509336,2.148,0.001597858,2.402,0.001786804,433.427,0.322418359,0,0,0,0,2.025,0.00150636,0,0,0,0,0,0,0,0,0,0,57.652,0.042886261,17.493,0.01301272,13.074,0.009725508,2.504,0.001862679,2.148,0.001597858,41.454,0.030836867,2.025,0.00150636,1121.048,0.833926951,92.216,0.068597783,0,0,1062.834,0.790622629,0,0,16.991,0.012639292,0,0,0,0,0,0,0,0,153.847,0.114443949,0,0,0,0,0,0,0,0,116.457,0.086630216,0,0,0,0,0,0,0,0,0,0,0,0,1233.672,0.917705869,116.457,0.086630216,178.459,0.132752362,0,0,1085.672,0.807611396,85.997,0.063971584,0,0,0,0,0,0,6.976,0.005189318,0,0,178.459,0.132752362,79.022,0.05878301,0,0,0,0,0,0,1072.281,0.797650078,0,0,0,0,0,0,0,0,13.391,0.009961318,0,0,0,0,0,0,142.518697,0.106017033,25.617501,0.019056387,1214.213336,0.903230928,14.473533,0.010766595,36.07317,0.026834166,6.839776,0.005087983,15.943688,0.011860216,20.696299,0.015395595,0,0,0,0,5.576707,0.00414841,0,0
57,South Central,Kinki,2589420,MARUYAMA-GAWA,FUICHIBA,837,35.48,134.8,35.4813,134.7896,1,396.1088034,12.83527314,3.96108803,0,707.9872786,0.845862937,0,0.47048959,4.75877284,12.91510884,2.23895306,38.2240309,17.77093418,3.498944535,0.000167125,8.232399377,0.606842397,0.629959989,13.50260553,1.968940563,18026.03226,170.7304147,72.46658986,116.9193548,82.72695853,14207.49194,119.1670507,0,0,118.787,0.141919952,60.208,0.071933094,64.175,0.07667264,2.238,0.002673835,392.453,0.468880526,0,0,8.876,0.01060454,192.411,0.22988172,0,0,0,0,8.633,0.010314217,0,0,0,0,0,0,0,0,0,0,118.787,0.141919952,8.876,0.01060454,60.208,0.071933094,2.238,0.002673835,0,0,0,0,8.633,0.010314217,584.864,0.698762246,64.175,0.07667264,0,0,89.616,0.1070681,129.765,0.155035842,13.686,0.016351254,0,0,113.961,0.136154122,0,0,0,0,13.216,0.015789725,21.977,0.02625687,0,0,0,0,136.107,0.162612903,108.081,0.129129032,158.832,0.189763441,0,0,62.54,0.074719235,0,0,0,0,0,0,252.625,0.301821983,595.156,0.711058542,93.142,0.111280765,0,0,724.16,0.865185185,30.479,0.036414576,0,0,0,0,0,0,13.072,0.015617682,0,0,93.142,0.111280765,16.541,0.019762246,0,0,0.866,0.001034648,0,0,706.793,0.844436081,0,0,0,0,0,0,0,0,17.367,0.020749104,0,0,0,0,0,0,65.80352,0.078618303,13.679644,0.016343661,794.936035,0.949744367,11.323499,0.013528673,24.003088,0.028677524,2.194636,0.002622026,9.316275,0.011130556,11.074926,0.013231692,0,0,0,0,1.877793,0.00224348,0,0
58,North Central,N_Chubu,2589500,SHINANO GAWA,OJIYA,9719,37.31,138.81,37.3146,138.8063,0.6,973.6180593,12.38103945,16.2269677,13.313,7336.092952,0.75481973,0.001369791,0.41331116,4.510554877,9.036253465,1.864262655,29.58600868,13.72962348,2.96789109,0.006537601,4.156338822,0.513927813,1.525540582,9.700171117,1.527440698,16737.6104,135.447839,33.05108818,81.03504649,105.0037805,17647.74323,135.4224992,129.17,0.013290462,212.346,0.021848544,2181.295,0.224436156,396.92,0.040839593,406.982,0.041874884,3601.111,0.37052279,137.965,0.01419539,7.726,0.000794938,1269.5,0.130620434,824.756,0.084860171,16.297,0.001676819,397.925,0.040942998,0,0,0,0,73.456,0.007557979,5.933,0.000610454,0,0,212.346,0.021848544,136.896,0.0140854,2271.048,0.233670954,171.135,0.017608293,137.965,0.01419539,235.847,0.024266591,1222.675,0.125802552,4870.611,0.501143225,396.92,0.040839593,5.933,0.000610454,1092.891,0.112448914,1642.685,0.169017903,227.08,0.023364544,0,0,979.479,0.100779813,725.851,0.074683712,0,0,837.692,0.086191172,31.052,0.003194979,1121.83,0.115426484,0,0,2974.564,0.30605659,0,0,113.027,0.011629489,0,0,0,0,0,0,0,0,0,0,6979.908,0.718171417,2766.243,0.284622183,1116.106,0.114837535,2205.987,0.226976747,5280.658,0.543333471,934.349,0.096136331,160.824,0.016547381,48.597,0.005000206,455.937,0.046911925,119.398,0.012285009,1722.906,0.177271942,1110.557,0.114266591,634.989,0.065334808,5.55,0.000571046,27.646,0.002844531,27.144,0.00279288,5238.641,0.539010289,0,0,160.824,0.016547381,0,0,152.316,0.015671983,42.018,0.004323284,0,0,48.597,0.005000206,0,0,857.613839,0.088240955,618.306145,0.063618288,7553.191414,0.77715726,292.939951,0.030140956,475.18734,0.048892617,36.585418,0.003764319,170.469272,0.017539795,188.819381,0.019427861,0,0,0,0,47.666212,0.004904436,0,0
59,North Central,N_Chubu,2589501,SHINANO GAWA,IWASAWA,8126,37.24,138.81,37.2479,138.8063,0.9,1048.149696,12.20113017,11.6461077,10.556,6090.46857,0.749503885,0.00129904,0.46002136,4.064783336,8.809894037,1.869887149,30.25360084,13.60694794,2.973809967,0.003841111,3.853262764,0.514142518,0.968131944,9.493007415,1.523367661,14994.02323,133.9074434,29.85940161,78.86548285,79.86852347,18192.15386,137.9080516,129.17,0.01589589,203.492,0.025042087,1959.666,0.24115998,354.388,0.043611617,373.034,0.045906227,2865.098,0.352584051,87.163,0.010726434,7.726,0.000950775,943.591,0.116119985,761.925,0.093763844,16.297,0.002005538,337.204,0.041496923,0,0,0,0,73.456,0.009039626,5.933,0.000730126,0,0,203.492,0.025042087,136.896,0.016846665,2049.419,0.252205144,149.529,0.018401304,87.163,0.010726434,223.505,0.027504922,1099.124,0.135260153,3808.689,0.468704036,354.388,0.043611617,5.933,0.000730126,888.375,0.109325006,1511.745,0.186038026,226.448,0.027867093,0,0,691.67,0.085118139,685.389,0.084345188,0,0,661.817,0.081444376,31.052,0.003821314,1121.83,0.138054393,0,0,2276.603,0.280162811,0,0,102.04,0.012557224,0,0,0,0,0,0,0,0,0,0,5860.461,0.721198745,2336.506,0.28753458,939.027,0.115558331,2194.873,0.270104972,4044.307,0.497699606,820.309,0.100948683,153.753,0.018921117,45.069,0.005546271,452.217,0.055650628,95.213,0.011717081,1722.906,0.212023874,933.477,0.114875338,545.134,0.067085159,5.55,0.000682993,27.646,0.003402166,19.751,0.002430593,4002.29,0.49252892,0,0,153.753,0.018921117,0,0,152.316,0.018744278,42.018,0.00517081,0,0,45.069,0.005546271,0,0,694.602489,0.085479017,604.644146,0.074408583,6298.150418,0.775061582,213.574519,0.02628286,435.875577,0.053639623,27.812413,0.003422645,150.986741,0.018580697,151.541348,0.018648948,0,0,0,0,46.238441,0.005690185,0,0
60,North Central,N_Chubu,2589505,UONO GAWA,HORINOUCHI,1408,37.24,138.933,37.2396,138.9354,0.2,632.9205076,14.27111412,31.6460254,2.757,1126.354133,0.799967424,0.001958097,0.26687762,6.822546162,9.984237155,1.820784914,35.86947061,14.50011143,3.006161468,0.007737954,5.275868192,0.420524545,2.590557776,10.36986619,1.460138563,25684.18366,140.672486,47.11522346,89.81075419,243.0865922,14840.61522,123.0384078,0,0,0,0,175.583,0.124703835,40.263,0.028595881,22.837,0.01621946,660.034,0.468774148,50.802,0.036080966,0,0,293.552,0.208488636,62.83,0.04462358,0,0,60.721,0.04312571,0,0,0,0,0,0,0,0,0,0,0,0,0,0,175.583,0.124703835,16.333,0.011600142,50.802,0.036080966,6.504,0.004619318,123.552,0.08775,953.586,0.677262784,40.263,0.028595881,0,0,204.516,0.145252841,130.941,0.092997869,0.632,0.000448864,0,0,287.81,0.204410511,38.13,0.027080966,0,0,135.143,0.095982244,0,0,0,0,0,0,558.924,0.396963068,0,0,10.526,0.007475852,0,0,0,0,0,0,0,0,0,0,937.346,0.665728693,429.276,0.304883523,150.567,0.10693679,11.114,0.007893466,1122.309,0.79709446,82.632,0.0586875,0,0,0,0,3.721,0.002642756,24.186,0.017177557,0,0,150.567,0.10693679,58.447,0.041510653,0,0,0,0,7.393,0.00525071,1122.309,0.79709446,0,0,0,0,0,0,0,0,0,0,0,0,0,0,0,0,139.796289,0.099287137,6.645881,0.004720086,1194.750814,0.848544612,78.179606,0.055525288,29.345424,0.02084192,6.814384,0.004839761,19.837785,0.014089336,26.922219,0.019120894,0,0,0,0,1.427771,0.001014042,0,0
61,Tohoku,N_Tohoku,2589600,IWAKI GAWA,GOSHOGAWARA,1740.3,40.8075,140.4406,40.8062,140.4396,0.2,351.4537605,9.012536796,17.572688,5.693,940.6564673,0.540513973,0.003271275,0.36592901,4.765502601,9.082122375,1.743835663,33.48253744,14.20254672,2.866912121,0.003497892,4.243776844,0.451657777,1.140258095,9.48749715,1.315034225,15476.78971,126.1797967,39.92947903,81.68106734,151.3506989,14436.41487,117.6200762,1.348,0.000774579,0,0,136.517,0.078444521,39.251,0.022554157,4.576,0.002629432,384.283,0.220814227,0,0,0,0,189.847,0.109088663,30.794,0.01769465,0,0,55.079,0.031649141,0,0,0,0,0,0,0,0,0,0,0,0,1.348,0.000774579,136.517,0.078444521,0,0,0,0,4.576,0.002629432,85.873,0.049343791,574.13,0.32990289,39.251,0.022554157,0,0,41.595,0.023901052,55.123,0.031674424,0,0,0,0,24.664,0.014172269,20.916,0.012018617,0,0,28.906,0.01660978,0,0,61.662,0.035431822,0,0,343.968,0.197648681,0,0,264.861,0.152192725,0,0,0,0,0,0,0,0,0,0,497.047,0.285609952,344.648,0.198039418,54.912,0.03155318,113.567,0.06525714,595.154,0.341983566,78.062,0.044855485,0,0,0,0,0,0,0,0,113.567,0.06525714,54.912,0.03155318,33.27,0.019117394,0,0,44.791,0.025737517,0,0,595.154,0.341983566,0,0,0,0,0,0,0,0,0,0,0,0,0,0,0,0,24.231563,0.013923785,21.143054,0.012149086,852.591214,0.489910483,25.381865,0.014584764,7.454923,0.0042837,1.271897,0.000730849,3.97035,0.002281417,14.22946,0.008176441,0,0,0,0,1.394009,0.000801016,0,0
62,Tohoku,N_Tohoku,2589610,KOYOSHI GAWA,TODOROKI-BASHI,937,39.37,140.07,39.3729,140.0687,0.3,334.4222877,7.315196332,11.1474096,0,700.4135112,0.747506415,0,0.30011401,6.529520922,9.816243919,1.959600709,36.56593526,14.7630875,3.177063619,0.014431112,5.021643366,0.525280376,2.157031986,9.843250026,1.55307628,22722.19008,141.1766529,50.92975207,94.35123967,121.143595,14329.3874,118.1239669,0,0,0,0,422.404,0.450804696,80.845,0.086280683,96.801,0.103309498,248.366,0.265065101,0.638,0.000680896,0,0,274.801,0.293277481,106.383,0.113535752,0,0,202.96,0.21660619,0,0,0,0,0,0,6.372,0.006800427,0,0,0,0,0,0,422.404,0.450804696,46.791,0.049937033,0.638,0.000680896,50.01,0.053372465,309.343,0.330141942,523.167,0.558342583,80.845,0.086280683,6.372,0.006800427,93.143,0.09940555,126.691,0.135209178,0,0,0,0,0,0,0,0,0,0,267.376,0.285353255,0,0,402.905,0.429994664,0,0,498.993,0.532543223,0,0,57.054,0.060890075,0,0,0,0,0,0,0,0,0,0,1262.416,1.347295624,183.745,0.196099253,309.686,0.330508004,366.667,0.391320171,706.568,0.754074707,52.037,0.055535752,10.318,0.01101174,0.884,0.000943436,185.963,0.198466382,0,0,151.36,0.16153682,309.686,0.330508004,52.037,0.055535752,0,0,0,0,29.343,0.031315902,698.216,0.745161153,0,0,10.318,0.01101174,0,0,0,0,8.352,0.008913554,0,0,0.884,0.000943436,0,0,156.084039,0.166578483,223.31521,0.23833,1013.905966,1.082076805,51.134593,0.054572671,82.065052,0.087582766,5.275775,0.005630496,17.861104,0.019062011,28.826207,0.030764362,0,0,0,0,3.573546,0.003813816,0,0
63,Tohoku,S_Tohoku,2589620,AKA GAWA,HAMANAKA,695.1,38.84,139.82,38.8396,139.8187,0.1,467.833885,12.37247651,46.7833885,2.796,650.4370731,0.935746041,0.004022443,0.24276201,7.930194526,9.810633419,1.925150002,43.88748462,14.59508257,3.186012301,0.015687083,5.192715994,0.552288612,2.861499709,9.855075358,1.534345054,25836.2666,135.4989293,47.55139186,91.43147752,222.1573876,14138.70664,119.2087794,2.297,0.00330456,0,0,75.13,0.108085168,58.011,0.083457057,70.973,0.102104733,562.461,0.809179974,2.288,0.003291613,0,0,55.686,0.080112214,61.617,0.088644799,0,0,6.955,0.010005755,0,0,0,0,0,0,6.212,0.008936844,0,0,0,0,2.297,0.00330456,75.13,0.108085168,70.973,0.102104733,2.288,0.003291613,0,0,68.572,0.098650554,618.147,0.889292188,58.011,0.083457057,6.212,0.008936844,0,0,397.497,0.571855848,0,0,0,0,0,0,0,0,0,0,83.297,0.119834556,0,0,0,0,0,0,420.989,0.605652424,0,0,0,0,0,0,0,0,0,0,0,0,0,0,504.286,0.72548698,397.497,0.571855848,77.608,0.111650122,202.684,0.291589699,273.881,0.394016688,77.795,0.111919148,269.818,0.388171486,0,0,115.094,0.165579053,47.369,0.068147029,87.59,0.126010646,77.608,0.111650122,30.426,0.043772119,0,0,0,0,0,0,273.881,0.394016688,0,0,269.818,0.388171486,0,0,0,0,0,0,0,0,0,0,0,0,108.403144,0.155953307,24.802735,0.035682254,773.349953,1.112573663,52.30636,0.075250122,19.069086,0.027433587,1.007096,0.001448851,4.958733,0.007133841,9.626381,0.013848915,0,0,0,0,0,0,0,0
64,Tohoku,S_Tohoku,2589700,MOGAMI GAWA,TAKAYA,6270.9,38.76,140.07,38.7562,140.0687,0.4,446.6222058,9.641612408,11.1655551,3.346,4505.058452,0.718406999,0.000533576,0.30606798,5.632390054,9.525524552,1.723894241,31.56053992,14.26941848,2.92852057,0.010311912,4.710270696,0.423689727,1.995883449,9.80421447,1.318254521,18696.90625,135.8201142,46.34406726,89.44923858,163.6081853,14734.82471,120.4440038,0,0,15.649,0.002495495,0,0,59.034,0.00941396,132.21,0.021083098,338.629,0.054000064,0,0,0,0,204.736,0.032648583,20.088,0.003203368,0,0,77.468,0.01235357,0,0,0,0,0,0,2.732,0.000435663,9.311,0.001484795,24.959,0.00398013,0,0,0,0,120.136,0.019157697,0,0,12.074,0.001925401,97.556,0.015556938,543.365,0.086648647,59.034,0.00941396,2.732,0.000435663,2.245,0.000358003,121.544,0.019382226,0,0,3.883,0.000619209,289.268,0.046128626,0,0,0,0,165.618,0.026410563,0,0,77.344,0.012333796,0,0,157.404,0.025100703,0,0,38.883,0.006200545,0,0,0,0,0,0,12.798,0.002040855,3.883,0.000619209,415.409,0.06624392,449.695,0.071711397,139.76,0.022287072,81.152,0.012941045,555.254,0.088544547,93.353,0.014886699,0,0,0.847,0.000135068,0,0,54.592,0.008705608,81.152,0.012941045,106.893,0.017045879,31.878,0.005083481,24.656,0.003931812,6.883,0.00109761,0,0,540.832,0.086244718,0,0,0,0,0,0,0,0,14.422,0.002299829,8.21,0.001309222,0.847,0.000135068,0,0,151.459439,0.024152743,25.014933,0.00398905,698.089909,0.111322124,22.029513,0.003512975,42.271635,0.00674092,2.421701,0.000386181,5.527229,0.000881409,17.129957,0.002731658,0.040172,6.41E-06,0.261183,4.17E-05,1.518415,0.000242137,0,0
65,North Central,S_Tohoku,2589702,MOGAMI GAWA,INASHITA,3769.5,38.65,140.35,38.6437,140.3438,0.9,481.5086542,9.762875475,5.35009616,3.346,3016.413949,0.80021593,0.000887651,0.32637601,5.233795606,9.59195913,1.708185307,31.54300751,14.3800897,2.91704514,0.007687368,4.71766175,0.400904952,1.600045839,9.889977311,1.300504995,17091.45308,136.3991387,44.5743427,89.01881233,144.9861741,15183.44855,122.2613327,205.76,0.054585489,124.016,0.032899854,568.92,0.150927179,359.356,0.095332537,555.408,0.147342618,2576.32,0.68346465,0,0,0,0,1372.377,0.364074015,208.197,0.055231994,33.603,0.008914445,403.644,0.107081576,46.364,0.012299775,0,0,44.383,0.011774241,21.929,0.005817482,0,0,124.016,0.032899854,205.76,0.054585489,693.27,0.183915639,465.226,0.123418491,0,0,90.183,0.023924393,611.841,0.162313569,3948.698,1.047538931,359.356,0.095332537,21.929,0.005817482,11.558,0.003066189,462.278,0.122636424,0,0,0,0,709.41,0.188197374,342.839,0.090950789,0,0,1085.238,0.287899721,10.76,0.00285449,125.274,0.033233585,0,0,3455.524,0.916706194,0,0,340.57,0.090348853,0,0,0,0,0,0,0,0,0,0,5020.432,1.331856214,1523.018,0.40403714,1080.76,0.286711765,204.305,0.054199496,3934.784,1.043847725,749.694,0.198884202,572.858,0.15197188,8.5,0.002254941,10.108,0.002681523,227.495,0.060351506,194.197,0.051517973,1064.614,0.282428439,488.417,0.129570765,16.146,0.004283327,33.782,0.008961931,0,0,3852.642,1.022056506,0,0,572.858,0.15197188,0,0,0,0,82.142,0.021791219,0,0,8.5,0.002254941,0,0,880.071109,0.233471577,335.257536,0.088939524,4868.175999,1.29146465,211.516156,0.056112523,285.606089,0.075767632,26.04149,0.006908473,81.064243,0.021505304,137.580041,0.03649822,0,0,0,0,11.541244,0.003061744,0,0
66,North Central,S_Tohoku,2589703,MOGAMI GAWA,NAGASAKI,2146.9,38.34,140.29,38.3396,140.2896,0.1,511.2468399,9.801499475,51.124684,0.596,1536.346294,0.715611484,0.00027761,0.30122977,5.666464727,9.508011739,1.706907881,33.90993294,14.30904207,2.92642416,0.005364123,4.595502608,0.404026769,1.68985851,9.76311203,1.285600999,18600.90618,137.0514208,43.33784393,88.24221922,149.4248985,14972.26793,122.067659,86.879,0.040467185,122.314,0.056972379,260.687,0.121424845,264.77,0.123326657,420.247,0.195745959,1668.502,0.77716801,0,0,0,0,996.111,0.463976431,136.112,0.06339932,17.125,0.007976617,187.33,0.087256044,46.364,0.021595789,0,0,44.383,0.020673063,20.152,0.009386557,0,0,122.314,0.056972379,86.879,0.040467185,368.559,0.171670315,354.765,0.165245237,0,0,65.481,0.030500256,323.442,0.150655364,2664.613,1.241144441,264.77,0.123326657,20.152,0.009386557,11.558,0.005383576,395.621,0.184275467,0,0,0,0,598.367,0.278712097,207.866,0.096821464,0,0,848.172,0.395068238,0,0,105.577,0.049176487,0,0,1889.098,0.879918953,0,0,236.213,0.110025153,0,0,0,0,0,0,0,0,0,0,3062.271,1.426368718,1230.201,0.573012716,793.888,0.369783409,164.837,0.076779077,2684.215,1.250274815,523.769,0.243965252,125.764,0.058579347,0,0,10.108,0.004708184,209.828,0.097735339,154.729,0.072070893,784.561,0.365439005,302.978,0.14112348,9.326,0.004343938,10.963,0.005106433,0,0,2602.073,1.212014067,0,0,125.764,0.058579347,0,0,0,0,82.142,0.038260748,0,0,0,0,0,0,591.604545,0.275562227,295.859011,0.137807542,3082.31107,1.435703139,122.924077,0.057256545,239.095036,0.11136757,21.813142,0.010160297,64.906455,0.03023264,89.75795,0.041808165,0,0,0,0,8.739335,0.004070676,0,0
67,North Central,S_Tohoku,2589704,MOGAMI GAWA,NISHIOTSUKA,1917.9,38.06,140.07,38.0604,140.0729,0.3,504.5832132,9.310234264,16.8194404,0.229,656.3700272,0.342233707,0.000119401,0.37677076,4.508975574,9.631468023,1.698850168,30.77225751,14.47513633,2.945258501,0.00144618,4.652061662,0.364279359,1.084848773,10.00384848,1.258616097,15981.53468,139.8930636,44.35067437,90.28420039,116.5770713,15270.26301,123.004817,26.671,0.013906356,5.374,0.002802023,135.576,0.070689817,135.891,0.070854059,242.917,0.126657803,896.121,0.467240732,0,0,0,0,499.967,0.260684603,73.37,0.038255383,0,0,60.935,0.031771729,0,0,0,0,24.216,0.01262631,7.249,0.003779655,0,0,5.374,0.002802023,26.671,0.013906356,159.792,0.083316127,207.587,0.108236613,0,0,35.329,0.018420668,134.305,0.070027113,1396.088,0.727925335,135.891,0.070854059,7.249,0.003779655,11.558,0.006026383,64.746,0.033758799,0,0,0,0,404.467,0.210890557,128.989,0.067255331,0,0,375.448,0.195759946,0,0,33.013,0.017213098,0,0,1029.706,0.536892434,0,0,68.183,0.035550863,0,0,0,0,0,0,0,0,0,0,1578.714,0.823147192,537.397,0.28020074,374.794,0.195418948,37.764,0.019690286,1344.07,0.700802962,247.227,0.128905052,112.256,0.058530685,0,0,3.808,0.001985505,99.65,0.051957871,33.956,0.017704781,365.467,0.190555816,147.577,0.076947182,9.326,0.00486261,0,0,0,0,1283.579,0.669262735,0,0,112.256,0.058530685,0,0,0,0,60.491,0.031540226,0,0,0,0,0,0,304.072468,0.158544485,113.489452,0.059173811,1625.918207,0.847759637,54.414873,0.028372112,95.334026,0.049707506,10.98286,0.005726503,25.263013,0.013172226,44.185913,0.023038695,0,0,0,0,4.14881,0.002163205,0,0
68,Tohoku,N_Tohoku,2589750,KYUOMONO GAWA,TSUBAKIGAWA,4035,39.61,140.16,39.6104,140.1604,0.1,355.9339389,9.06627151,35.5933939,8.811,2876.777625,0.712956041,0.002183643,0.31329879,5.594350658,9.342792445,1.752703277,31.17196038,14.25730863,2.919385601,0.010049511,4.433114015,0.431602742,2.020460344,9.496772739,1.350532161,20081.62072,132.9780505,45.75902761,88.11777201,156.0247817,14206.77154,117.3960349,7.744,0.001919207,0,0,71.435,0.017703841,60.472,0.014986865,161.168,0.039942503,377.236,0.093490954,0,0,0,0,228.942,0.056739033,23.126,0.005731351,0,0,5.181,0.001284015,0,0,0,0,24.216,0.006001487,6.974,0.001728377,0,0,0,0,7.744,0.001919207,95.651,0.023705328,152.56,0.03780917,0,0,8.608,0.002133333,28.307,0.007015366,606.178,0.150229988,60.472,0.014986865,6.974,0.001728377,7.305,0.001810409,51.821,0.012842875,0,0,0,0,117.475,0.029114002,67.526,0.016735068,0,0,270.422,0.067019083,0,0,0.063,1.56E-05,0,0,437.324,0.108382652,0,0,22.378,0.005545973,0,0,0,0,0,0,0,0,0,0,782.639,0.193962577,191.674,0.04750285,214.011,0.053038662,37.764,0.009359108,475.909,0.117945229,144.336,0.035771004,102.292,0.025351177,0,0,3.808,0.000943742,88.432,0.021916233,33.956,0.008415366,204.685,0.050727385,55.904,0.013854771,9.326,0.002311276,0,0,0,0,475.472,0.117836927,0,0,102.292,0.025351177,0,0,0,0,0.437,0.000108302,0,0,0,0,0,0,182.605361,0.045255356,45.36159,0.01124203,728.889836,0.180641843,20.786761,0.005151614,54.693525,0.013554777,6.540686,0.001620988,16.744531,0.004149822,18.985705,0.004705255,0,0,0,0,2.885,0.000714994,0,0
69,Tohoku,N_Tohoku,2589800,YONESHIRO GAWA,FUTATSUI,3750.4,40.2,140.24,40.2021,140.2396,0.2,384.5210406,9.166572623,19.226052,2.886,3188.863962,0.850273027,0.000769518,0.35274129,4.988748402,8.703414658,1.759737548,33.0507716,13.72702306,2.933871199,0.006521092,3.812219969,0.444663798,1.313037346,8.878842504,1.331869167,18209.49319,127.0819465,36.82223903,80.57261725,125.8287948,14321.46596,117.5121029,5.372,0.001432381,0,0,113.964,0.030387159,30.622,0.008164996,34.368,0.009163823,543.047,0.144797088,0,0,0,0,132.918,0.03544102,159.225,0.042455471,0,0,55.119,0.014696832,0,0,0,0,0,0,0,0,0,0,0,0,5.372,0.001432381,113.964,0.030387159,23.215,0.006190006,0,0,11.153,0.002973816,214.344,0.057152304,675.965,0.180238108,30.622,0.008164996,0,0,0,0,275.197,0.07337804,0,0,0,0,80.872,0.021563567,28.794,0.007677581,0,0,99.481,0.026525437,5.439,0.001450245,0,0,0,0,425.669,0.113499627,0,0,161.369,0.043027144,0,0,0,0,0,0,0,0,0,0,553.944,0.147702645,522.877,0.139418995,114.977,0.030657263,496.524,0.132392278,347.325,0.092610122,94.61,0.025226642,23.348,0.006225469,0.035,9.33E-06,4.518,0.001204672,10.642,0.002837564,492.006,0.131187607,114.977,0.030657263,50.703,0.013519358,0,0,33.265,0.008869721,0,0,345.314,0.092073912,0,0,23.348,0.006225469,0,0,0,0,2.012,0.000536476,0,0,0.035,9.33E-06,0,0,83.720547,0.022323098,7.061357,0.001882828,961.663032,0.256416124,90.544718,0.024142683,20.435875,0.005448985,2.980985,0.000794845,10.144602,0.002704939,25.478876,0.006793642,0,0,0,0,0,0,0,0
70,Tohoku,N_Tohoku,2589801,YONESHIRO GAWA,TAKANOSU,2109,40.222,140.369,40.2188,140.3688,0.4,399.3617032,8.878117857,9.98404258,0,1727.711138,0.819208695,0,0.37596886,4.577991485,8.417834569,1.721182248,31.47752794,13.49670791,2.898627121,0.004242873,3.421866474,0.41291252,1.050107902,8.60795906,1.284274457,16703.29795,125.3470116,35.68554862,78.97859054,117.7707404,14604.49911,118.3563782,78.612,0.037274538,0,0,482.252,0.228663822,228.28,0.108240872,76.597,0.036319109,1765.932,0.837331437,0,0,0,0,484.156,0.229566619,286.171,0.135690375,7.162,0.003395922,197.968,0.093868184,140.029,0.066395922,0,0,0,0,1.129,0.000535325,0,0,0,0,78.612,0.037274538,629.444,0.29845614,42.195,0.020007112,0,0,34.403,0.01631247,484.139,0.229558559,2250.088,1.066898056,228.28,0.108240872,1.129,0.000535325,12.591,0.005970128,408.91,0.193888099,0,0,0,0,118.848,0.056352774,87.341,0.041413466,0,0,311.995,0.14793504,125.25,0.059388336,319.645,0.151562352,0,0,2049.649,0.971858227,0,0,315.367,0.149533902,0,0,0,0,0,0,0,0,0,0,2781.221,1.318739213,968.376,0.459163585,55.365,0.026251778,967.811,0.458895685,1921.361,0.911029398,805.059,0.381725462,0,0,0,0,13.608,0.006452347,453.041,0.214813182,879.92,0.417221432,55.365,0.026251778,321.865,0.152614983,0,0,30.153,0.014297297,74.284,0.03522238,1887.685,0.895061641,0,0,0,0,0,0,0,0,33.676,0.015967757,0,0,0,0,0,0,248.765924,0.117954445,94.821017,0.044960179,3312.169535,1.570492904,115.19957,0.05462284,73.82203,0.035003333,9.576524,0.004540789,43.881046,0.020806565,53.608393,0.025418868,0,0,0,0,1.485874,0.00070454,0,0
71,Tohoku,N_Tohoku,2589802,YONESHIRO GAWA,JUNISHO,1667.4,40.208,140.673,40.2188,140.6729,1.2,493.7584234,9.137805692,4.11465353,0,1003.607212,0.601899491,0,0.39152524,4.354751602,8.102831054,1.704995173,29.88111078,13.25129892,2.890568073,0.002230137,2.97045573,0.395024327,0.975718835,8.237567696,1.264041394,15620.21061,118.4921997,31.43681747,73.80109204,137.3556942,14653.18721,119.4017161,18.911,0.01134161,0,0,345.185,0.207019911,140.978,0.084549598,43.569,0.026129903,860.891,0.516307425,0,0,0,0,237.289,0.142310783,203.548,0.122075087,6.266,0.003757947,92.81,0.055661509,140.029,0.083980449,0,0,0,0,1.129,0.000677102,0,0,0,0,18.911,0.01134161,491.481,0.294758906,38.262,0.022947103,0,0,5.307,0.0031828,296.358,0.177736596,1098.18,0.658618208,140.978,0.084549598,1.129,0.000677102,12.067,0.007237016,251.089,0.150587142,0,0,0,0,6.13,0.003676382,29.072,0.017435528,0,0,192.24,0.115293271,21.893,0.013130023,319.645,0.191702651,0,0,1059.626,0.635495982,0,0,200.152,0.120038383,0,0,0,0,0,0,0,0,0,0,1612.65,0.967164448,479.263,0.28743133,43.289,0.025961977,732.456,0.439280317,842.846,0.505485187,473.321,0.283867698,0,0,0,0,0,0,284.545,0.170651913,658.172,0.394729519,43.289,0.025961977,183.106,0.109815281,0,0,5.671,0.003401104,74.284,0.044550798,816.166,0.489484227,0,0,0,0,0,0,0,0,26.681,0.016001559,0,0,0,0,0,0,159.359259,0.095573503,68.691198,0.041196592,1834.060219,1.099952152,63.595361,0.038140435,52.312775,0.031373861,7.691792,0.004613045,29.164593,0.01749106,28.521451,0.017105344,0,0,0,0,0.787101,0.000472053,0,0
72,West,Kyushu,2590100,CHIKUGO GAWA,SENOSHITA,2315,33.3161,130.4972,33.3188,130.4938,0.4,431.5814816,8.348025454,10.789537,2.591,1526.434906,0.65936713,0.001119222,0.3908281,5.94060872,13.82612995,2.321756848,50.03469018,18.54226545,3.657646194,0,9.128344765,0.483545116,0.142632529,14.54398477,1.991736521,21070.12985,188.7251227,82.20660419,130.735386,0,17454.5676,131.2583668,2.266,0.000978834,0,0,109.776,0.047419438,58.76,0.025382289,4.359,0.001882937,500,0.215982721,0,0,0,0,132.347,0.05716933,189.114,0.081690713,0,0,38.645,0.016693305,140.029,0.060487689,0,0,0,0,1.129,0.000487689,0,0,0,0,2.266,0.000978834,249.805,0.107907127,4.359,0.001882937,0,0,0,0,227.759,0.098384017,632.347,0.273152052,58.76,0.025382289,1.129,0.000487689,0,0,189.114,0.081690713,0,0,0,0,0.007,3.02E-06,0,0,0,0,71.724,0.030982289,0,0,282.567,0.122059179,0,0,537.869,0.232340821,0,0,95.144,0.04109892,0,0,0,0,0,0,0,0,0,0,892.161,0.385382721,284.265,0.122792657,24.035,0.010382289,732.456,0.31639568,205.693,0.088852268,214.24,0.092544276,0,0,0,0,0,0,101.809,0.04397797,658.172,0.284307559,24.035,0.010382289,106.761,0.046117063,0,0,5.671,0.002449676,74.284,0.032088121,182.193,0.07870108,0,0,0,0,0,0,0,0,23.5,0.010151188,0,0,0,0,0,0,63.160068,0.027282967,48.122697,0.020787342,1075.519818,0.464587394,52.766262,0.022793202,20.084614,0.008675859,5.283903,0.002282463,20.190359,0.008721537,9.737035,0.004206063,0,0,0,0,0,0,0,0
73,West,Kyushu,2590101,CHIKUGO GAWA,ARASE,1443,33.3433,130.835,33.3438,130.8354,0.1,582.5329962,8.548044967,58.2532996,2.591,1167.457282,0.809048706,0.001795565,0.3702796,6.224680258,13.01974095,2.304872086,52.93420653,17.83225186,3.676840695,0,8.272592706,0.460339176,0.12171857,13.80898653,1.970619034,21862.77754,180.5480226,71.11228814,121.0324859,0,16893.72387,130.8340395,45.581,0.031587665,125.706,0.087114345,698.986,0.484397782,289.968,0.200948025,59.569,0.041281358,596.643,0.413474012,43.346,0.030038808,10.715,0.007425502,387.758,0.268716563,0,0,4.292,0.002974359,0,0,0,0,0,0,0,0,0,0,0,0,125.706,0.087114345,56.296,0.039013167,703.278,0.487372141,0,0,43.346,0.030038808,59.569,0.041281358,0,0,984.398,0.682188496,289.968,0.200948025,0,0,0,0,1018.246,0.705645184,0,0,0,0,174.719,0.121080388,71.93,0.04984754,77.282,0.05355648,394.881,0.273652807,0,0,247.5,0.171517672,172.593,0.119607069,120.914,0.083793486,0,0,0,0,0,0,0,0,0,0,0,0,172.593,0.119607069,912.507,0.632367983,1192.965,0.826725572,407.294,0.282255024,608.416,0.42163271,874.809,0.606243243,382.454,0.265040887,5.093,0.003529453,0,0,108.001,0.074844768,157.763,0.109329868,481.331,0.333562717,404.053,0.280009009,78.621,0.054484407,0,0,146.069,0.101225918,19.084,0.013225225,846.223,0.586433125,0,0,5.093,0.003529453,0,0,0,0,28.587,0.019810811,3.24,0.002245322,0,0,0,0,318.696456,0.220856865,125.265898,0.086809354,1511.982963,1.047805241,167.181744,0.115857064,154.631462,0.10715971,17.492147,0.01212207,99.165315,0.068721632,44.424847,0.03078645,0,0,0,0,10.421081,0.007221816,0,0
74,West,Kyushu,2590200,ONGA GAWA,HINODE-BASHI,695,33.75,130.73,33.7479,130.7312,0.3,174.8884298,6.36241322,5.82961433,0,363.9817348,0.523714726,0,0.45199704,5.389040995,15.13317461,2.435830597,49.88790992,19.64391508,3.713939574,0,10.5924308,0.54561993,0.083778834,15.56766043,2.122587337,19594.78261,197.259467,100.2973352,144.884993,0,17883.67321,130.3029453,0.154,0.000221583,17.665,0.025417266,592.939,0.85314964,65.719,0.094559712,8.718,0.012543885,462.498,0.665464748,39.165,0.056352518,0,0,240.64,0.346244604,0,0,4.292,0.00617554,0,0,0,0,0,0,0,0,0,0,0,0,17.665,0.025417266,0.154,0.000221583,597.231,0.85932518,0,0,39.165,0.056352518,8.718,0.012543885,0,0,703.138,1.011709353,65.719,0.094559712,0,0,0,0,953.145,1.371431655,0,0,0,0,6.759,0.00972518,2.026,0.002915108,77.282,0.111197122,38.119,0.054847482,0,0,247.5,0.356115108,5.161,0.007425899,102.995,0.148194245,0,0,0,0,0,0,0,0,0,0,0,0,5.161,0.007425899,467.921,0.673267626,959.904,1.381156835,156.637,0.225376978,608.416,0.875418705,482.984,0.694941007,179.857,0.25878705,5.093,0.007328058,0,0,108.001,0.155397122,1.44,0.002071942,481.331,0.69256259,156.637,0.225376978,32.732,0.047096403,0,0,145.685,0.209618705,19.084,0.027458993,467.565,0.672755396,0,0,5.093,0.007328058,0,0,0,0,15.418,0.022184173,0,0,0,0,0,0,104.408823,0.150228522,47.023793,0.067660134,1106.312766,1.591816929,157.814471,0.227071181,33.291604,0.047901588,5.865355,0.00843936,78.070527,0.112331694,17.337032,0.02494537,0,0,0,0,2.023023,0.002910824,0,0
75,West,Kyushu,2590210,MATSUURA GAWA,MUTABE,275,33.36,130.01,33.3646,130.0062,0.6,232.617272,7.807105109,3.87695453,0,179.3243494,0.652088543,0,0.4574289,5.491334114,15.13857881,2.511894897,52.30249298,19.55674469,3.839833667,0,10.7579804,0.57255508,0.024342759,15.53141335,2.237637213,22299.38931,193.9198473,95.20610687,140.721374,0,17932.59542,131.240458,33.589,0.122141818,229.312,0.833861818,22.36,0.081309091,91.968,0.334429091,20.759,0.075487273,148.083,0.538483636,4.532,0.01648,9.188,0.033410909,135.485,0.492672727,0,0,0,0,0,0,0,0,0,0,0,0,4.084,0.014850909,0,0,229.312,0.833861818,42.777,0.155552727,22.36,0.081309091,14.109,0.051305455,4.532,0.01648,6.651,0.024185455,0,0,283.568,1.031156364,91.968,0.334429091,4.084,0.014850909,17.27,0.0628,19.934,0.072487273,2.369,0.008614545,0,0,173.187,0.629770909,14.952,0.054370909,0,0,155.801,0.566549091,0,0,0,0,91.203,0.331647273,7.252,0.026370909,0.348,0.001265455,0,0,198.402,0.721461818,10.028,0.036465455,11.824,0.042996364,0,0,91.203,0.331647273,407.872,1.483170909,203.497,0.739989091,175.054,0.63656,0.003,1.09E-05,349.029,1.269196364,60.843,0.221247273,117.644,0.427796364,0,0,0.003,1.09E-05,11.717,0.042607273,0,0,175.054,0.63656,48.467,0.176243636,0,0,0,0,0,0,345.51,1.2564,0,0,117.644,0.427796364,0,0,0,0,3.519,0.012796364,0,0,0,0,0.659,0.002396364,120.190021,0.437054622,12.852849,0.046737633,446.729888,1.62447232,42.799894,0.155635978,97.498152,0.354538735,7.256826,0.026388458,26.802491,0.097463604,19.867612,0.072245862,0,0,0,0,10.711315,0.038950236,0,0
76,West,Kyushu,2590220,KIKUCHI GAWA,TAMANA,906,32.94,130.59,32.9438,130.5813,0.9,254.6897344,5.862391385,2.82988594,0,477.6828694,0.527243785,0,0.37243609,6.288874628,14.81550292,2.342203846,53.70780209,19.48243963,3.669327505,0,10.05765769,0.491397949,0.060691906,15.64762795,2.022331268,22134.10591,201.1471572,92.53400223,143.2118172,0,18877.04682,134.5362319,0,0,88.439,0.09761479,9.348,0.010317881,10.589,0.011687638,3.991,0.004405077,80.112,0.088423841,0,0,0.903,0.000996689,63.974,0.070611479,0,0,0,0,0,0,0,0,0,0,0,0,0,0,0,0,88.439,0.09761479,0.903,0.000996689,9.348,0.010317881,2.993,0.003303532,0,0,0.998,0.001101545,0,0,144.086,0.15903532,10.589,0.011687638,0,0,0,0,6.366,0.00702649,0,0,0,0,51.973,0.057365342,0,0,0,0,56.109,0.061930464,22.616,0.024962472,0,0,14.229,0.015705298,0,0,0,0,0,0,106.062,0.117066225,0,0,0,0,0,0,14.229,0.015705298,162.171,0.178996689,80.955,0.089354305,39.982,0.044130243,0,0,68.136,0.075205298,23.757,0.026221854,125.481,0.1385,0,0,0,0,17.606,0.019432671,0,0,39.982,0.044130243,6.15,0.006788079,0,0,0,0,0,0,64.506,0.071198675,0,0,125.481,0.1385,0,0,0,0,3.63,0.004006623,0,0,0,0,0,0,44.715274,0.049354607,29.049993,0.03206401,218.97122,0.241690088,4.085471,0.00450935,9.86368,0.010887064,1.5812,0.001745254,3.570974,0.003941472,4.743199,0.005235319,0,0,0,0,1.709959,0.001887372,0,0
77,West,Kyushu,2590300,KUMA GAWA,YOKOISHI,1856,32.46,130.66,32.4562,130.6562,0.5,577.4449965,12.82625177,11.5488999,1.049,1548.87895,0.834525297,0.000565194,0.31898898,7.372139163,14.10595251,2.351631141,60.67296672,18.62749952,3.672132377,1.19E-05,9.634156123,0.546591647,0.10400947,15.07285847,2.066325834,27232.18001,184.8392959,78.91822828,126.7910278,0,17851.94037,134.8642817,0,0,0.29,0.00015625,233.825,0.125983297,89.225,0.048073815,30.433,0.016397091,358.468,0.193140086,14.065,0.007578125,0,0,320.877,0.172886315,0,0,0,0,0,0,294.997,0.158942349,0,0,0,0,1.383,0.000745151,0,0,0.29,0.00015625,0,0,528.822,0.284925647,16.231,0.008745151,14.065,0.007578125,14.202,0.00765194,0,0,679.345,0.366026401,89.225,0.048073815,1.383,0.000745151,0,0,545.261,0.293782866,152.036,0.081915948,0,0,11.071,0.005964978,62.299,0.033566272,0,0,120.906,0.065143319,0,0,365.986,0.197190733,0,0,38.268,0.020618534,0,0,0,0,48.809,0.026297953,0,0,0,0,0,0,0,0,788.304,0.424732759,556.331,0.299747306,253.514,0.136591595,255.503,0.137663254,774.152,0.417107759,34.338,0.018501078,27.129,0.014616918,0,0,58.917,0.031744073,0.645,0.000347522,35.893,0.019338901,253.514,0.136591595,33.692,0.018153017,0,0,0,0,160.693,0.08658028,774.152,0.417107759,0,0,27.129,0.014616918,0,0,0,0,0,0,0,0,0,0,0,0,182.328305,0.098237233,96.580451,0.052036881,1060.566524,0.571425929,32.445161,0.017481229,61.313198,0.033035128,3.842021,0.002070054,28.19254,0.015189946,25.06319,0.013503874,0,0,0,0,4.031321,0.002172048,0,0
78,West,Kyushu,2590301,KUMA GAWA,HITOYOSHI,1137,32.21,130.77,32.2146,130.7688,0.5,665.8829674,13.26895951,13.3176593,1.049,950.8717677,0.836298828,0.000922603,0.31476971,7.372333076,13.68890019,2.32058718,60.43385895,18.23114248,3.683576395,1.62E-07,9.194004534,0.482967792,0.105377121,14.70086231,2.023895525,28000.93956,180.0737778,71.94044444,120.6,0,17690.08711,135.1715556,0,0,5.11,0.004494283,103,0.09058927,77.973,0.068577836,19.132,0.016826737,758.13,0.666781003,39.148,0.034430959,0,0,615.495,0.541332454,0,0,0,0,0,0,196.734,0.173029024,0,0,0,0,0,0,0,0,5.11,0.004494283,0,0,299.734,0.263618294,6.029,0.005302551,39.148,0.034430959,13.102,0.011523307,0,0,1373.625,1.208113456,77.973,0.068577836,0,0,526.287,0.462873351,196.841,0.173123131,801.242,0.704698329,2.452,0.002156552,40.091,0.035260334,92.749,0.081573439,0,0,72.796,0.064024626,0,0,81.54,0.07171504,0,0,1.477,0.001299033,1.829,0.001608619,0,0,0,0,0,0,0,0,0,0,2.452,0.002156552,1576.09,1.386182938,238.761,0.209992084,157.02,0.138100264,30.275,0.026627089,1518.89,1.33587511,111.118,0.097729112,0,0,0,0,0,0,32.153,0.028278804,0,0,157.02,0.138100264,78.965,0.069450308,0,0,0,0,30.275,0.026627089,1518.89,1.33587511,0,0,0,0,0,0,0,0,0,0,0,0,0,0,0,0,118.716174,0.104411763,55.899784,0.049164278,1613.012495,1.418656548,88.072522,0.077460442,32.282565,0.028392757,5.005123,0.004402043,10.255448,0.009019743,21.487744,0.018898631,0,0,0,0,2.046519,0.001799929,0,0
79,West,Kyushu,2590400,OYODO GAWA,KASHIWADA,2126,31.95,131.4,31.9479,131.4021,0.3,336.7329849,7.358239301,11.2244328,3.172,1425.47298,0.670495287,0.001492004,0.31078765,7.703222056,15.70289516,2.394066303,63.66682371,20.18402363,3.755313206,9.50E-06,11.25971424,0.486261068,0.109326204,16.78539743,2.135820462,27846.42723,204.4420326,100.9866798,148.0049334,0,19643.51603,138.0133202,0,0,0,0,59.851,0.028151929,59.167,0.027830198,3.013,0.001417215,498.374,0.234418627,6.156,0.002895579,0,0,353.85,0.166439323,0,0,0,0,0,0,154.245,0.07255174,0,0,0,0,0,0,0,0,0,0,0,0,214.096,0.100703669,1.966,0.000924741,6.156,0.002895579,1.048,0.000492944,0,0,852.224,0.400857949,59.167,0.027830198,0,0,265.763,0.125006115,30.881,0.0145254,614.642,0.289107244,0,0,40.091,0.018857479,83.946,0.039485419,0,0,46.075,0.021672154,0,0,53.451,0.02514158,0,0,0,0,1.829,0.000860301,0,0,0,0,0,0,0,0,0,0,0,0,1063.877,0.500412512,72.802,0.03424365,82.228,0.038677328,30.261,0.014233772,930.014,0.437447789,94.176,0.044297272,0,0,0,0,0,0,32.153,0.015123706,0,0,82.228,0.038677328,62.023,0.029173565,0,0,0,0,30.261,0.014233772,930.014,0.437447789,0,0,0,0,0,0,0,0,0,0,0,0,0,0,0,0,91.596294,0.043083864,41.465069,0.019503795,995.304385,0.468158224,75.232495,0.035386874,20.64058,0.009708645,1.948991,0.000916741,6.401967,0.003011273,12.687803,0.005967922,0,0,0,0,2.046519,0.000962615,0,0
80,West,Kyushu,2590401,OYODO GAWA,HIWATASHI,860.6,31.86,131.1,31.8604,131.1146,1.4,297.7888465,5.35546875,2.12706319,0,489.0814426,0.568302861,0,0.31899357,7.558391129,15.94097218,2.411078182,63.60097074,20.40360164,3.759317259,0,11.45730006,0.504636553,0.090384711,17.00190541,2.158925615,27856.08847,206.8812573,106.2875437,151.8311991,0,19013.86612,135.3667055,0,0,0,0,134.984,0.15684871,70.419,0.081825471,71.281,0.082827097,433.079,0.503229142,11.933,0.013865908,0,0,237.209,0.275632117,0,0,0,0,0,0,1127.449,1.310073205,15.255,0.017726005,0,0,0,0,0,0,15.255,0.017726005,0,0,1262.434,1.466923077,51.869,0.060270741,11.933,0.013865908,19.412,0.022556356,0,0,670.288,0.77886126,70.419,0.081825471,0,0,0,0,135.791,0.157786428,772.04,0.89709505,0,0,0.868,0.001008599,208.258,0.241991634,0,0,211.191,0.245399721,0,0,441.165,0.512624913,0,0,99.807,0.115973739,0,0,0,0,237.052,0.275449686,0,0,0,0,0,0,0,0,1969.514,2.288535905,136.659,0.158795027,311.854,0.362368115,639.091,0.742610969,948.87,1.102567976,53.745,0.062450616,152.61,0.17732977,0,0,101.711,0.118186149,22.093,0.025671624,48.401,0.056240995,311.745,0.362241459,31.139,0.036182896,0,0,0,0,488.98,0.568184987,948.87,1.102567976,0,0,152.61,0.17732977,0,0,0.513,0.000596096,0,0,0.109,0.000126656,0,0,0,0,207.796108,0.241454924,267.394606,0.310707188,1511.111379,1.755881221,60.419471,0.070206218,122.035933,0.141803315,7.139084,0.008295473,28.556734,0.033182354,40.202689,0.046714721,0,0,0,0,8.076319,0.009384521,0,0
81,West,Shikoku,2591200,NIYODO-GAWA,KAWAGUCHI,944.6,33.57,133.18,33.5729,133.1729,0.7,795.2034048,16.19017002,11.3600486,1.185,860.1575655,0.910605087,0.001254499,0.35313243,7.114032617,12.74856012,2.512195622,67.01522509,17.02889173,3.73029722,0,8.412536926,0.638650652,0.162953343,13.49536617,2.247451337,25407.99571,162.8712446,60.43347639,106.9946352,0,16085.54399,130.4592275,124.798,0.132117298,54.742,0.057952573,127.619,0.135103748,56.176,0.059470675,41.406,0.043834427,872.301,0.923460724,0,0,0,0,660.085,0.698798433,0,0,0,0,1.854,0.001962736,0,0,0,0,6.883,0.007286682,0,0,0,0,54.742,0.057952573,124.798,0.132117298,134.502,0.14239043,27.008,0.028591997,0,0,14.398,0.015242431,1.854,0.001962736,1532.386,1.622259157,56.176,0.059470675,0,0,207.493,0.219662291,0,0,1693.51,1.792832945,0,0,0,0,0,0,0,0,0,0,0,0,0,0,0,0,0,0,0,0,0,0,22.65,0.023978404,7.051,0.007464535,15.122,0.016008893,0,0,0,0,1938.775,2.052482532,7.051,0.007464535,201.249,0.213052086,0,0,1668.205,1.766043828,76.373,0.080852213,0,0,0,0,0,0,35.604,0.037692145,0,0,201.249,0.213052086,40.051,0.042399958,0,0,0,0,0,0,1622.543,1.71770379,0,0,0,0,0,0,0,0,45.662,0.048340038,0,0,0,0,0.719,0.000761169,117.333432,0.12421494,28.352645,0.030015504,1689.42722,1.788510714,205.139841,0.217171121,19.551219,0.020697882,1.712653,0.001813099,5.973156,0.006323477,37.805303,0.040022552,0,0,0,0,1.205974,0.001276703,0,0
82,West,Shikoku,2591201,NIYODO-GAWA,INO,1462.7,33.55,133.42,33.5479,133.4187,0.3,652.8525831,15.69257795,21.7617528,1.185,1296.604214,0.886445761,0.000810146,0.33834926,7.444763615,13.2619296,2.518930234,69.65196432,17.49328875,3.729644659,0,8.944631538,0.634928647,0.16628954,14.01487292,2.248225206,26964.30028,172.698324,70.32821229,116.722067,0,17013.42458,131.9650838,0,0,0,0,60.177,0.041141041,0,0,0,0,602.672,0.412027073,44.114,0.030159294,4.079,0.002788678,207.154,0.141624393,0,0,0,0,12.276,0.008392698,0,0,0,0,0,0,0,0,0,0,0,0,4.079,0.002788678,60.177,0.041141041,0,0,44.114,0.030159294,0,0,12.276,0.008392698,809.826,0.553651466,0,0,0,0,374.993,0.256370411,130.123,0.088960826,1.832,0.001252478,0,0,10.492,0.007173036,0,0,0,0,10.673,0.00729678,0,0,0,0,312.783,0.213839475,6.885,0.004707049,32.637,0.022312846,0,0,48.543,0.033187256,0.889,0.00060778,1.561,0.001067204,0,0,312.783,0.213839475,444.487,0.303881179,174.14,0.119053805,31.894,0.021804881,0,0,871.378,0.595732549,28.142,0.019239762,0,0,0,0,0,0,3.867,0.002643741,0,0,31.894,0.021804881,22.846,0.015619061,0,0,0,0,0,0,847.61,0.579483148,0,0,0,0,0,0,0,0,23.768,0.016249402,0,0,0,0,1.429,0.00097696,21.791813,0.014898348,31.122158,0.021277198,909.499317,0.621794843,45.917896,0.031392559,4.857158,0.00332068,0.792655,0.000541912,2.508871,0.001715233,7.377675,0.005043874,0,0,0,0,1.200114,0.000820479,0,0
83,West,Shikoku,2591210,SHIGENOBU-GAWA,DEAI,445,33.8,132.73,33.8021,132.7354,0.6,388.4567205,10.85635928,6.47427868,0.343,305.2423192,0.685937796,0.000770787,0.62178998,4.19543698,14.28679866,2.608680682,40.53171522,18.48851221,3.748801762,0,9.963425152,0.730697822,0.051112383,14.80694271,2.357687847,16368.52621,182.8385744,92.04192872,134.4213836,0,18022.09015,133.4067086,0,0,73.662,0.165532584,67.273,0.151175281,19.801,0.044496629,18.834,0.042323596,827.635,1.859853933,49.029,0.110177528,6.839,0.015368539,368.291,0.827620225,0,0,0,0,14.756,0.033159551,0,0,0,0,0,0,0,0,0,0,73.662,0.165532584,6.839,0.015368539,67.273,0.151175281,2.845,0.006393258,49.029,0.110177528,15.989,0.035930337,14.756,0.033159551,1195.926,2.687474157,19.801,0.044496629,0,0,718.261,1.614069663,130.123,0.292411236,39.578,0.088939326,0,0,10.492,0.023577528,0,0,0,0,16.554,0.0372,0,0,0,0,435.526,0.978710112,6.885,0.01547191,32.637,0.073341573,0,0,48.543,0.109085393,5.969,0.013413483,2.763,0.006208989,0,0,435.526,0.978710112,832.584,1.870975281,179.22,0.402741573,75.474,0.169604494,0,0,1338.454,3.007761798,33.407,0.07507191,0,0,0,0,0,0,3.867,0.008689888,0,0,75.474,0.169604494,28.112,0.063173034,0,0,0,0,0,0,1277.499,2.87078427,0,0,0,0,0,0,0,0,60.955,0.136977528,0,0,0,0,1.429,0.003211236,51.661457,0.116093162,57.260308,0.128674849,1367.605835,3.073271539,51.719397,0.116223364,12.636107,0.028395746,1.017971,0.002287575,4.418752,0.00992978,19.433619,0.043671054,0,0,0,0,2.551858,0.005734512,0,0
84,West,Shikoku,2591230,NAKA GAWA,FURUSHO,765,33.94,134.62,33.9396,134.6188,0.1,638.6323977,16.6476932,63.8632398,1.809,722.8057375,0.944844101,0.002364706,0.29365889,8.627833767,12.96635922,2.533640072,85.22781382,17.20431742,3.770162446,0,8.608460418,0.624572372,0.147485541,13.76066582,2.264711621,30259.62748,173.3898515,72.04826733,117.0049505,0,17539.2698,133.1844059,30.739,0.040181699,83.457,0.109094118,46.861,0.061256209,34.283,0.044814379,3.315,0.004333333,431.212,0.563675817,0,0,0,0,346.878,0.453435294,0,0,0,0,1.055,0.001379085,0,0,0,0,0,0,0,0,0,0,83.457,0.109094118,30.739,0.040181699,46.861,0.061256209,3.315,0.004333333,0,0,0,0,1.055,0.001379085,778.091,1.017112418,34.283,0.044814379,0,0,577.229,0.754547712,10.231,0.013373856,26.154,0.034188235,0,0,5.495,0.007183007,8.083,0.010566013,0,0,35.764,0.046750327,0,0,0,0,259.629,0.339384314,15.724,0.020554248,28.111,0.036746405,0,0,0,0,4.312,0.005636601,9.942,0.012996078,0,0,259.629,0.339384314,672.819,0.879501961,48.149,0.062939869,130.012,0.169950327,22.584,0.029521569,784.978,1.026115033,43.024,0.056240523,0,0,0,0,0,0,4.909,0.006416993,22.584,0.029521569,128.672,0.168198693,38.114,0.049822222,1.34,0.001751634,0,0,0,0,758.351,0.991308497,0,0,0,0,0,0,0,0,26.627,0.034806536,0,0,0,0,0,0,75.849165,0.099149235,71.339481,0.093254224,896.108261,1.171383348,16.768636,0.021919786,19.296872,0.025224669,1.428431,0.00186723,3.351373,0.00438088,9.048613,0.011828252,0,0,0,0,1.480245,0.001934961,0,0
85,West,Shikoku,2591800,YOSHINO GAWA,IWAZU,2810,34.06,134.2,34.0646,134.2021,0.5,709.1909119,16.76578193,14.1838182,8.177,2437.468049,0.867426352,0.002909964,0.3750509,6.60325834,13.06696444,2.476558013,63.83449395,17.30103056,3.684587471,0,8.736813737,0.622208424,0.229597176,13.75572444,2.205788205,21472.95866,166.1151717,66.97342193,111.8121078,0,16505.97195,130.7759321,6.714,0.002389324,35.171,0.01251637,5.463,0.001944128,1.177,0.000418861,14.345,0.005104982,444.907,0.158329893,25.741,0.009160498,0,0,240.326,0.085525267,0,0,0,0,7.136,0.002539502,0,0,0,0,0,0,0,0,0,0,35.171,0.01251637,6.714,0.002389324,5.463,0.001944128,3.291,0.001171174,25.741,0.009160498,11.054,0.003933808,7.136,0.002539502,685.233,0.24385516,1.177,0.000418861,0,0,35.799,0.012739858,0,0,472.562,0.16817153,0,0,0,0,0,0,0,0,259.498,0.092348043,0,0,0,0,0.014,4.98E-06,0,0,6.794,0.002417794,0,0,0,0,0,0,8.995,0.003201068,0,0,0.014,4.98E-06,776.854,0.276460498,6.794,0.002417794,42.37,0.015078292,0,0,723.256,0.257386477,18.036,0.006418505,0,0,0,0,0,0,3.706,0.001318861,0,0,41.213,0.014666548,14.33,0.005099644,1.157,0.000411744,0,0,0,0,713.062,0.253758719,0,0,0,0,0,0,0,0,10.194,0.003627758,0,0,0,0,0,0,22.907066,0.008151981,9.699262,0.003451695,826.207567,0.294024045,5.129041,0.001825281,4.295174,0.001528532,0.352604,0.000125482,1.164397,0.000414376,15.418973,0.005487179,0,0,0,0,0,0,0,0
86,West,Shikoku,2591801,YOSHINO GAWA,CHUO-BASHI,3044,34.09,134.35,34.0896,134.3521,0.2,670.9828286,16.27230935,33.5491414,8.177,2587.843257,0.850145617,0.002686268,0.38510744,6.422410771,13.22945548,2.473318189,62.04983148,17.4569919,3.677253861,0,8.902037797,0.615692098,0.229370169,13.90449298,2.201022477,20827.75211,168.2735881,69.48562732,114.181603,0,16665.66182,130.8944877,16.941,0.005565375,134.992,0.044346912,42.142,0.013844284,12.848,0.004220762,81.961,0.026925427,1440.242,0.473141261,218.299,0.07171452,4.555,0.001496386,756.581,0.248548292,0,0,0,0,23.211,0.007625164,0,0,0,0,0,0,0,0,0,0,134.992,0.044346912,21.497,0.007062089,42.142,0.013844284,6.786,0.002229304,218.299,0.07171452,75.176,0.024696452,23.211,0.007625164,2196.824,0.721689882,12.848,0.004220762,0,0,128.275,0.042140276,0,0,295.827,0.09718364,0,0,15.404,0.005060447,51.522,0.016925756,0,0,72.823,0.023923456,0,0,0,0,2037.958,0.6695,0,0,132.135,0.043408344,0,0,0,0,6.964,0.002287779,0,0,0,0,2037.958,0.6695,548.447,0.180173127,154.502,0.050756242,122.522,0.040250329,0,0,2541.02,0.834763469,77.364,0.025415243,0,0,0,0,0,0,12.071,0.003965506,0,0,122.522,0.040250329,65.293,0.021449737,0,0,0,0,0,0,2458.265,0.807577201,0,0,0,0,0,0,0,0,82.756,0.027186597,0,0,0,0,0,0,74.962303,0.024626249,131.213067,0.043105475,2532.999675,0.832128671,109.095553,0.035839538,23.325129,0.007662657,5.517017,0.001812423,6.238899,0.002049573,55.583156,0.018259907,0,0,0,0,2.069289,0.000679793,0,0
87,West,Shikoku,2591802,YOSHINO GAWA,IKEDA,2073.8,34.03,133.84,34.0312,133.8354,0.4,780.4641192,17.16897163,19.511603,8.177,1766.339798,0.851740669,0.003943003,0.35017628,7.116430956,13.12941056,2.492005314,69.55573161,17.34302322,3.691899722,0,8.821529897,0.649061046,0.209862171,13.848218,2.22843708,23805.39769,161.634929,63.23461336,107.6901631,0,16370.44871,131.0562862,31.317,0.015101263,175.085,0.084427139,42.142,0.02032115,25.13,0.012117851,139.711,0.067369563,1488.004,0.717525316,223.015,0.1075393,6.204,0.00299161,828.926,0.399713569,0,0,0,0,23.656,0.011407079,5.012,0.002416819,0,0,0,0,0,0,0,0,175.085,0.084427139,37.521,0.018092873,47.154,0.022737969,8.88,0.004281994,223.015,0.1075393,130.831,0.063087569,23.656,0.011407079,2316.93,1.117238885,25.13,0.012117851,0,0,128.275,0.061855049,0,0,387.373,0.186793808,0,0,21.595,0.010413251,93.83,0.045245443,0,0,113.336,0.054651365,0,0,0,0,2113.826,1.0193008,0,0,132.135,0.063716366,0,0,0,0,6.964,0.003358087,0,0,0,0,2113.826,1.0193008,722.814,0.348545665,160.694,0.077487704,184.316,0.088878388,0,0,2698.857,1.301406597,114.16,0.055048703,0,0,0,0,0,0,16.417,0.007916385,0,0,184.316,0.088878388,97.744,0.0471328,0,0,0,0,0,0,2605.372,1.256327515,0,0,0,0,0,0,0,0,93.486,0.045079564,0,0,0,0,0,0,125.013481,0.060282323,151.965491,0.073278759,2693.728195,1.298933453,110.672526,0.05336702,36.657442,0.01767646,8.063778,0.003888407,7.485762,0.003609684,71.751165,0.034598884,0,0,0,0,3.145403,0.001516734,0,0