ID,10,11,8,9,14,15,12,13,2,3,1,6,7,4,5,26,27,24,25,30,31,28,29,18,19,16,17,22,23,20,21,42,43,40,41,46,47,44,45,34,35,32,33,38,39,36,37,58,59,56,57,62,63,60,61,50,51,48,49,54,55,52,53,74,75,72,73,78,79,76,77,66,67,64,65,70,71,68,69,82,83,80,81,86,87,84,85
"1",120669.972314729,157014.780001316,78023.5869410213,78439.0200494357,181540.566299546,156730.55077985,218234.273135987,170721.377823293,9437.4151265935,23966.590265705,0,86178.8164667628,68773.8958257027,32637.4913144063,105659.855703853,1016772.27912137,976974.831317216,1017826.14785266,1015557.33553981,927539.604995018,926948.144604674,979941.768092411,923459.392788366,157453.051765117,150898.477061123,121334.299019345,92869.36911176,1285200.26305247,1031806.06362798,123741.94011459,152973.287791778,824758.646070443,566163.040624784,791526.015907839,809273.258981821,551780.148932097,546607.668959263,564404.971861513,556170.46670153,901558.121712457,917261.321720468,925395.616986933,892340.857526736,480422.055511016,663640.447364625,951639.132825454,926103.566117535,935447.109532316,950651.320690122,1178596.56769676,1200121.77692007,606460.455561895,684058.812105663,857354.827822768,455871.313402343,566657.487943067,643370.089306843,539810.20764605,509954.63420213,1235990.39041345,1060155.23971695,1086794.92426188,1253645.05026252,1564564.2349523,1633067.86074665,1585102.57137017,1583194.38062442,1670894.26905667,1700673.33305065,1616953.03260997,1677199.14876607,733255.355846848,745083.251829832,692868.774023949,711952.599461697,483370.107285256,484014.543555943,575878.062656743,494114.027741437,1442247.34899946,1434918.38333602,1716508.8834123,1445678.67840148,1381647.2801338,1396517.25433735,1368541.56817258,1385298.7064376
"2",112391.107416289,149769.161689948,68880.3849077267,69228.7072865509,173081.205362731,148679.602818826,214229.08837092,162643.231282285,0,14535.171374648,9437.4151265935,78227.1267719329,60771.8648899189,23592.4466686647,98288.3812481242,1010374.73996621,970436.475208199,1011525.13319713,1009402.50353697,921147.245938226,920568.041588234,973428.093036167,916945.219545737,148020.239805913,141622.562879728,112607.166549398,84355.5734934664,1279937.84103833,1025498.50552519,114428.698977431,143736.125256044,817613.443932454,558822.716884032,784398.45349595,802138.950357624,544481.655533392,539310.933098934,557072.174010966,548863.827273439,894709.203635296,910566.726257358,919046.35530722,885923.873811626,473186.286737365,656455.717660994,945293.483283725,919925.305766811,929481.495721719,944731.418780449,1173995.83337229,1195908.36668143,599946.775715371,677634.028224392,851118.492274652,449650.520257845,559026.963145615,636243.578614373,532466.267699941,502695.321066132,1230940.18119379,1055106.46389182,1080093.52916755,1248476.65710875,1561603.65149075,1630307.11996778,1581957.71426495,1579963.66490227,1667425.16985571,1696993.09886985,1613770.99355785,1673758.51562154,726490.059335907,738245.37152921,686069.161113445,705133.617311501,476744.513604269,477225.340753917,569095.430285892,487608.862354605,1438213.31415422,1431081.56497787,1712806.53643088,1441694.06212421,1377388.91756527,1392318.63701064,1364007.21466138,1381056.03948869
"3",100428.14049403,139605.944682474,55230.687680508,55405.4164261391,160606.561079496,136253.098464603,209374.774867386,150905.393450379,14535.171374648,0,23966.590265705,67195.4490834011,49921.6878338874,11528.9489185943,88206.9240184309,1001120.35653017,960956.671167363,1002427.66131541,1000542.67347942,911911.201883713,911352.046874816,963988.252379917,907510.909862451,133534.058787093,127539.685688146,99137.915404935,71357.6578197367,1272491.08068787,1016388.97513069,100275.129900889,129426.285320553,807154.162866238,548084.022168642,773972.694741018,791699.664842346,533816.87947365,528650.508563848,546346.550220007,538184.217144849,884729.190218314,900838.051058628,909880.807698952,876652.113388099,462649.282838048,645955.70220309,936130.663113697,911037.921003192,920937.981804828,936259.970112595,1167615.10152076,1190140.9636352,590571.234341457,668385.186088798,842146.100330685,440817.119390076,547799.451056721,625844.497475437,521728.431666729,492108.605713295,1223836.99590506,1048023.57946673,1070337.2804092,1241182.96150997,1557781.31890718,1626793.47159142,1577844.85530411,1575716.0701399,1662797.39459547,1692031.17141834,1609597.71629726,1669175.16904223,716671.604281816,728305.244848327,676201.703134967,695230.533195409,467226.751468428,467434.963205457,559284.10399164,478286.331683389,1432709.06178611,1425889.5740654,1707808.90525657,1436267.71539429,1371533.99125416,1386557.25027713,1357715.24164916,1375225.71027223
"4",89272.7396953108,128093.519383441,45388.8194565591,45842.8460848108,149716.930149214,135426.8842023,198707.31525268,139692.569803612,23592.4466686647,11528.9489185943,32637.4913144063,55746.7467687251,38423.4900052316,0,76681.2550021289,989591.42625596,949429.688405393,990900.161391716,989021.559856945,900382.345466189,899823.292883015,952460.570479487,895983.085184606,125755.286366531,118349.819487231,96652.9197785896,70230.940033674,1261098.70250776,1004861.27184078,91278.3334814154,124305.621621669,795696.613908604,536663.771404177,762510.610979269,780239.4338243,522384.548108512,517217.394497113,534924.123637175,526754.280797851,873224.494712056,889318.871902211,898352.477030463,865123.170609368,451196.73240696,634501.714429241,924602.340503368,899516.049725322,909433.275027127,924760.009548936,1156412.92180248,1179078.08967891,579042.448655864,656856.388058563,830621.69578652,429300.834375939,536477.655416327,614377.497305888,510307.443027337,480663.728025391,1212498.07065214,1036690.19795287,1058819.8307117,1229813.49943978,1547283.97915565,1616402.43237884,1567249.96155675,1565077.51274475,1652039.02596515,1681174.28033355,1598982.58803899,1658430.18423272,705156.021854046,716796.940286293,664688.5703561,683719.648089473,455699.279371996,455916.0266553,547767.073902293,466757.400522413,1421708.29665201,1414972.0312562,1696941.67480533,1425287.15052276,1360446.94516832,1375492.59319902,1346529.24480124,1364144.50931704
"5",23854.0595067269,51499.9803779941,46231.5431299768,48140.9352368503,80684.4711410016,151919.872761893,132691.451911274,66932.5244135805,98288.3812481242,88206.9240184309,105659.855703853,22011.7823879357,38385.7342056467,76681.2550021289,0,912941.335782421,872750.478598203,914290.523153897,912503.358114134,823737.82418275,823183.429091419,875784.059532726,819307.400877915,93765.142825814,73854.6960383838,111784.036447843,101782.498476252,1185739.85980883,928247.601720132,58327.4175898513,114588.78095623,719332.874422138,460555.60872418,686122.468661725,703861.036320971,446201.457823613,441030.271341543,458802.266760775,450585.714104749,796609.489077113,812648.153135687,821725.5292392,788471.71535905,374897.913667155,558169.617965139,847975.446483796,822989.830478686,833097.118530888,848471.090136265,1082601.30914464,1106352.83557216,502379.236938243,580216.142978039,754062.851614284,352868.631151831,461028.386351916,537969.970511221,434200.196795763,404408.265864716,1137582.60217424,961843.256537125,982153.998686199,1154646.54839722,1478722.52785474,1548603.66097579,1497960.90295141,1495465.08870197,1581516.06156095,1609910.79459899,1529535.38445366,1588005.53215592,628497.441833017,640167.487226347,588039.488953074,607079.52324555,379022.076524089,379247.496019934,471104.302256932,390110.476492959,1349406.4049403,1343304.23906813,1625598.19922008,1353138.4528032,1287495.24428531,1302710.44519238,1272812.37098179,1291237.17175651
"6",34976.3079327844,72614.6654060087,26109.1280565092,28271.1494736123,96036.7672324202,138047.442342572,153205.566011681,84550.6458132741,78227.1267719329,67195.4490834011,86178.8164667628,0,17455.6967693419,55746.7467687251,22011.7823879357,934354.146842283,894047.75254319,935778.044083774,934093.499283181,845165.544132065,844621.019278602,897102.994799134,840632.915770313,92250.8486013452,76470.7380833996,96839.7639100678,83066.1493049902,1207691.76249067,949728.731832231,54328.9703950703,106441.741703194,739959.060997297,480919.668936836,706777.255863381,724504.249915406,466637.85429815,461470.666960718,479179.282622006,471007.797318572,817601.002253362,833803.345226294,843187.534533823,809884.320281659,395455.377789157,578761.42859947,869436.851287735,844575.062678131,854810.084146377,870206.64712381,1104609.77548001,1128316.09662397,523771.222214917,601662.064126388,775618.064732947,374555.362218373,480851.1668598,558649.887477613,454563.131942084,424918.703925517,1159573.25554115,983838.965981917,1003284.20417272,1176618.41142534,1500260.46222389,1570038.4315816,1519594.02260826,1517138.10961818,1603295.30690469,1631765.29725658,1551188.98609736,1609774.23815355,649608.223717724,661195.373043128,609121.244447502,628135.420049183,400360.6262169,400411.936649028,492237.578883893,411556.279730652,1371344.429701,1365191.61774318,1647460.36379346,1375065.22203154,1309473.29491405,1324679.24697003,1294819.48322795,1313212.88913955
"7",52021.6424661077,89690.6092423603,22859.9030929305,24983.2414973143,113066.217763054,136554.151189067,165646.850959513,101950.844889649,60771.8648899189,49921.6878338874,68773.8958257027,17455.6967693419,0,38423.4900052316,38385.7342056467,951312.537759173,911089.978896584,952673.24974135,950887.202924008,862111.717829084,861559.106031876,914130.603400098,857655.740947724,102089.055565922,89136.8298992331,95044.5406854917,76624.7228759684,1223791.90436405,966629.677498186,64370.7977629314,111033.285283246,757289.931297205,498304.216944449,724100.036347422,741830.3949188,484008.182141352,478840.046631867,496561.418485438,488381.104085975,834807.506185393,850930.539854311,860105.042242312,826842.513130296,412796.599129945,596098.942470332,886354.928567739,861374.171076017,871451.422059074,886814.728441294,1120043.43422849,1143337.70486788,540743.777714922,618592.37949297,792448.54259384,391237.548807981,498297.783048305,575963.378995675,471947.229502703,442271.962807808,1175468.26352178,999697.571714699,1020425.69423152,1192627.62267111,1513884.19933875,1583423.26500143,1533452.37401508,1531101.67304643,1617562.73023537,1646284.67115354,1565099.71250631,1624008.92588018,666757.046470094,678384.147768789,626283.983244325,645310.812205027,417370.14334559,417527.942469731,509372.380731587,428485.260641727,1386221.05904827,1379843.49393214,1662007.6313828,1389887.14658356,1324585.26383754,1339728.98633545,1310222.34308506,1328308.5099505
"8",48875.5597447321,92652.2445006779,0,2276.10192059092,106556.610820418,114270.839286856,178774.389193468,98670.6449891941,68880.3849077267,55230.687680508,78023.5869410213,26109.1280565092,22859.9030929305,45388.8194565591,46231.5431299768,952809.885223742,912118.543200619,954504.932101218,953219.326402073,863698.52198423,863189.468840799,915245.120905458,858813.968144058,82592.7469285011,73123.0937665726,72755.4323839655,57016.8850303062,1228769.56409478,968428.576760534,46368.8436301581,88537.6763986691,756143.804043894,496662.641701148,723054.583464666,740741.546979039,482574.353645523,477423.899977417,494955.634839665,486903.710892312,834752.070577619,851438.612179561,861844.748503023,828374.721545597,411798.841965605,594964.986738535,888084.37733892,863703.088706983,874485.003006814,889984.361586079,1126987.39176023,1151313.0471387,542333.580424027,620360.392267944,794647.698967373,394372.605198327,495356.389248972,575097.757762348,470339.290166484,441096.852700477,1181099.34028048,1005463.26605461,1020792.92586725,1197902.07254737,1524740.95776168,1594706.10562764,1543870.759848,1541318.19279918,1627170.43608726,1655362.56434803,1575416.6850126,1633683.1864645,667190.395935328,678525.590622964,626641.725281002,645567.409781277,418870.002693607,418380.791355365,510004.947681628,430410.842977403,1394516.74318686,1388647.12513008,1671024.69140164,1398308.38806247,1332326.31721849,1347619.66588152,1317228.29483578,1336089.10065229
"9",49963.3104577401,94028.4202341367,2276.10192059092,0,107029.154255109,112017.323456453,180753.449634443,99486.6803598936,69228.7072865509,55405.4164261391,78439.0200494357,28271.1494736123,24983.2414973143,45842.8460848108,48140.9352368503,953829.494898199,913097.398693125,955554.185995476,954312.692401787,864728.844346566,864223.677915873,916231.59998575,859806.209928327,81392.9504877672,72518.4387580875,70498.9993987567,54814.1595735098,1230083.18803121,969474.547176246,45571.8291574053,86650.996391987,756929.106106759,497419.903059787,723850.916764411,741532.942915979,483352.723174375,478204.52479435,495716.454049464,487677.498601079,835635.135065994,852372.478615103,862888.70169312,829401.442825771,412627.384762269,595760.995506257,889126.555194431,864798.877387431,875641.704386121,891152.308293919,1128462.32808647,1152868.35226844,543381.490073215,621418.215896557,795734.617603994,395571.496934837,495989.71050364,575920.314779405,471102.734728509,441904.61410231,1182467.59799291,1006845.76590839,1021708.89802244,1199240.75107641,1526506.52021916,1596501.30671324,1545604.78119486,1543037.61324769,1628844.5965768,1656996.96977549,1577143.15887019,1635362.23007159,668125.910084625,679433.897304846,627572.895971001,646488.171010382,419923.624311089,419377.018195671,510970.404601949,431500.259840688,1396093.79648223,1390262.96425685,1672654.40991709,1399895.02824074,1333861.13340718,1349165.9443265,1318705.50177423,1337626.95246671
"10",0,45104.5844784559,48875.5597447321,49963.3104577401,61077.8617866554,138397.808898493,140235.146397804,50509.5499941643,112391.107416289,100428.14049403,120669.972314729,34976.3079327844,52021.6424661077,89272.7396953108,23854.0595067269,903939.735525326,863273.672027022,905629.372834352,904356.357548968,814825.217077409,814315.332933886,866393.982700775,809958.751241115,71814.9862913005,50633.886064025,100549.743183904,96674.1457759383,1180367.48772542,919553.072930852,39716.1125171427,96387.0305369167,707689.258934617,448323.958381319,674568.15963083,692269.091068575,434165.239305096,429008.045670999,446604.662053465,438509.315383931,786045.559617385,802645.34630274,812969.364146589,779502.393145674,363245.674198249,546487.776020515,839209.12450468,814841.488886504,825685.019067922,841201.27157239,1079412.97077688,1104334.44009332,493458.068661609,571485.21853022,745781.21693013,345651.241042718,447540.464413462,526544.88507305,421982.957763308,392600.264000748,1132926.16770794,957362.522489818,972024.930852565,1149598.89493146,1480030.58593902,1550418.71029298,1498735.4513713,1495997.87289643,1581311.88036567,1609081.83835411,1530182.6728488,1587878.93723347,618397.192360715,629775.164709258,577855.571290921,596796.909997958,369994.467722601,369525.900417347,461176.797419093,381545.08609294,1347709.74554303,1342196.51087413,1624696.43197015,1351585.8877097,1285173.55163929,1300556.97848663,1269661.67114167,1288959.93157692
"11",45104.5844784559,0,92652.2445006779,94028.4202341367,45618.1113546868,178304.475138594,100906.669299956,27686.4268020612,149769.161689948,139605.944682474,157014.780001316,72614.6654060087,89690.6092423603,128093.519383441,51499.9803779941,861742.57654482,821439.176405868,863185.702507561,861562.835291544,772556.659482412,772014.148503562,824491.216231871,768020.282855216,99763.4389234143,75892.2426253947,143037.23482605,141560.015070437,1136148.77535963,877133.894185276,78995.1910264158,131506.728644785,667844.287491385,409148.529245337,634630.279653779,652370.188595518,394768.407706421,389596.223659778,407390.203694249,399157.395435085,745137.597810223,761240.997142313,770587.044760437,737273.07078681,323432.7702299,506689.284927727,796836.007963885,772041.966132737,782431.111724892,797866.971760355,1034545.94908749,1059291.88222355,451158.67302507,529059.150037932,703063.70987697,302180.427215271,409933.274417857,486476.274492526,382796.084624074,352954.307038978,1088448.1704672,912818.796657804,930735.108804551,1105256.50442967,1435095.66141358,1505576.53347362,1453722.98848748,1450958.18523464,1536218.03529964,1563977.79281235,1485154.76804499,1542788.54649336,577066.731309134,588704.948750195,536595.795742452,555626.152719486,327746.021228327,327839.217017628,419681.829365072,338957.192918754,1302642.10839567,1297097.19035907,1579593.31225237,1306507.89830603,1240169.7301823,1255532.85435162,1224793.39162872,1243950.51669587
"12",140235.146397804,100906.669299956,178774.389193468,180753.449634443,135038.425771479,278047.509508116,0,120834.095311186,214229.08837092,209374.774867386,218234.273135987,153205.566011681,165646.850959513,198707.31525268,132691.451911274,810062.808313071,772071.119971813,810058.963625571,806314.274045762,721097.014820117,720367.51624828,774723.623703331,718488.088505116,200434.335816276,176626.863938046,240778.033477755,234217.181910282,1069404.91970993,824067.220492335,178365.265565582,232341.621255887,630002.530661085,380004.866817154,596793.944735321,614475.846051157,365124.914293422,360085.941445717,378128.658057981,369557.511961163,701284.924530155,714675.313586844,718472.204064646,686338.195220669,295175.408877713,471798.433899988,744575.304684768,717357.16642057,724671.63920004,739444.646723468,960762.343954373,981896.732104862,404076.739744036,479535.205078033,649475.738380395,252289.942271715,387701.506127266,450754.510557905,354627.882971202,323938.412491795,1019349.94598089,843584.664364376,883555.367888763,1037456.19888831,1348664.99743142,1417973.59880433,1368547.94769707,1366371.15921345,1453439.79058428,1482814.6476192,1400275.87994667,1459809.59524961,533074.68060209,545914.7491597,493683.043811011,512847.750090199,285458.654415852,289073.717756432,378291.093471362,293848.838604482,1224036.01507675,1216853.41145113,1498616.0412922,1227491.452266,1163435.46198646,1178287.74435394,1150583.74191416,1167080.96580982
"13",50509.5499941643,27686.4268020612,98670.6449891941,99486.6803598936,17933.1680434836,166233.605852853,120834.095311186,0,162643.231282285,150905.393450379,170721.377823293,84550.6458132741,101950.844889649,139692.569803612,66932.5244135805,854773.71885215,813870.720409311,856652.774130278,855687.697257972,765733.10813012,765248.272232265,817033.780357273,760634.504987018,81979.5720945263,59220.8158605731,135101.500147224,139250.146730215,1133655.30890962,870553.686822076,71475.2660805486,116545.785293954,657474.625922454,398014.050019683,624383.938499102,642071.192554358,383908.881165734,378757.336555268,396303.378313337,388240.904574802,736176.497074564,753007.972447435,763966.179174091,730390.453496241,313141.033300259,496294.353737445,790191.703113315,766202.951388326,777530.007140979,793139.207624658,1034782.67817287,1060939.21348622,444538.388566412,522615.600614515,697088.03057498,298219.286478479,397042.730728106,476435.649842557,371684.95681139,342427.463456333,1086856.69017249,911532.820160755,922300.863568384,1103175.61057905,1440529.27185173,1511576.62631468,1458523.10884564,1455474.69230375,1539835.89743156,1566847.13406305,1489793.90565534,1546496.08776376,568772.267626493,580017.090944401,528209.794533392,547098.750056793,321171.556257934,320287.329150042,411726.111222126,333004.915818987,1304563.23842168,1299726.00145258,1582371.77322609,1308600.37659768,1241363.28403918,1256923.13741604,1224989.18543925,1245196.19231684
"14",61077.8617866554,45618.1113546868,106556.610820418,107029.154255109,0,160777.978227536,135038.425771479,17933.1680434836,173081.205362731,160606.561079496,181540.566299546,96036.7672324202,113066.217763054,149716.930149214,80684.4711410016,850419.083903503,809146.552577884,852581.96950921,852046.896447457,761526.236796255,761079.464132793,812380.448770747,756062.913067351,74068.8520640986,53829.0407107426,133114.058358357,140964.106531681,1132099.44283129,866444.731373069,72360.5073999587,109812.809209512,651017.757286796,391398.920799476,618037.342134195,635674.016585102,377511.350256266,372386.292930774,389724.115004058,381794.732202106,730588.010645414,747886.083741109,759893.104795382,726169.430210275,307338.581116144,489997.281447208,786086.376862808,762639.58463337,774571.480712012,790283.619856149,1035031.72860384,1062091.3018633,440832.667449885,518894.898891329,693486.30371373,296708.927378924,389245.233696271,470404.664321224,365148.272633869,336367.112259641,1085901.72291409,910848.854870502,916955.472787187,1101897.51618567,1444026.89828896,1515427.16065125,1461608.02430873,1458376.91223489,1542141.81395147,1568664.28316071,1492768.96931052,1548858.85252794,563772.246401187,574744.68415715,523200.260627115,541971.175527344,317834.983687973,316302.078698089,407205.067332713,330038.032012991,1305819.93780129,1301441.59397198,1584127.538569,1309966.94629175,1242165.32094602,1257848.36589546,1225149.71342353,1246030.93624741
"15",138397.808898493,178304.475138594,114270.839286856,112017.323456453,160777.978227536,0,278047.509508116,166233.605852853,148679.602818826,136253.098464603,156730.55077985,138047.442342572,136554.151189067,135426.8842023,151919.872761893,995042.200591336,952526.429609883,998240.508352313,999216.645520775,907049.183784671,906741.089270046,956020.549236171,900266.989605944,87317.7981127228,107408.290265227,41525.6101563639,65208.0609924396,1284993.24364886,1011916.9867902,99690.7772099628,51464.6750361442,788029.804980243,531008.537945056,755836.889263703,773089.564953518,518268.870295029,513348.490911429,529513.20493364,522275.481764624,870861.65257782,889988.208786759,905900.713334971,871801.57700471,451788.97621974,629392.383644569,931870.841375316,910381.184658675,924194.611243983,940169.805472937,1192007.60038089,1220512.02987919,590032.839555334,667410.361408768,841386.469871948,452465.144878862,523667.751379332,611156.132961477,505597.846353773,479252.149037822,1240336.13451991,1066101.1354139,1057355.98537372,1255534.96891181,1604592.49220005,1676119.2224344,1621949.20588374,1618594.51775097,1701838.11138175,1727814.80660229,1653034.84569711,1708610.22129418,707567.719942696,717410.61365807,667315.089130682,685475.557701425,469417.41869707,466200.893500228,554243.844807295,482376.871409924,1464291.27587114,1460525.54832694,1743199.53914019,1468591.78763799,1399967.21400911,1415839.92891496,1381833.25851523,1403883.87291361
"16",100549.743183904,143037.23482605,72755.4323839655,70498.9993987567,133114.058358357,41525.6101563639,240778.033477755,135101.500147224,112607.166549398,99137.915404935,121334.299019345,96839.7639100678,95044.5406854917,96652.9197785896,111784.036447843,979054.233419806,937127.397515658,981721.05406707,981892.960467664,890530.516989081,890150.48422833,940495.783979135,884411.830054103,66370.3650544543,79784.8304630775,0,28922.6137890738,1264306.6305177,995503.909421005,64401.7535288046,39631.3362137882,775358.444656529,516572.185937209,742767.780650514,760217.92121155,503290.879050729,498262.855954343,514994.584298716,507432.396580795,856857.252144267,875148.919232222,889129.494752733,855195.388703989,434900.286829911,615354.8447632,915236.958942035,892686.138425288,905445.888796115,921276.068277181,1168117.6227897,1195157.87005505,571184.80044713,649052.393419656,823550.604746383,429376.475749907,511323.833469204,596473.699241491,490702.559066578,463184.993049796,1218541.27383655,1043655.8042714,1043475.83460522,1234323.52473923,1575620.31622129,1646608.74431473,1593617.96178305,1590549.62075796,1674755.92657936,1701536.3384629,1624878.61311802,1681437.07880298,691675.463308445,702073.369695954,651199.414457486,669685.437694657,449001.830715339,446702.101490104,536453.359639709,461550.877817884,1438869.82288276,1434350.4490169,1717025.62145739,1442990.43567522,1375275.95405751,1390950.0522447,1358216.18406171,1379139.73520814
"17",96674.1457759383,141560.015070437,57016.8850303062,54814.1595735098,140964.106531681,65208.0609924396,234217.181910282,139250.146730215,84355.5734934664,71357.6578197367,92869.36911176,83066.1493049902,76624.7228759684,70230.940033674,101782.498476252,991035.037429496,949549.169212805,993331.347470595,992937.085802962,902229.913351116,901800.161025194,952828.918378674,896576.045697687,84454.349703083,91165.207390238,28922.6137890738,0,1272660.01322384,1007176.26749613,68619.4009627687,65729.7995863902,789752.034815525,530346.519021358,756953.598822669,774504.881250071,516749.724362215,511666.440841956,528719.813265991,520967.423135762,870292.08058299,888010.817787977,900654.03601102,866873.078071486,447318.074909047,629140.189367233,926830.312823372,903552.529865362,915534.164194639,931241.14696635,1173948.32402297,1199715.39911614,581751.695775311,659799.009758182,834396.407829204,437146.220080519,526446.653456055,609877.668765497,504256.970076763,476052.195166707,1226052.51389264,1050767.24260873,1056820.06417292,1242285.68907158,1576652.75416017,1647085.26368439,1595265.47512928,1592471.46478432,1677550.36201199,1705053.56628248,1626682.9387947,1684145.53602259,704077.460613132,714834.16622637,663523.056189963,682196.411501731,458799.087058303,457198.330932847,547879.529930086,470982.822217508,1443243.14854919,1438057.46593419,1720631.93600522,1447203.82744099,1380311.55712524,1395807.28711905,1364169.03809143,1384128.07231526
"18",71814.9862913005,99763.4389234143,82592.7469285011,81392.9504877672,74068.8520640986,87317.7981127228,200434.335816276,81979.5720945263,148020.239805913,133534.058787093,157453.051765117,92250.8486013452,102089.055565922,125755.286366531,93765.142825814,913047.9766257,871014.084530155,915822.891722346,916185.949992209,824619.513514483,824254.99381851,874403.149822913,818369.084408035,0,23880.8994537703,66370.3650544543,84454.349703083,1199823.36837497,929584.701415009,38006.0759753729,35930.1422075541,708991.815150038,450272.32483147,676410.839088509,693855.467518836,437041.24303305,432024.12795832,448701.565561896,441169.183426967,790565.412108092,808948.533763656,823274.137548581,789297.693331447,368929.005915538,549040.126378023,849354.759728432,827064.747212194,840150.254080176,856032.751616864,1105400.43542399,1133494.31800009,505825.786466053,583565.740792392,757955.578970614,365949.595351762,444958.34731167,530213.958597782,424440.224653535,397072.897967354,1154591.61000485,980038.063217658,977185.774228869,1170082.57883056,1517319.54774762,1588911.32211887,1534635.96576892,1531276.73934198,1614563.2909025,1640639.92706011,1565717.80720219,1621327.79970927,625605.941153806,635916.752680915,585160.547979614,603593.489348366,384173.315896911,381501.08574623,470755.910356272,396915.930611444,1377271.70319696,1373359.59059939,1656042.02854069,1381533.31588962,1313128.55957085,1328948.062646,1295336.51385012,1317030.75141158
"19",50633.886064025,75892.2426253947,73123.0937665726,72518.4387580875,53829.0407107426,107408.290265227,176626.863938046,59220.8158605731,141622.562879728,127539.685688146,150898.477061123,76470.7380833996,89136.8298992331,118349.819487231,73854.6960383838,900536.638401675,858868.158706423,903003.81095015,902905.176324454,811850.626196878,811444.50285836,862182.005689343,805990.940973182,23880.8994537703,0,79784.8304630775,91165.207390238,1184588.28639516,916820.104506599,27342.5579626488,57325.7120086489,698605.273202098,439249.606248676,665824.523758972,683366.548995916,425705.639671653,420632.557564357,437630.226784282,429909.404574309,779297.600320477,797172.80272859,810359.298602952,776500.061069097,356542.634452829,538054.468570861,836504.552531832,813613.103628498,826087.365062799,841880.560143521,1088446.92366345,1115768.19174067,491939.221892574,569894.129290477,744460.836714292,349592.06911671,435299.406467563,518861.499897091,413192.136049062,385142.139845994,1138759.70227531,963873.422273773,965859.47062426,1154565.58417242,1497784.17236956,1569120.03653869,1515415.04176387,1512196.7633365,1595964.91462469,1622446.01234484,1546584.51940531,1602684.18343406,613373.892559588,624007.8743925,572841.924767542,591449.483853352,369473.936852719,367390.249792091,457569.820972741,381940.079195239,1359511.90268194,1355213.20944565,1637901.17501609,1363680.95704472,1295747.43347932,1311463.40135845,1278519.45017393,1299622.02581049
"20",39716.1125171427,78995.1910264158,46368.8436301581,45571.8291574053,72360.5073999587,99690.7772099628,178365.265565582,71475.2660805486,114428.698977431,100275.129900889,123741.94011459,54328.9703950703,64370.7977629314,91278.3334814154,58327.4175898513,922654.358258771,881283.117810223,924874.979609279,924393.568555861,833798.845567434,833359.401372152,884538.544959324,828249.713823527,38006.0759753729,27342.5579626488,64401.7535288046,68619.4009627687,1204154.4296956,938730.39628954,0,56822.1981265997,722304.96179271,462740.832679445,689414.160336548,707009.107124548,449007.175168663,443903.278845625,461091.686191516,453256.142309332,802379.879192083,819887.269895822,832190.051469474,798441.539520479,379218.158333678,561470.248896589,858376.473660504,834992.915777077,846919.447132319,862623.295928438,1106091.52401807,1132401.19279212,513186.67014868,591244.757136781,765838.659347894,368653.688628527,459622.338843546,542048.24054803,436569.213897443,408094.085150339,1157700.37855609,982500.73826784,988836.732352713,1173843.18616738,1511558.59579671,1582431.43502819,1529715.64158542,1526727.85416976,1611234.26898004,1638308.6094228,1561022.72773879,1617883.63254349,635852.411353613,646718.41909205,595286.59163249,614010.347757811,390189.441187117,388647.385271688,479455.756983753,402363.513301975,1376033.22937824,1371195.36583815,1653837.50236541,1380074.29441993,1312789.12231606,1328365.33174131,1296278.84949708,1316626.68735375
"21",96387.0305369167,131506.728644785,88537.6763986691,86650.996391987,109812.809209512,51464.6750361442,232341.621255887,116545.785293954,143736.125256044,129426.285320553,152973.287791778,106441.741703194,111033.285283246,124305.621621669,114588.78095623,946007.317748364,903732.66117407,948990.013538053,949655.703913404,857781.041441195,857444.340175987,907173.398730509,851268.033533719,35930.1422075541,57325.7120086489,39631.3362137882,65729.7995863902,1234390.76141121,962711.502783549,56822.1981265997,0,740478.49298848,482483.427606545,708074.430001095,725431.897949645,469492.483375969,464521.503703496,480949.66735841,473561.442902433,822679.806596474,841426.886593067,856532.83562019,822490.819099057,402181.014694502,581109.033252759,882562.273650403,860667.337099799,874121.175059178,890052.195061964,1140750.41537847,1169101.40216452,539833.080943164,617400.609187339,791607.213257938,401219.285947763,476155.970702852,562567.244118919,456848.622920192,429987.237169125,1189460.73871247,1015076.14165802,1009272.59774628,1204796.87381579,1553244.42955179,1624841.43675517,1570538.3536413,1567163.7485288,1650373.97288942,1676361.50418969,1601610.82355,1657146.9711876,658497.792551571,668579.135961266,618137.801327109,636439.740255624,418710.299006629,415738.521077529,504378.565020501,431576.493175292,1412880.89114948,1409073.94450494,1691750.15493469,1417169.16534412,1348620.43880438,1364473.52394655,1330624.05288448,1352531.69827445
"22",1180367.48772542,1136148.77535963,1228769.56409478,1230083.18803121,1132099.44283129,1284993.24364886,1069404.91970993,1133655.30890962,1279937.84103833,1272491.08068787,1285200.26305247,1207691.76249067,1223791.90436405,1261098.70250776,1185739.85980883,320250.997532033,364247.666421643,311135.36144201,301834.519054773,394497.468796377,394214.485739228,359750.54118057,406375.294336787,1199823.36837497,1184588.28639516,1264306.6305177,1272660.01322384,0,300320.814503101,1204154.4296956,1234390.76141121,535808.899754629,763173.409325246,560686.974926109,547060.496033345,773845.077574998,778321.75282227,764350.031977529,770350.880305528,450654.166811421,425280.147222229,393612.282117405,426965.849036153,835109.50731902,670955.992469525,370444.881645197,383109.013846218,364366.244643842,348070.691923971,146209.963533982,179580.110849217,695540.03598187,619265.04338745,449339.227922263,835513.806267798,777895.527410494,685407.684610222,786353.80012992,809370.045767932,59471.7579613427,227107.424614418,305618.993142911,34915.547208553,473464.63495335,547021.176767178,465358.879357201,453656.163555714,496399.650264091,501059.455732504,484779.208023244,504621.738913332,587742.307323139,581051.335497923,625665.901223486,609445.320182608,815688.460938469,818809.601538722,732408.765964462,802908.639703507,256183.936278135,276723.56650755,512955.363282233,264647.914739635,189497.331607091,206063.10688727,145219.197362854,193672.716505793
"23",919553.072930852,877133.894185276,968428.576760534,969474.547176246,866444.731373069,1011916.9867902,824067.220492335,870553.686822076,1025498.50552519,1016388.97513069,1031806.06362798,949728.731832231,966629.677498186,1004861.27184078,928247.601720132,19980.0705318051,64235.6537750431,14008.8283846878,27222.0219679131,104974.614572252,105378.23078118,59860.5695378431,112239.176141368,929584.701415009,916820.104506599,995503.909421005,1007176.26749613,300320.814503101,0,938730.39628954,962711.502783549,237762.798633745,481521.388533502,265147.392332454,250152.453879417,493829.744738716,498691.92848016,482935.392684306,489907.634792883,151368.435926648,127094.752785674,106588.776920361,140320.326207042,560656.444671051,384519.11631766,80364.8496666157,107116.499185933,106853.629776669,96788.1205480558,284634.140823987,341423.230494164,426095.007939951,348092.209222383,174671.797195018,575959.956983158,492160.788252268,401538.237882114,506514.041075498,532734.627146645,277544.187278,176152.621919799,81660.2298979738,281074.829252572,743282.000419632,819978.481684738,743081.378775113,733468.000864998,788763.399671609,797924.864493095,766899.742912882,796824.115228827,304381.200057384,294989.980450795,344606.608263571,326492.733981872,549560.729374532,550293.200183131,459299.053240936,538177.311243283,540302.944094929,552573.446142723,810552.686308855,547706.649579247,469272.054876368,487070.472486352,433226.907088461,473733.891346559
"24",905629.372834352,863185.702507561,954504.932101218,955554.185995476,852581.96950921,998240.508352313,810058.963625571,856652.774130278,1011525.13319713,1002427.66131541,1017826.14785266,935778.044083774,952673.24974135,990900.161391716,914290.523153897,14004.1587162839,53221.2085387847,0,20924.421440397,91209.6712464388,91570.6246115655,48676.8022501188,99007.3331376907,915822.891722346,903003.81095015,981721.05406707,993331.347470595,311135.36144201,14008.8283846878,924874.979609279,948990.013538053,225700.944935095,467973.018036143,252561.178581274,237813.568579033,480221.106685155,485071.237881344,469377.59189812,476313.640119101,139698.428755449,114885.166868978,92693.2455852246,126526.719327613,546899.892597723,371147.001718455,66501.8031338987,93173.2736484495,93874.5593862048,84659.2563009277,289925.163887325,346007.805891278,412172.708382144,334156.473033235,160665.430862932,561974.931067849,478827.857575646,388036.495381285,492905.78984396,519028.718924185,286524.190821392,176914.957584852,91999.3508763349,290970.643989979,750234.46882028,827039.186324288,750646.27359951,741221.945902225,797699.336117796,807508.890029607,774803.262720735,805733.290248198,290755.121367415,281494.206417201,330926.111910473,312873.704929947,535635.173549921,536404.182852097,445462.104453911,524230.996494438,548828.78636263,560452.080415878,820267.350093736,556128.036382189,477748.298940921,495551.480266252,442431.109365442,482208.501710953
"25",904356.357548968,861562.835291544,953219.326402073,954312.692401787,852046.896447457,999216.645520775,806314.274045762,855687.697257972,1009402.50353697,1000542.67347942,1015557.33553981,934093.499283181,950887.202924008,989021.559856945,912503.358114134,34759.4237835138,66736.3107524783,20924.421440397,0,93928.1746730299,93903.9064600608,62156.3059205426,104671.482654976,916185.949992209,902905.176324454,981892.960467664,992937.085802962,301834.519054773,27222.0219679131,924393.568555861,949655.703913404,233999.146149306,470053.263628594,259185.961690223,245269.420546033,481918.534908511,486686.330550981,471400.156040768,478107.489576339,149633.069564392,123779.644982008,94062.5975907687,128275.056246592,547486.990556671,374326.050144974,69222.2907184823,89521.820357016,83925.6281944608,72086.1141059468,272826.707522771,328192.341358924,411230.068601431,333154.783601478,158599.699543134,559761.737338373,482045.550998637,390497.245873588,494592.203193613,520026.61994267,273977.019101173,156895.737336301,108845.504768792,279946.288365242,734504.576152182,811410.820463374,735646.019314825,726463.330070063,784564.431141473,795401.662059986,760225.813917982,792555.150400404,292679.533403451,284234.349755112,332377.992001443,314783.353663264,534516.141129343,535746.21061793,445445.71892452,522812.625949874,535215.820204051,545943.343475282,808376.350527009,542360.953781137,464123.986135967,481917.391964185,429945.399911928,468577.57609647
"26",903939.735525326,861742.57654482,952809.885223742,953829.494898199,850419.083903503,995042.200591336,810062.808313071,854773.71885215,1010374.73996621,1001120.35653017,1016772.27912137,934354.146842283,951312.537759173,989591.42625596,912941.335782421,0,44727.0480757034,14004.1587162839,34759.4237835138,89233.5639752619,89848.5855309,40500.1614166483,94784.0542952122,913047.9766257,900536.638401675,979054.233419806,991035.037429496,320250.997532033,19980.0705318051,922654.358258771,946007.317748364,218504.371738669,464320.614125621,246356.231904191,231119.037417027,476806.326298785,481705.478644309,465761.389580116,472839.755885457,131924.250360042,108112.220859914,91597.0516368405,124470.280053938,544153.959750713,366906.368537641,65513.2608823824,95407.237941917,100108.147564945,92713.8993912118,302912.596623007,359262.296509531,410584.811065098,332745.95438635,160757.819015226,561078.602789497,474424.007136943,384237.888529459,489485.615692898,516035.95579289,297395.38267611,190881.070622639,84019.7381462308,301047.919986536,762487.189062246,839233.949228806,762541.239974567,752997.538799514,808627.120558913,817883.222867614,786482.474376596,816682.596787192,287511.034547068,277739.057047939,327894.839108606,309581.934816519,534028.695228974,534490.367867583,443214.882026654,522834.026188279,560066.029998829,572140.076314262,830521.378840445,567441.974687629,489018.620797878,506819.2599087,453130.500525967,493480.258382257
"27",863273.672027022,821439.176405868,912118.543200619,913097.398693125,809146.552577884,952526.429609883,772071.119971813,813870.720409311,970436.475208199,960956.671167363,976974.831317216,894047.75254319,911089.978896584,949429.688405393,872750.478598203,44727.0480757034,0,53221.2085387847,66736.3107524783,53287.9897084583,54471.5629152064,4609.10589671936,53608.1909437608,871014.084530155,858868.158706423,937127.397515658,949549.169212805,364247.666421643,64235.6537750431,881283.117810223,903732.66117407,173788.497297326,421557.873290735,201894.78270972,186493.011467851,434281.438971348,439229.049027695,423034.518927768,430255.365087257,87202.5861519796,63649.9589124649,57630.0197796625,86148.6426979044,502332.44586436,323670.451499072,36779.4637803745,70352.2799129805,87313.644460346,87499.2235778976,339263.670119148,394097.983783006,370516.054665111,293170.277232616,125836.755130779,521830.583517547,430955.587028658,341409.659538941,446943.907069286,473947.047200742,339461.95689943,219372.61389393,112504.462308457,344177.139481815,801236.186452745,878146.064028584,802334.53274642,793102.96509021,850507.938252237,860616.658753731,826820.077604511,858525.240231388,245494.573406219,235154.16730683,286031.852483902,267447.112169037,493732.866590441,493757.438299531,402145.211321207,482861.778605749,601408.750139612,612505.573019741,873413.727841781,608630.852023421,530313.901655323,548114.717337839,495422.89965042,534771.483886383
"28",866393.982700775,824491.216231871,915245.120905458,916231.59998575,812380.448770747,956020.549236171,774723.623703331,817033.780357273,973428.093036167,963988.252379917,979941.768092411,897102.994799134,914130.603400098,952460.570479487,875784.059532726,40500.1614166483,4609.10589671936,48676.8022501188,62156.3059205426,54934.4428450925,56014.9701574988,0,56483.0354899423,874403.149822913,862182.005689343,940495.783979135,952828.918378674,359750.54118057,59860.5695378431,884538.544959324,907173.398730509,178017.6418348,425088.513083591,205930.640088469,190626.134792892,437757.941198816,442694.952787752,426556.827270208,433745.155484575,91514.9905570802,67664.4810972851,58932.9073698834,88521.8508115677,505661.305297585,327309.418658901,36609.0535724936,70319.112786918,85894.7716318938,85282.4284757954,334741.697760066,389636.75139791,373485.028605919,296028.160067602,127712.253588418,524674.275892991,434664.585649029,344948.250158605,450425.247413672,477330.316692838,334862.877566746,215152.857079462,110507.74632794,339612.919102827,796660.336059368,873566.99322403,797737.516925301,788501.377221892,845902.481502082,856029.378024188,822215.854151662,853919.346201985,248827.408413579,238615.595869544,289341.250367841,270812.189712839,496762.018412023,496868.847271756,405311.194221197,485830.185814205,596799.976215365,607900.233658768,868832.096869669,604021.769451094,525705.091380681,543505.879405546,490826.045258551,530162.654630087
"29",809958.751241115,768020.282855216,858813.968144058,859806.209928327,756062.913067351,900266.989605944,718488.088505116,760634.504987018,916945.219545737,907510.909862451,923459.392788366,840632.915770313,857655.740947724,895983.085184606,819307.400877915,94784.0542952122,53608.1909437608,99007.3331376907,104671.482654976,16777.2584315725,18223.7971893056,56483.0354899423,0,818369.084408035,805990.940973182,884411.830054103,896576.045697687,406375.294336787,112239.176141368,828249.713823527,851268.033533719,129892.900876842,369546.20639354,154525.391920819,140695.259104431,382023.464829298,386925.16855105,370983.387940197,378055.705012189,50586.5031463215,25256.0177000617,22014.3821930965,33582.6023246375,449523.992276368,272300.984417211,36257.9114046977,44266.1745638168,72601.8387996829,82639.8482695842,365638.725757038,417328.46223911,317002.03943785,239578.425550826,74813.4402465838,468235.672906581,379924.200797555,289480.491331112,394702.376395475,421320.826583851,376452.339204592,237429.977407408,165565.098211671,383742.294495285,829194.043146584,906259.255690805,832398.376779156,823842.505891254,885193.663193529,897534.590752226,857986.620919888,893103.683611748,192776.462395533,182963.159904133,233213.295238624,214828.73806904,440285.947380439,440433.370748931,348929.269092365,429347.340095066,635375.179485822,644293.89241191,910768.35090083,642225.253641405,564433.773452084,582163.543914874,532030.036228872,568863.958266675
"30",814825.217077409,772556.659482412,863698.52198423,864728.844346566,761526.236796255,907049.183784671,721097.014820117,765733.10813012,921147.245938226,911911.201883713,927539.604995018,845165.544132065,862111.717829084,900382.345466189,823737.82418275,89233.5639752619,53287.9897084583,91209.6712464388,93928.1746730299,0,1726.43535757495,54934.4428450925,16777.2584315725,824619.513514483,811850.626196878,890530.516989081,902229.913351116,394497.468796377,104974.614572252,833798.845567434,857781.041441195,143394.659442784,376968.707166765,166294.555033849,153338.49245685,389112.558580743,393945.452219151,378355.092184075,385227.694505845,67015.0843171023,42030.3228294153,6077.65807610254,35357.3167029465,455693.872921412,280635.454418437,24921.417746866,28027.0043294502,55954.9364968568,65896.4181325934,350266.968961595,401495.719744895,321411.341168112,243527.499109827,72823.6208433694,471853.485167792,388370.684974347,297152.979634519,401796.776508887,427825.107391134,363111.943428703,221333.464073047,165431.118455187,371091.372586841,813766.466597577,890835.706019564,817291.932905202,808850.979447571,870938.33237503,883786.106164124,843058.765384395,878823.206848435,199647.425769567,190688.29888577,239743.673737857,221772.190207228,444871.346135115,445448.813322262,354350.630840642,433627.399701946,621069.404587248,629557.502448362,897123.973740311,627839.087571564,550205.904752781,567908.157203445,518393.635063343,554627.091119424
"31",814315.332933886,772014.148503562,863189.468840799,864223.677915873,761079.464132793,906741.089270046,720367.51624828,765248.272232265,920568.041588234,911352.046874816,926948.144604674,844621.019278602,861559.106031876,899823.292883015,823183.429091419,89848.5855309,54471.5629152064,91570.6246115655,93903.9064600608,1726.43535757495,0,56014.9701574988,18223.7971893056,824254.99381851,811444.50285836,890150.48422833,901800.161025194,394214.485739228,105378.23078118,833359.401372152,857444.340175987,144021.450022849,376754.610480017,166661.617042314,153833.348301283,388859.894736657,393684.676494629,378135.130875532,384984.653211639,68250.864512521,43447.5283972336,4351.42740240696,34957.3658175487,455335.104886049,280539.074481142,25134.838118945,26374.313196486,54415.5277411686,64558.7614498507,349376.328254508,400492.399822572,320882.736954042,242967.483156802,71848.5945985636,471231.574479484,388273.402117037,296977.517568401,401543.52026893,427504.636907585,362604.736255492,220266.159017228,166478.385466612,370693.890315973,812853.636334312,889923.151066548,816448.441382501,808031.246604872,870258.837270983,883195.301795762,842251.57193769,878139.069620798,199406.466442273,190546.10780377,239453.079858212,221531.829149416,444347.827229894,444969.23680339,353921.740256747,433073.918156174,620384.525493835,628791.132911598,896550.617536757,627139.276949878,549536.92372616,567233.708187769,517829.155736042,553956.356863529
"32",812969.364146589,770587.044760437,861844.748503023,862888.70169312,759893.104795382,905900.713334971,718472.204064646,763966.179174091,919046.35530722,909880.807698952,925395.616986933,843187.534533823,860105.042242312,898352.477030463,821725.5292392,91597.0516368405,57630.0197796625,92693.2455852246,94062.5975907687,6077.65807610254,4351.42740240696,58932.9073698834,22014.3821930965,823274.137548581,810359.298602952,889129.494752733,900654.03601102,393612.282117405,106588.776920361,832190.051469474,856532.83562019,145607.007800402,376170.930033925,167585.088904595,155083.52598394,388177.968315833,392981.905867578,377536.547029478,384327.305686946,71403.0555257898,47069.6002146841,0,34237.0921078222,454381.140339375,280264.04342379,26249.9315094178,22287.2430144071,50628.8604538176,61327.3990063245,347228.143628484,398050.881988701,319512.335196792,241529.742772358,69453.120056203,469614.616572281,387983.048681609,296500.524574222,400859.050443467,426648.922428903,361435.945478753,217677.171814347,169228.704875275,369803.340603737,810632.38261274,887701.555305028,814404.396879721,806048.017247713,868632.222665682,881794.151098332,840299.825035888,876500.516468568,198785.736264868,190177.718067791,238696.220906751,220906.10296003,442979.862091368,443711.812830392,352799.053546653,431631.258315784,618749.473124734,626947.937239899,895193.618202851,625465.958057108,547944.779205452,565626.971326077,516504.52860841,552359.575566081
"33",779502.393145674,737273.07078681,828374.721545597,829401.442825771,726169.430210275,871801.57700471,686338.195220669,730390.453496241,885923.873811626,876652.113388099,892340.857526736,809884.320281659,826842.513130296,865123.170609368,788471.71535905,124470.280053938,86148.6426979044,126526.719327613,128275.056246592,35357.3167029465,34957.3658175487,88521.8508115677,33582.6023246375,789297.693331447,776500.061069097,855195.388703989,866873.078071486,426965.849036153,140320.326207042,798441.539520479,822490.819099057,116534.306809093,341945.523694893,135655.953854549,124413.718679427,353983.98988573,358797.176293712,343314.628224594,350123.594599797,58038.4550086406,44322.434841981,34237.0921078222,0,420377.84343493,246072.615948096,60072.6367597744,45700.4294121917,72021.4204857113,86521.4458111916,375715.236486552,424910.256609342,286116.577184148,208289.852284805,41474.0915770165,436738.156596136,353780.207309054,262263.467909583,366666.327732801,392559.264605753,393550.052315044,244194.909023018,198588.372393215,402598.322404203,838394.367190747,915436.778690997,843057.128549155,834990.536003248,899066.156082268,913033.264633016,869377.58872816,906887.073356129,164565.333758595,155960.088548835,204535.787874698,186688.045843225,409566.594940293,410104.216573642,318993.659486818,398366.045055332,649220.597458342,656579.299773134,926576.398984318,655788.028815059,578605.750020519,596226.102945613,548083.588368083,583001.470203835
"34",786045.559617385,745137.597810223,834752.070577619,835635.135065994,730588.010645414,870861.65257782,701284.924530155,736176.497074564,894709.203635296,884729.190218314,901558.121712457,817601.002253362,834807.506185393,873224.494712056,796609.489077113,131924.250360042,87202.5861519796,139698.428755449,149633.069564392,67015.0843171023,68250.864512521,91514.9905570802,50586.5031463215,790565.412108092,779297.600320477,856857.252144267,870292.08058299,450654.166811421,151368.435926648,802379.879192083,822679.806596474,86756.2646248215,340293.925554031,116175.031849403,100009.714929776,353620.969739688,358678.667875617,341864.45483082,349449.111382401,0,26428.4590583273,71403.0555257898,58038.4550086406,423252.289749633,241572.8462796,85113.5288359981,92613.6435556232,121419.503047,132725.152376112,415603.090843909,467711.721295668,297238.627351219,222818.941724657,90129.6137818507,449241.972293879,347655.170925338,260441.63654203,366177.657310144,394285.883018204,423460.968066571,287982.778264109,186620.43489697,429523.378181093,879137.415924023,956192.001067321,881934.283158461,873221.080150644,933423.000676306,944883.069179613,907269.840285103,941373.093824777,168579.115676456,156476.704628614,208750.930972645,189627.454639136,418668.159429368,417562.035903249,325731.356679794,408708.346234367,683763.045442882,693342.088487135,957925.146400079,690738.555892372,612729.744460347,630494.530156274,579360.300153741,617172.022483123
"35",802645.34630274,761240.997142313,851438.612179561,852372.478615103,747886.083741109,889988.208786759,714675.313586844,753007.972447435,910566.726257358,900838.051058628,917261.321720468,833803.345226294,850930.539854311,889318.871902211,812648.153135687,108112.220859914,63649.9589124649,114885.166868978,123779.644982008,42030.3228294153,43447.5283972336,67664.4810972851,25256.0177000617,808948.533763656,797172.80272859,875148.919232222,888010.817787977,425280.147222229,127094.752785674,819887.269895822,841426.886593067,110822.442416469,358994.331611215,138266.372038687,123060.763733267,371951.976915751,376945.760825293,360506.184037697,367867.472303273,26428.4590583273,0,47069.6002146841,44322.434841981,440695.033427524,260730.16441569,58705.8091024097,69115.2958206945,97690.6483207618,107885.649604322,389216.692900406,441475.016910778,311349.033171191,235161.28336767,83734.9803741951,463276.230554063,367737.880896859,278868.182202889,384584.592327217,412045.080842226,397365.413494135,261966.799969985,169534.186328004,403724.166593573,852738.756075141,929791.190624661,855505.990594562,846794.219595311,907120.927541832,918753.592574299,880846.480517826,915064.536188418,184248.536045148,173176.79759872,224800.456766394,205930.841050026,433915.908838282,433403.119201512,341566.274165766,423474.368412065,657429.595109234,666931.819276229,931839.154000605,664387.261427626,586407.619901127,604167.766377177,553215.426242085,590848.223555988
"36",839209.12450468,796836.007963885,888084.37733892,889126.555194431,786086.376862808,931870.841375316,744575.304684768,790191.703113315,945293.483283725,936130.663113697,951639.132825454,869436.851287735,886354.928567739,924602.340503368,847975.446483796,65513.2608823824,36779.4637803745,66501.8031338987,69222.2907184823,24921.417746866,25134.838118945,36609.0535724936,36257.9114046977,849354.759728432,836504.552531832,915236.958942035,926830.312823372,370444.881645197,80364.8496666157,858376.473660504,882562.273650403,166136.485638202,401874.150377585,190253.110443466,176764.213427656,413992.609737643,418818.63459227,403257.444060379,410115.202393993,85113.5288359981,58705.8091024097,26249.9315094178,60072.6367597744,480440.894934987,305546.081376911,0,33710.063062329,52301.0150024219,56087.5012464147,330514.765138726,382966.461729364,345753.882146273,267777.975872571,95256.0229655612,495848.251998251,413280.824043755,322071.787854397,426676.361237004,452631.055845237,340194.631487012,203977.494808864,144892.082944118,347558.871982264,794032.955130944,871085.436273596,796861.4503595,788197.657745541,849091.038368598,861301.353131098,822284.444159765,857010.660194641,224535.728697131,215609.638330347,264587.281733748,246661.067571957,469221.997423457,469928.547364655,378960.307930682,457880.576875703,599302.985360397,608461.242146617,874522.619090213,606188.688574705,528334.400040626,546073.848110847,495787.88625335,532767.798650551
"37",814841.488886504,772041.966132737,863703.088706983,864798.877387431,762639.58463337,910381.184658675,717357.16642057,766202.951388326,919925.305766811,911037.921003192,926103.566117535,844575.062678131,861374.171076017,899516.049725322,822989.830478686,95407.237941917,70352.2799129805,93173.2736484495,89521.820357016,28027.0043294502,26374.313196486,70319.112786918,44266.1745638168,827064.747212194,813613.103628498,892686.138425288,903552.529865362,383109.013846218,107116.499185933,834992.915777077,860667.337099799,161905.391267715,382372.018740166,181258.697572441,170098.770709436,393869.967662863,398561.298849159,383661.548270349,390148.630818757,92613.6435556232,69115.2958206945,22287.2430144071,45700.4294121917,458592.270686344,288195.360780322,33710.063062329,0,28805.8647285613,41399.8061967524,330158.001974191,379827.116726614,321806.954614622,243755.04090352,69157.3793965083,470276.486599206,395585.823236355,303414.34451619,406515.94675354,431402.240641572,348425.058284361,199134.6610576,177337.3839188,358020.032409611,793071.70550792,870126.475067888,797511.336490214,789390.757161823,853376.286299709,867464.849076159,823757.344703644,861194.358724825,205440.526490304,198098.09353202,244456.672431671,227403.094827058,445034.163789054,446354.705825313,356317.759865893,433300.376565516,603537.700289933,610892.431954726,881046.193455433,610094.988265259,532945.404768076,550557.492630849,502650.376109371,537338.512561045
"38",363245.674198249,323432.7702299,411798.841965605,412627.384762269,307338.581116144,451788.97621974,295175.408877713,313141.033300259,473186.286737365,462649.282838048,480422.055511016,395455.377789157,412796.599129945,451196.73240696,374897.913667155,544153.959750713,502332.44586436,546899.892597723,547486.990556671,455693.872921412,455335.104886049,505661.305297585,449523.992276368,368929.005915538,356542.634452829,434900.286829911,447318.074909047,835109.50731902,560656.444671051,379218.158333678,402181.014694502,344510.37710399,86163.7009798197,311349.886815689,329065.989796905,71526.0871996787,66356.0972534498,84350.3637339641,75954.7939682174,423252.289749633,440695.033427524,454381.140339375,420377.84343493,0,183306.782712742,480440.894934987,458592.270686344,472733.281284158,488792.081216936,750105.160822121,784106.413113483,139889.086577504,216048.334568845,389609.94680054,75354.6430182194,92946.9355747353,163302.084149231,60031.2670612698,29583.2100477576,792470.686896355,620491.991573334,609634.002160434,806524.088221149,1184139.03664679,1258596.38587635,1197440.49050921,1192465.17406174,1270173.17035326,1292366.63807778,1227299.20297317,1277354.1868878,256838.880445446,267518.416587147,216324.630154222,234907.076596364,45707.0249258422,34055.3571574568,102752.00925467,56452.7767292338,1026509.17399663,1025977.22401019,1307246.77348161,1031518.35016023,959725.069043074,976249.326778424,938120.509038976,963814.840299355
"39",546487.776020515,506689.284927727,594964.986738535,595760.995506257,489997.281447208,629392.383644569,471798.433899988,496294.353737445,656455.717660994,645955.70220309,663640.447364625,578761.42859947,596098.942470332,634501.714429241,558169.617965139,366906.368537641,323670.451499072,371147.001718455,374326.050144974,280635.454418437,280539.074481142,327309.418658901,272300.984417211,549040.126378023,538054.468570861,615354.8447632,629140.189367233,670955.992469525,384519.11631766,561470.248896589,581109.033252759,161208.696105331,98813.0659295537,128089.967417597,145781.49334341,112486.694605697,117611.663286024,100424.414381576,108217.353416553,241572.8462796,260730.16441569,280264.04342379,246072.615948096,183306.782712742,0,305546.081376911,288195.360780322,306962.486831417,323265.289941449,602770.444266868,644222.392904302,86506.4090876678,80634.9464841768,221889.279077175,221989.423965988,107735.285284233,21151.6389644659,124902.078239342,153888.533421557,633545.507953749,469499.473560481,428180.517614444,644851.48977629,1055165.64452868,1131405.38085833,1064293.9183644,1057739.82848011,1128831.79344371,1146674.55672048,1092558.26375502,1136382.63183674,83469.1481393404,90180.6380576798,50410.9123640812,62529.2540903953,186521.855986257,182829.904257192,95815.2253827935,179362.604509716,880635.839520975,884117.661739263,1160866.76097886,886481.763204598,811414.929676229,828622.341508712,784968.450609354,815691.900360497
"40",674568.15963083,634630.279653779,723054.583464666,723850.916764411,618037.342134195,755836.889263703,596793.944735321,624383.938499102,784398.45349595,773972.694741018,791526.015907839,706777.255863381,724100.036347422,762510.610979269,686122.468661725,246356.231904191,201894.78270972,252561.178581274,259185.961690223,166294.555033849,166661.617042314,205930.640088469,154525.391920819,676410.839088509,665824.523758972,742767.780650514,756953.598822669,560686.974926109,265147.392332454,689414.160336548,708074.430001095,33302.9922028046,226675.758530035,0,17765.1859036469,240540.852353085,245676.917434656,228332.897599895,236245.394129221,116175.031849403,138266.372038687,167585.088904595,135655.953854549,311349.886815689,128089.967417597,190253.110443466,181258.697572441,205837.340906139,221270.4443583,510252.895537682,557824.366951764,195807.25189753,132689.986205168,128131.4353266,344911.103753873,232204.001609701,148156.861427151,252891.048972883,281968.779051544,528931.218042574,377610.593425965,301740.826808737,537348.8689487,971700.488739875,1048659.31695655,977298.157843909,969500.457978189,1034545.89551457,1048689.08717842,1003991.23526553,1042346.45499108,72227.590624164,57923.6728643434,105526.84916918,87275.841296782,311586.696859738,309072.9562822,218508.421319365,302961.729542661,784742.344190933,791682.96360504,1062227.97873122,791253.122343707,714192.799582279,731794.736807049,683696.893570567,718583.180239505
"41",692269.091068575,652370.188595518,740741.546979039,741532.942915979,635674.016585102,773089.564953518,614475.846051157,642071.192554358,802138.950357624,791699.664842346,809273.258981821,724504.249915406,741830.3949188,780239.4338243,703861.036320971,231119.037417027,186493.011467851,237813.568579033,245269.420546033,153338.49245685,153833.348301283,190626.134792892,140695.259104431,693855.467518836,683366.548995916,760217.92121155,774504.881250071,547060.496033345,250152.453879417,707009.107124548,725431.897949645,15546.1313847335,244287.621930779,17765.1859036469,0,258199.812609264,263340.504984519,245953.577379579,253895.175922984,100009.714929776,123060.763733267,155083.52598394,124413.718679427,329065.989796905,145781.49334341,176764.213427656,170098.770709436,195744.853444058,210774.195129315,500038.9129659,548570.23646232,213087.862865054,148285.239663269,121862.186396442,362533.91519075,249422.398868401,165903.276051095,270526.467874331,299669.146526035,516438.082892074,368006.883910243,284756.634117523,524290.107660953,962321.025051889,1039333.42684453,967336.812209971,959340.819976157,1023336.05888504,1036849.53589755,993750.580618454,1031173.37787611,87792.9241811441,73485.4929465794,122642.139289286,104118.138118693,329310.134610704,326828.887506074,236203.19737799,320633.330995458,773464.355181742,780990.576030454,1050270.55999323,780082.809152572,702764.642971232,720414.192365591,671588.042643751,707169.478779381
"42",707689.258934617,667844.287491385,756143.804043894,756929.106106759,651017.757286796,788029.804980243,630002.530661085,657474.625922454,817613.443932454,807154.162866238,824758.646070443,739959.060997297,757289.931297205,795696.613908604,719332.874422138,218504.371738669,173788.497297326,225700.944935095,233999.146149306,143394.659442784,144021.450022849,178017.6418348,129892.900876842,708991.815150038,698605.273202098,775358.444656529,789752.034815525,535808.899754629,237762.798633745,722304.96179271,740478.49298848,0,259619.39844411,33302.9922028046,15546.1313847335,273580.348221732,278725.780847095,261294.327270203,269266.056602205,86756.2646248215,110822.442416469,145607.007800402,116534.306809093,344510.37710399,161208.696105331,166136.485638202,161905.391267715,188468.325209438,203030.432865444,492047.029602368,541435.843252889,228401.29351204,162573.986122713,118997.008345088,378033.850867101,264379.013542494,181394.07193225,285880.677767714,315094.911978309,506286.134523495,360725.667142614,270213.682134942,513593.753731426,954914.641678054,1031960.63529835,959396.726487899,951220.393563311,1014236.90279347,1027165.42452552,985549.053785423,1022106.91462358,102254.701214434,88029.3788461113,137895.199494378,119241.024592589,344852.711369974,342373.681844801,251737.166431882,336157.042995676,764355.033584698,772422.380661784,1040475.15492319,771071.714391929,693537.036421611,711225.239109678,661733.297455656,697953.899724321
"43",448323.958381319,409148.529245337,496662.641701148,497419.903059787,391398.920799476,531008.537945056,380004.866817154,398014.050019683,558822.716884032,548084.022168642,566163.040624784,480919.668936836,498304.216944449,536663.771404177,460555.60872418,464320.614125621,421557.873290735,467973.018036143,470053.263628594,376968.707166765,376754.610480017,425088.513083591,369546.20639354,450272.32483147,439249.606248676,516572.185937209,530346.519021358,763173.409325246,481521.388533502,462740.832679445,482483.427606545,259619.39844411,0,226675.758530035,244287.621930779,14880.6690165505,19946.7740120841,1892.95790397423,10461.5899968166,340293.925554031,358994.331611215,376170.930033925,341945.523694893,86163.7009798197,98813.0659295537,401874.150377585,382372.018740166,398933.993475485,415197.784985839,686735.005998786,724577.200744188,85516.8000269461,147401.574419467,314313.275596143,139615.517878234,28390.3284313571,80151.3819544501,26357.1487371471,56630.8553025099,723260.379524172,554785.462770788,526914.331267168,735882.185425865,1131057.87840033,1206535.65553141,1142269.8358608,1136483.92554064,1210901.46216535,1230853.33294648,1171362.38702079,1218282.61288906,177387.772006869,186583.051918767,137921.634481007,155273.649673596,101113.828137994,93814.0920649812,51521.5497250019,99120.9555033166,964543.481028828,966072.222653772,1245387.84383631,969992.843906936,896380.830524326,913288.742375111,872219.203095562,900574.991736913
"44",446604.662053465,407390.203694249,494955.634839665,495716.454049464,389724.115004058,529513.20493364,378128.658057981,396303.378313337,557072.174010966,546346.550220007,564404.971861513,479179.282622006,496561.418485438,534924.123637175,458802.266760775,465761.389580116,423034.518927768,469377.59189812,471400.156040768,378355.092184075,378135.130875532,426556.827270208,370983.387940197,448701.565561896,437630.226784282,514994.584298716,528719.813265991,764350.031977529,482935.392684306,461091.686191516,480949.66735841,261294.327270203,1892.95790397423,228332.897599895,245953.577379579,13004.133126373,18089.1773699258,0,8576.27070384087,341864.45483082,360506.184037697,377536.547029478,343314.628224594,84350.3637339641,100424.414381576,403257.444060379,383661.548270349,400137.560761388,416396.903229426,687639.627645789,725373.261146161,85625.0476572778,148274.425773071,315553.560785825,137761.288122393,29131.1007906766,81644.2635712185,24622.1751315308,54805.2963466488,724346.918393498,555745.914686677,528484.540701791,737015.210869519,1131702.09243183,1207155.85233843,1142970.98608623,1137206.93760701,1211718.32990441,1231734.07714151,1172085.62700668,1219094.14767887,178750.810832826,188022.440920293,139205.035672377,156631.807061238,99251.7215950085,91927.8397490405,51116.0532468299,97323.3818785014,965426.40869575,966896.305201984,1246278.89013771,970863.378647466,897300.162564712,914197.804134926,873213.096162569,901491.503839982
"45",438509.315383931,399157.395435085,486903.710892312,487677.498601079,381794.732202106,522275.481764624,369557.511961163,388240.904574802,548863.827273439,538184.217144849,556170.46670153,471007.797318572,488381.104085975,526754.280797851,450585.714104749,472839.755885457,430255.365087257,476313.640119101,478107.489576339,385227.694505845,384984.653211639,433745.155484575,378055.705012189,441169.183426967,429909.404574309,507432.396580795,520967.423135762,770350.880305528,489907.634792883,453256.142309332,473561.442902433,269266.056602205,10461.5899968166,236245.394129221,253895.175922984,4449.79033033445,9600.83980355094,8576.27070384087,0,349449.111382401,367867.472303273,384327.305686946,350123.594599797,75954.7939682174,108217.353416553,410115.202393993,390148.630818757,406275.513571258,422514.611004111,692509.278375127,729779.236338968,87464.8617975001,153171.57321192,321854.246249949,129601.745255428,32946.2537281092,89044.8891911189,16729.8851817176,46380.3737773215,729977.133925613,560861.091934007,536057.631905428,742837.463942239,1135437.78834963,1210785.42659303,1146952.33676585,1141282.62375246,1216194.76777844,1236482.43252126,1176161.36929797,1223547.61733179,185580.417371372,195140.562426833,145754.407177695,163455.505574964,91044.905309562,83511.6632412304,50991.4797920333,89565.030148834,970191.125661834,971410.473700329,1251070.73928518,975575.258529515,902221.624984062,919075.159790989,878449.822372973,906400.875316318
"46",434165.239305096,394768.407706421,482574.353645523,483352.723174375,377511.350256266,518268.870295029,365124.914293422,383908.881165734,544481.655533392,533816.87947365,551780.148932097,466637.85429815,484008.182141352,522384.548108512,446201.457823613,476806.326298785,434281.438971348,480221.106685155,481918.534908511,389112.558580743,388859.894736657,437757.941198816,382023.464829298,437041.24303305,425705.639671653,503290.879050729,516749.724362215,773845.077574998,493829.744738716,449007.175168663,469492.483375969,273580.348221732,14880.6690165505,240540.852353085,258199.812609264,0,5174.1544170954,13004.133126373,4449.79033033445,353620.969739688,371951.976915751,388177.968315833,353983.98988573,71526.0871996787,112486.694605697,413992.609737643,393869.967662863,409844.243375328,426073.361426573,695488.862548226,732540.113638675,89238.3754425469,156249.092809529,325500.930047594,125600.755263189,35145.2135659081,93187.8496928437,12684.6914776384,41947.2576057725,733305.328787921,563960.01073186,540220.720658787,746252.148797733,1137869.12257208,1213164.4061315,1149501.43316178,1143876.92633388,1218978.55347803,1239394.16592201,1178755.16877098,1226320.43822217,189469.77649696,199143.422244979,149542.62680063,167348.27076968,87020.6370067838,79308.3441320479,52024.2090550921,85884.3047470854,973114.487138764,974215.986770316,1254002.72254121,978473.739201429,905219.597153833,922052.207994135,881594.499414363,909393.122965358
"47",429008.045670999,389596.223659778,477423.899977417,478204.52479435,372386.292930774,513348.490911429,360085.941445717,378757.336555268,539310.933098934,528650.508563848,546607.668959263,461470.666960718,478840.046631867,517217.394497113,441030.271341543,481705.478644309,439229.049027695,485071.237881344,486686.330550981,393945.452219151,393684.676494629,442694.952787752,386925.16855105,432024.12795832,420632.557564357,498262.855954343,511666.440841956,778321.75282227,498691.92848016,443903.278845625,464521.503703496,278725.780847095,19946.7740120841,245676.917434656,263340.504984519,5174.1544170954,0,18089.1773699258,9600.83980355094,358678.667875617,376945.760825293,392981.905867578,358797.176293712,66356.0972534498,117611.663286024,418818.63459227,398561.298849159,414397.531658882,430616.915829165,699468.247150236,736298.778214438,92141.7181366728,160374.992055687,330128.589708295,121364.578343917,37614.2896621818,98237.5919590286,8047.82348297407,36779.8835811199,737625.103083256,568060.906007056,545270.81067167,750654.226711155,1141282.32336517,1216522.19669944,1153036.62576348,1147458.81432582,1222753.657694,1243298.52819474,1182336.18016992,1230084.32922339,194316.217661318,204079.933358638,154310.827228529,172199.954272738,82773.3677594293,74763.4051449592,54317.3632141091,82174.7423741176,977033.078112686,978015.702550859,1257927.33696312,982367.266332804,909213.665909151,926025.184402522,885734.019318055,913381.430599137
"48",421982.957763308,382796.084624074,470339.290166484,471102.734728509,365148.272633869,505597.846353773,354627.882971202,371684.95681139,532466.267699941,521728.431666729,539810.20764605,454563.131942084,471947.229502703,510307.443027337,434200.196795763,489485.615692898,446943.907069286,492905.78984396,494592.203193613,401796.776508887,401543.52026893,450425.247413672,394702.376395475,424440.224653535,413192.136049062,490702.559066578,504256.970076763,786353.80012992,506514.041075498,436569.213897443,456848.622920192,285880.677767714,26357.1487371471,252891.048972883,270526.467874331,12684.6914776384,8047.82348297407,24622.1751315308,16729.8851817176,366177.657310144,384584.592327217,400859.050443467,366666.327732801,60031.2670612698,124902.078239342,426676.361237004,406515.94675354,422410.067874369,438632.375682576,707472.6725033,744233.519262391,99700.5263073557,168412.66153791,338113.833617365,118764.660937687,38248.0586481136,105773.747325118,0,30710.2511085537,745672.803130074,576091.204299814,552786.987940977,758697.169367709,1149056.95175875,1224266.38621069,1160873.13527693,1155317.40945263,1230692.76947426,1251281.04731878,1190194.24669592,1238019.2344156,202154.383757323,211812.798725228,162214.611891846,180032.949990953,80301.9986343126,71482.2245162642,61561.6449163409,81031.7501193415,985020.281479311,985964.403136487,1265915.78961169,990347.002884973,917221.156045978,934027.370739605,893769.711619462,921387.501378169
"49",392600.264000748,352954.307038978,441096.852700477,441904.61410231,336367.112259641,479252.149037822,323938.412491795,342427.463456333,502695.321066132,492108.605713295,509954.63420213,424918.703925517,442271.962807808,480663.728025391,404408.265864716,516035.95579289,473947.047200742,519028.718924185,520026.61994267,427825.107391134,427504.636907585,477330.316692838,421320.826583851,397072.897967354,385142.139845994,463184.993049796,476052.195166707,809370.045767932,532734.627146645,408094.085150339,429987.237169125,315094.911978309,56630.8553025099,281968.779051544,299669.146526035,41947.2576057725,36779.8835811199,54805.2963466488,46380.3737773215,394285.883018204,412045.080842226,426648.922428903,392559.264605753,29583.2100477576,153888.533421557,452631.055845237,431402.240641572,446227.01290947,462359.858654085,726913.84303641,762123.20080351,116055.453508133,190134.130549599,362591.578469598,92528.3473024304,66037.216674812,134054.451200847,30710.2511085537,0,767530.723489345,596486.895513049,580772.355052422,781160.440986817,1164400.97083801,1239212.45841185,1177039.45761064,1171804.00070859,1248490.50277578,1269980.58458181,1206663.95739789,1255736.99509582,228545.697844517,238907.392396151,188151.29084573,206521.413863793,55504.1784841536,44879.9425969263,77669.6271546598,60291.8245331143,1003897.70986988,1004011.11220312,1284755.28584299,1009046.5021856,936656.898841004,953307.343116755,914252.986403504,940780.823896782
"50",447540.464413462,409933.274417857,495356.389248972,495989.71050364,389245.233696271,523667.751379332,387701.506127266,397042.730728106,559026.963145615,547799.451056721,566657.487943067,480851.1668598,498297.783048305,536477.655416327,461028.386351916,474424.007136943,430955.587028658,478827.857575646,482045.550998637,388370.684974347,388273.402117037,434664.585649029,379924.200797555,444958.34731167,435299.406467563,511323.833469204,526446.653456055,777895.527410494,492160.788252268,459622.338843546,476155.970702852,264379.013542494,28390.3284313571,232204.001609701,249422.398868401,35145.2135659081,37614.2896621818,29131.1007906766,32946.2537281092,347655.170925338,367737.880896859,387983.048681609,353780.207309054,92946.9355747353,107735.285284233,413280.824043755,395585.823236355,413582.58880282,429889.332738843,705403.248736794,744545.915555958,112059.067446399,167592.969696562,328558.2483536,156828.99784237,0,92550.8966721803,38248.0586481136,66037.216674812,739405.097063542,572815.002886433,533882.259553988,751311.835051704,1152587.73534976,1228300.40739142,1163196.88241903,1157173.21675921,1230502.46720264,1249667.82738945,1192043.7990923,1237945.99508965,190224.628471728,197832.989849574,152641.641904905,168450.590450165,118466.246079405,109305.403600001,79738.3658374035,119172.63059338,983384.768722349,985634.558729852,1264069.65542168,988987.674915602,914777.115388696,931812.286155661,889627.225663084,919006.441900692
"51",526544.88507305,486476.274492526,575097.757762348,575920.314779405,470404.664321224,611156.132961477,450754.510557905,476435.649842557,636243.578614373,625844.497475437,643370.089306843,558649.887477613,575963.378995675,614377.497305888,537969.970511221,384237.888529459,341409.659538941,388036.495381285,390497.245873588,297152.979634519,296977.517568401,344948.250158605,289480.491331112,530213.958597782,518861.499897091,596473.699241491,609877.668765497,685407.684610222,401538.237882114,542048.24054803,562567.244118919,181394.07193225,80151.3819544501,148156.861427151,165903.276051095,93187.8496928437,98237.5919590286,81644.2635712185,89044.8891911189,260441.63654203,278868.182202889,296500.524574222,262263.467909583,163302.084149231,21151.6389644659,322071.787854397,303414.34451619,321065.045656503,337369.775792067,613854.156434941,654061.213211555,68873.3471081148,81560.5977194593,236073.45388829,200839.067835901,92550.8966721803,0,105773.747325118,134054.451200847,646887.951841251,480953.728448568,447034.417645205,658762.245717795,1063762.81105416,1139790.34847481,1073558.91713769,1067252.20787251,1139476.0060329,1158058.08888102,1102101.34269174,1146970.739313,97981.4555449127,106548.271528356,60205.5290558513,76036.7349338433,165419.51718007,161865.498638776,74793.4574670314,158210.966884249,891846.821551915,894643.953893432,1172375.27239966,897553.712307165,822981.888836425,840086.904265699,797383.895251056,827230.290395731
"52",972024.930852565,930735.108804551,1020792.92586725,1021708.89802244,916955.472787187,1057355.98537372,883555.367888763,922300.863568384,1080093.52916755,1070337.2804092,1086794.92426188,1003284.20417272,1020425.69423152,1058819.8307117,982153.998686199,84019.7381462308,112504.462308457,91999.3508763349,108845.504768792,165431.118455187,166478.385466612,110507.74632794,165565.098211671,977185.774228869,965859.47062426,1043475.83460522,1056820.06417292,305618.993142911,81660.2298979738,988836.732352713,1009272.59774628,270213.682134942,526914.331267168,301740.826808737,284756.634117523,540220.720658787,545270.81067167,528484.540701791,536057.631905428,186620.43489697,169534.186328004,169228.704875275,198588.372393215,609634.002160434,428180.517614444,144892.082944118,177337.3839188,184123.21687134,176321.730866896,327340.806684623,386155.908407094,480769.824206372,404113.61447714,238218.834620284,632580.765848663,533882.259553988,447034.417645205,552786.987940977,580772.355052422,298545.656424653,240772.775351631,0,295023.520698323,770266.424572681,845859.505126534,766144.641254254,755340.879508644,801973.350669208,806099.152969332,787560.406237042,810186.248074983,353677.716699481,342285.047014816,394187.071418007,375228.05535354,603448.629276424,602906.723218415,511053.370372526,592967.504103923,558573.935449437,575149.380280448,817608.830815289,566626.105020547,488866.317259429,506362.126105288,448159.642237762,493270.311620025
"53",1149598.89493146,1105256.50442967,1197902.07254737,1199240.75107641,1101897.51618567,1255534.96891181,1037456.19888831,1103175.61057905,1248476.65710875,1241182.96150997,1253645.05026252,1176618.41142534,1192627.62267111,1229813.49943978,1154646.54839722,301047.919986536,344177.139481815,290970.643989979,279946.288365242,371091.372586841,370693.890315973,339612.919102827,383742.294495285,1170082.57883056,1154565.58417242,1234323.52473923,1242285.68907158,34915.547208553,281074.829252572,1173843.18616738,1204796.87381579,513593.753731426,735882.185425865,537348.8689487,524290.107660953,746252.148797733,750654.226711155,737015.210869519,742837.463942239,429523.378181093,403724.166593573,369803.340603737,402598.322404203,806524.088221149,644851.48977629,347558.871982264,358020.032409611,337889.309396458,321586.244030983,113040.973141379,151561.104644832,666752.136588998,591040.471358326,422966.892664093,805205.108928302,751311.835051704,658762.245717795,758697.169367709,781160.440986817,25448.8147775402,194198.452837193,295023.520698323,0,476655.419289263,551605.180344376,471303.41121301,460360.643383152,509149.878613144,516935.31144218,492540.608868438,517289.463888273,561451.287645779,555282.717626966,598795.875675683,582969.325248882,786120.15412395,789508.42655054,703944.170961405,773221.255116274,263600.376356495,280582.306820737,529487.800817342,271612.373699687,193917.025159157,211358.503492612,153688.266205839,198305.678051215
"54",1132926.16770794,1088448.1704672,1181099.34028048,1182467.59799291,1085901.72291409,1240336.13451991,1019349.94598089,1086856.69017249,1230940.18119379,1223836.99590506,1235990.39041345,1159573.25554115,1175468.26352178,1212498.07065214,1137582.60217424,297395.38267611,339461.95689943,286524.190821392,273977.019101173,363111.943428703,362604.736255492,334862.877566746,376452.339204592,1154591.61000485,1138759.70227531,1218541.27383655,1226052.51389264,59471.7579613427,277544.187278,1157700.37855609,1189460.73871247,506286.134523495,723260.379524172,528931.218042574,516438.082892074,733305.328787921,737625.103083256,724346.918393498,729977.133925613,423460.968066571,397365.413494135,361435.945478753,393550.052315044,792470.686896355,633545.507953749,340194.631487012,348425.058284361,326940.89757999,310709.28894852,87595.4006297852,128020.60218945,652591.165882975,577583.11700226,411814.503951439,789209.845580182,739405.097063542,646887.951841251,745672.803130074,767530.723489345,0,175835.63516854,298545.656424653,25448.8147775402,471736.219572548,547476.948610321,468401.980920234,458055.859346426,511234.036726453,521433.323394232,490908.606979965,519287.341460355,550076.593008628,544449.723711657,586766.912682757,571370.615965119,770990.489049539,774677.413196363,690102.548110209,757964.731174814,263060.484067075,277261.946035469,534473.889549835,270653.973891904,192232.424014936,209984.404413904,155987.821884814,196688.436406378
"55",957362.522489818,912818.796657804,1005463.26605461,1006845.76590839,910848.854870502,1066101.1354139,843584.664364376,911532.820160755,1055106.46389182,1048023.57946673,1060155.23971695,983838.965981917,999697.571714699,1036690.19795287,961843.256537125,190881.070622639,219372.61389393,176914.957584852,156895.737336301,221333.464073047,220266.159017228,215152.857079462,237429.977407408,980038.063217658,963873.422273773,1043655.8042714,1050767.24260873,227107.424614418,176152.621919799,982500.73826784,1015076.14165802,360725.667142614,554785.462770788,377610.593425965,368006.883910243,563960.01073186,568060.906007056,555745.914686677,560861.091934007,287982.778264109,261966.799969985,217677.171814347,244194.909023018,620491.991573334,469499.473560481,203977.494808864,199134.6610576,172317.836680431,157788.318624035,133567.600662962,180720.707340715,480759.969690333,407710.991721784,252087.522735636,614286.98486205,572815.002886433,480953.728448568,576091.204299814,596486.895513049,175835.63516854,0,240772.775351631,194198.452837193,594316.056760689,671335.193395937,599729.61983277,592086.304219124,659798.041596874,677195.299251995,626661.645460809,667432.512355896,386689.308150341,383055.055698311,420848.493860257,406978.469328564,597181.057867293,601329.310551889,518826.548256947,583985.964636062,411148.489609258,415532.939132154,691447.56581435,417061.6562123,342029.414938066,359164.11731387,317773.974039105,346282.179239687
"56",1079412.97077688,1034545.94908749,1126987.39176023,1128462.32808647,1035031.72860384,1192007.60038089,960762.343954373,1034782.67817287,1173995.83337229,1167615.10152076,1178596.56769676,1104609.77548001,1120043.43422849,1156412.92180248,1082601.30914464,302912.596623007,339263.670119148,289925.163887325,272826.707522771,350266.968961595,349376.328254508,334741.697760066,365638.725757038,1105400.43542399,1088446.92366345,1168117.6227897,1173948.32402297,146209.963533982,284634.140823987,1106091.52401807,1140750.41537847,492047.029602368,686735.005998786,510252.895537682,500038.9129659,695488.862548226,699468.247150236,687639.627645789,692509.278375127,415603.090843909,389216.692900406,347228.143628484,375715.236486552,750105.160822121,602770.444266868,330514.765138726,330158.001974191,304446.20534755,289264.747707215,0,58931.3554209755,610897.347083395,539385.173265115,385529.949668982,739542.841764591,705403.248736794,613854.156434941,707472.6725033,726913.84303641,87595.4006297852,133567.600662962,327340.806684623,113040.973141379,463558.402457976,540621.912523636,467353.338687411,459307.165042372,526255.547219706,544264.584651953,493752.638516991,533877.870995771,520128.080756707,516611.668449677,553854.47767825,540276.604552537,724712.465612722,729503.584935563,649281.752778253,711289.634532192,277998.340797266,281989.015030196,558696.766671131,283727.160620498,209768.273736466,226565.925725429,190248.714610416,213919.978766672
"57",1104334.44009332,1059291.88222355,1151313.0471387,1152868.35226844,1062091.3018633,1220512.02987919,981896.732104862,1060939.21348622,1195908.36668143,1190140.9636352,1200121.77692007,1128316.09662397,1143337.70486788,1179078.08967891,1106352.83557216,359262.296509531,394097.983783006,346007.805891278,328192.341358924,401495.719744895,400492.399822572,389636.75139791,417328.46223911,1133494.31800009,1115768.19174067,1195157.87005505,1199715.39911614,179580.110849217,341423.230494164,1132401.19279212,1169101.40216452,541435.843252889,724577.200744188,557824.366951764,548570.23646232,732540.113638675,736298.778214438,725373.261146161,729779.236338968,467711.721295668,441475.016910778,398050.881988701,424910.256609342,784106.413113483,644222.392904302,382966.461729364,379827.116726614,352992.292042487,338502.389923134,58931.3554209755,0,646176.534751202,577328.659650884,431206.337022957,768677.55208864,744545.915555958,654061.213211555,744233.519262391,762123.20080351,128020.60218945,180720.707340715,386155.908407094,151561.104644832,413879.854440969,490836.69578646,420570.734765519,413630.656959852,486467.169012186,508493.047044697,448411.389530426,493785.769726374,562625.778665604,560156.833140932,594567.211503975,582033.449193904,756293.79715235,761797.281622232,684827.308590026,742678.737143618,243779.504542505,241895.778532859,523555.78128976,248173.885087579,181631.579419396,196416.798008304,175186.722037404,185216.375667645
"58",825685.019067922,782431.111724892,874485.003006814,875641.704386121,774571.480712012,924194.611243983,724671.63920004,777530.007140979,929481.495721719,920937.981804828,935447.109532316,854810.084146377,871451.422059074,909433.275027127,833097.118530888,100108.147564945,87313.644460346,93874.5593862048,83925.6281944608,55954.9364968568,54415.5277411686,85894.7716318938,72601.8387996829,840150.254080176,826087.365062799,905445.888796115,915534.164194639,364366.244643842,106853.629776669,846919.447132319,874121.175059178,188468.325209438,398933.993475485,205837.340906139,195744.853444058,409844.243375328,414397.531658882,400137.560761388,406275.513571258,121419.503047,97690.6483207618,50628.8604538176,72021.4204857113,472733.281284158,306962.486831417,52301.0150024219,28805.8647285613,0,16308.7049605949,304446.20534755,352992.292042487,334325.497364474,256791.878950774,85080.4020993271,480260.368222983,413582.58880282,321065.045656503,422410.067874369,446227.01290947,326940.89757999,172317.836680431,184123.21687134,337889.309396458,766619.91016941,843646.109172368,771642.958213438,763737.479428922,829020.235549931,844017.135266691,798198.588322454,836787.076973123,223571.397550948,217540.527672895,261305.332925036,245155.599801958,456743.595524811,458743.787613166,370044.477779618,444597.059625291,579347.500506395,585875.360620409,857775.955101487,585742.89133299,509025.520116044,526550.954800204,479946.231070011,513392.619076166
"59",841201.27157239,797866.971760355,889984.361586079,891152.308293919,790283.619856149,940169.805472937,739444.646723468,793139.207624658,944731.418780449,936259.970112595,950651.320690122,870206.64712381,886814.728441294,924760.009548936,848471.090136265,92713.8993912118,87499.2235778976,84659.2563009277,72086.1141059468,65896.4181325934,64558.7614498507,85282.4284757954,82639.8482695842,856032.751616864,841880.560143521,921276.068277181,931241.14696635,348070.691923971,96788.1205480558,862623.295928438,890052.195061964,203030.432865444,415197.784985839,221270.4443583,210774.195129315,426073.361426573,430616.915829165,416396.903229426,422514.611004111,132725.152376112,107885.649604322,61327.3990063245,86521.4458111916,488792.081216936,323265.289941449,56087.5012464147,41399.8061967524,16308.7049605949,0,289264.747707215,338502.389923134,350226.669349425,272801.457621251,101387.232655567,495686.583578177,429889.332738843,337369.775792067,438632.375682576,462359.858654085,310709.28894852,157788.318624035,176321.730866896,321586.244030983,751884.322346444,828930.325802567,756578.237175536,748567.662646368,813360.435652493,828120.468791301,782986.345039714,821143.221366734,239878.649250306,233809.046173855,277596.437259264,261463.93531953,472479.221285825,474581.890234646,386081.086907179,460269.987536512,563626.145183599,570428.083820982,841841.405561824,570069.746336626,493224.360679675,510774.357409117,463885.18630206,497598.688960964
"60",745781.21693013,703063.70987697,794647.698967373,795734.617603994,693486.30371373,841386.469871948,649475.738380395,697088.03057498,851118.492274652,842146.100330685,857354.827822768,775618.064732947,792448.54259384,830621.69578652,754062.851614284,160757.819015226,125836.755130779,160665.430862932,158599.699543134,72823.6208433694,71848.5945985636,127712.253588418,74813.4402465838,757955.578970614,744460.836714292,823550.604746383,834396.407829204,449339.227922263,174671.797195018,765838.659347894,791607.213257938,118997.008345088,314313.275596143,128131.4353266,121862.186396442,325500.930047594,330128.589708295,315553.560785825,321854.246249949,90129.6137818507,83734.9803741951,69453.120056203,41474.0915770165,389609.94680054,221889.279077175,95256.0229655612,69157.3793965083,85080.4020993271,101387.232655567,385529.949668982,431206.337022957,252654.6649504,174598.033187057,0,401484.594247462,328558.2483536,236073.45388829,338113.833617365,362591.578469598,411814.503951439,252087.522735636,238218.834620284,422966.892664093,844960.494421451,921823.174210228,851448.783104584,844016.327414375,911427.023100085,927452.153296226,878641.211293163,919120.943415688,138491.504450948,132680.875406226,176486.536631358,160111.171116809,375916.48145515,377198.238736534,287232.827627071,364236.8719159,662137.213607064,667506.914828094,941371.628576069,668326.885181974,592189.237532285,609602.89620284,564159.55498257,596524.036850756
"61",345651.241042718,302180.427215271,394372.605198327,395571.496934837,296708.927378924,452465.144878862,252289.942271715,298219.286478479,449650.520257845,440817.119390076,455871.313402343,374555.362218373,391237.548807981,429300.834375939,352868.631151831,561078.602789497,521830.583517547,561974.931067849,559761.737338373,471853.485167792,471231.574479484,524674.275892991,468235.672906581,365949.595351762,349592.06911671,429376.475749907,437146.220080519,835513.806267798,575959.956983158,368653.688628527,401219.285947763,378033.850867101,139615.517878234,344911.103753873,362533.91519075,125600.755263189,121364.578343917,137761.288122393,129601.745255428,449241.972293879,463276.230554063,469614.616572281,436738.156596136,75354.6430182194,221989.423965988,495848.251998251,470276.486599206,480260.368222983,495686.583578177,739542.841764591,768677.55208864,152039.175075289,228660.814396975,401484.594247462,0,156828.99784237,200839.067835901,118764.660937687,92528.3473024304,789209.845580182,614286.98486205,632580.765848663,805205.108928302,1159433.86620171,1232586.09200615,1174888.21288377,1170805.05729203,1251924.37897837,1276680.81764094,1205468.22448103,1258852.94598838,280855.34170574,293631.557361404,241393.926879326,260557.807853825,38591.6090797821,47745.7702393346,126816.316987126,42674.8141363576,1012392.73232178,1009424.29553059,1291932.00938466,1016848.67285624,947640.34647466,963601.204798006,929408.449368338,951578.415465428
"62",493458.068661609,451158.67302507,542333.580424027,543381.490073215,440832.667449885,590032.839555334,404076.739744036,444538.388566412,599946.775715371,590571.234341457,606460.455561895,523771.222214917,540743.777714922,579042.448655864,502379.236938243,410584.811065098,370516.054665111,412172.708382144,411230.068601431,321411.341168112,320882.736954042,373485.028605919,317002.03943785,505825.786466053,491939.221892574,571184.80044713,581751.695775311,695540.03598187,426095.007939951,513186.67014868,539833.080943164,228401.29351204,85516.8000269461,195807.25189753,213087.862865054,89238.3754425469,92141.7181366728,85625.0476572778,87464.8617975001,297238.627351219,311349.033171191,319512.335196792,286116.577184148,139889.086577504,86506.4090876678,345753.882146273,321806.954614622,334325.497364474,350226.669349425,610897.347083395,646176.534751202,0,78083.854191588,252654.6649504,152039.175075289,112059.067446399,68873.3471081148,99700.5263073557,116055.453508133,652591.165882975,480759.969690333,480769.824206372,666752.136588998,1049670.07784904,1124771.42765937,1061800.11075389,1056397.06989265,1132594.93447965,1153937.53448379,1091267.51963047,1139862.6142509,129085.595154987,142215.568840333,90550.5862826443,109483.94064048,123468.364180904,124568.682050694,38716.0086914649,112346.431585847,887843.357716211,888048.546012483,1168704.26459325,892999.589854676,820627.410213141,837263.243398011,798473.947194691,824746.767256574
"63",571485.21853022,529059.150037932,620360.392267944,621418.215896557,518894.898891329,667410.361408768,479535.205078033,522615.600614515,677634.028224392,668385.186088798,684058.812105663,601662.064126388,618592.37949297,656856.388058563,580216.142978039,332745.95438635,293170.277232616,334156.473033235,333154.783601478,243527.499109827,242967.483156802,296028.160067602,239578.425550826,583565.740792392,569894.129290477,649052.393419656,659799.009758182,619265.04338745,348092.209222383,591244.757136781,617400.609187339,162573.986122713,147401.574419467,132689.986205168,148285.239663269,156249.092809529,160374.992055687,148274.425773071,153171.57321192,222818.941724657,235161.28336767,241529.742772358,208289.852284805,216048.334568845,80634.9464841768,267777.975872571,243755.04090352,256791.878950774,272801.457621251,539385.173265115,577328.659650884,78083.854191588,0,174598.033187057,228660.814396975,167592.969696562,81560.5977194593,168412.66153791,190134.130549599,577583.11700226,407710.991721784,404113.61447714,591040.471358326,985020.032651681,1060784.67012437,995628.018289133,989656.181354636,1063565.85539323,1083459.65869465,1024529.96561872,1070962.40725057,60527.8472808077,74858.5069070288,39042.4855750502,49191.6833018508,201495.684693173,202600.682415074,113302.349065929,190108.199173563,817152.108370493,818720.718221979,1098007.34283013,822592.302740877,749073.163347022,765948.658322308,725360.350165486,753257.724013069
"64",577855.571290921,536595.795742452,626641.725281002,627572.895971001,523200.260627115,667315.089130682,493683.043811011,528209.794533392,686069.161113445,676201.703134967,692868.774023949,609121.244447502,626283.983244325,664688.5703561,588039.488953074,327894.839108606,286031.852483902,330926.111910473,332377.992001443,239743.673737857,239453.079858212,289341.250367841,233213.295238624,585160.547979614,572841.924767542,651199.414457486,663523.056189963,625665.901223486,344606.608263571,595286.59163249,618137.801327109,137895.199494378,137921.634481007,105526.84916918,122642.139289286,149542.62680063,154310.827228529,139205.035672377,145754.407177695,208750.930972645,224800.456766394,238696.220906751,204535.787874698,216324.630154222,50410.9123640812,264587.281733748,244456.672431671,261305.332925036,277596.437259264,553854.47767825,594567.211503975,90550.5862826443,39042.4855750502,176486.536631358,241393.926879326,152641.641904905,60205.5290558513,162214.611891846,188151.29084573,586766.912682757,420848.493860257,394187.071418007,598795.875675683,1005055.29675808,1081238.61889093,1014413.00459394,1007961.02526587,1079651.12188863,1098003.18054093,1042794.16201365,1087167.57422625,40573.411006448,52363.4188538209,0,19186.0868263202,209956.866943761,208854.413074437,116995.106723754,200248.678926029,831828.379910462,834854.998771256,1112291.64965721,837575.147546281,762876.253034465,780003.654531979,737179.864313482,767130.66654757
"65",596796.909997958,555626.152719486,645567.409781277,646488.171010382,541971.175527344,685475.557701425,512847.750090199,547098.750056793,705133.617311501,695230.533195409,711952.599461697,628135.420049183,645310.812205027,683719.648089473,607079.52324555,309581.934816519,267447.112169037,312873.704929947,314783.353663264,221772.190207228,221531.829149416,270812.189712839,214828.73806904,603593.489348366,591449.483853352,669685.437694657,682196.411501731,609445.320182608,326492.733981872,614010.347757811,636439.740255624,119241.024592589,155273.649673596,87275.841296782,104118.138118693,167348.27076968,172199.954272738,156631.807061238,163455.505574964,189627.454639136,205930.841050026,220906.10296003,186688.045843225,234907.076596364,62529.2540903953,246661.067571957,227403.094827058,245155.599801958,261463.93531953,540276.604552537,582033.449193904,109483.94064048,49191.6833018508,160111.171116809,260557.807853825,168450.590450165,76036.7349338433,180032.949990953,206521.413863793,571370.615965119,406978.469328564,375228.05535354,582969.325248882,993474.831985519,1069823.14137233,1002274.49681481,995619.010832199,1066382.74963461,1084147.40637472,1030422.66705498,1073943.71251648,22125.3687610218,33187.9451157937,19186.0868263202,0,229121.421804,227942.200087878,136104.005656464,219434.745382214,818120.100443365,821701.393633284,1098337.52920814,823978.414505105,748885.697240793,766094.465423064,722517.129606968,753162.835806252
"66",618397.192360715,577066.731309134,667190.395935328,668125.910084625,563772.246401187,707567.719942696,533074.68060209,568772.267626493,726490.059335907,716671.604281816,733255.355846848,649608.223717724,666757.046470094,705156.021854046,628497.441833017,287511.034547068,245494.573406219,290755.121367415,292679.533403451,199647.425769567,199406.466442273,248827.408413579,192776.462395533,625605.941153806,613373.892559588,691675.463308445,704077.460613132,587742.307323139,304381.200057384,635852.411353613,658497.792551571,102254.701214434,177387.772006869,72227.590624164,87792.9241811441,189469.77649696,194316.217661318,178750.810832826,185580.417371372,168579.115676456,184248.536045148,198785.736264868,164565.333758595,256838.880445446,83469.1481393404,224535.728697131,205440.526490304,223571.397550948,239878.649250306,520128.080756707,562625.778665604,129085.595154987,60527.8472808077,138491.504450948,280855.34170574,190224.628471728,97981.4555449127,202154.383757323,228545.697844517,550076.593008628,386689.308150341,353677.716699481,561451.287645779,974690.235365271,1051155.2823714,983062.60746164,976256.376567148,1046349.32966788,1063718.98097849,1011033.55806171,1053940.24299088,0,14331.0273193835,40573.411006448,22125.3687610218,250127.696405394,249265.903998643,157397.208280872,240135.50797156,797818.028015179,801779.485225151,1077844.37547478,803750.477801066,728407.817796642,745667.128942008,701620.819914058,732699.113138405
"67",629775.164709258,588704.948750195,678525.590622964,679433.897304846,574744.68415715,717410.61365807,545914.7491597,580017.090944401,738245.37152921,728305.244848327,745083.251829832,661195.373043128,678384.147768789,716796.940286293,640167.487226347,277739.057047939,235154.16730683,281494.206417201,284234.349755112,190688.29888577,190546.10780377,238615.595869544,182963.159904133,635916.752680915,624007.8743925,702073.369695954,714834.16622637,581051.335497923,294989.980450795,646718.41909205,668579.135961266,88029.3788461113,186583.051918767,57923.6728643434,73485.4929465794,199143.422244979,204079.933358638,188022.440920293,195140.562426833,156476.704628614,173176.79759872,190177.718067791,155960.088548835,267518.416587147,90180.6380576798,215609.638330347,198098.09353202,217540.527672895,233809.046173855,516611.668449677,560156.833140932,142215.568840333,74858.5069070288,132680.875406226,293631.557361404,197832.989849574,106548.271528356,211812.798725228,238907.392396151,544449.723711657,383055.055698311,342285.047014816,555282.717626966,972889.059277573,1049482.55820237,980719.580229406,973716.084496973,1042852.38080242,1059602.70315335,1008451.74503794,1050486.8480125,14331.0273193835,0,52363.4188538209,33187.9451157937,262309.182113976,261086.10980377,169269.094624463,252599.173686829,793954.168231543,798495.730329012,1073619.60285664,800002.226003906,724276.168766035,741614.237084981,696756.789670092,728589.771058428
"68",461176.797419093,419681.829365072,510004.947681628,510970.404601949,407205.067332713,554243.844807295,378291.093471362,411726.111222126,569095.430285892,559284.10399164,575878.062656743,492237.578883893,509372.380731587,547767.073902293,471104.302256932,443214.882026654,402145.211321207,445462.104453911,445445.71892452,354350.630840642,353921.740256747,405311.194221197,348929.269092365,470755.910356272,457569.820972741,536453.359639709,547879.529930086,732408.765964462,459299.053240936,479455.756983753,504378.565020501,251737.166431882,51521.5497250019,218508.421319365,236203.19737799,52024.2090550921,54317.3632141091,51116.0532468299,50991.4797920333,325731.356679794,341566.274165766,352799.053546653,318993.659486818,102752.00925467,95815.2253827935,378960.307930682,356317.759865893,370044.477779618,386081.086907179,649281.752778253,684827.308590026,38716.0086914649,113302.349065929,287232.827627071,126816.316987126,79738.3658374035,74793.4574670314,61561.6449163409,77669.6271546598,690102.548110209,518826.548256947,511053.370372526,703944.170961405,1088334.6605945,1163399.66300194,1100509.98441096,1095112.68701313,1171260.92288268,1192496.9435491,1129983.00357236,1178535.17258044,157397.208280872,169269.094624463,116995.106723754,136104.005656464,93256.8016345357,91870.1032077177,0,84519.9290618645,926365.907367604,926687.976598071,1207241.76743812,931552.10398478,859034.316946291,875705.43504241,836588.853990688,863163.499922916
"69",381545.08609294,338957.192918754,430410.842977403,431500.259840688,330038.032012991,482376.871409924,293848.838604482,333004.915818987,487608.862354605,478286.331683389,494114.027741437,411556.279730652,428485.260641727,466757.400522413,390110.476492959,522834.026188279,482861.778605749,524230.996494438,522812.625949874,433627.399701946,433073.918156174,485830.185814205,429347.340095066,396915.930611444,381940.079195239,461550.877817884,470982.822217508,802908.639703507,538177.311243283,402363.513301975,431576.493175292,336157.042995676,99120.9555033166,302961.729542661,320633.330995458,85884.3047470854,82174.7423741176,97323.3818785014,89565.030148834,408708.346234367,423474.368412065,431631.258315784,398366.045055332,56452.7767292338,179362.604509716,457880.576875703,433300.376565516,444597.059625291,460269.987536512,711289.634532192,742678.737143618,112346.431585847,190108.199173563,364236.8719159,42674.8141363576,119172.63059338,158210.966884249,81031.7501193415,60291.8245331143,757964.731174814,583985.964636062,592967.504103923,773221.255116274,1138372.64461889,1212256.45792035,1152705.44130826,1148161.95316728,1227614.24891997,1251151.45250335,1182928.36893159,1234669.15233559,240135.50797156,252599.173686829,200248.678926029,219434.745382214,13818.4972171053,22985.5410569253,84519.9290618645,0,985991.875072193,984166.856877486,1266234.37055243,990707.492900263,920267.096534345,936494.213192544,900539.704792746,924276.435235229
"70",369994.467722601,327746.021228327,418870.002693607,419923.624311089,317834.983687973,469417.41869707,285458.654415852,321171.556257934,476744.513604269,467226.751468428,483370.107285256,400360.6262169,417370.14334559,455699.279371996,379022.076524089,534028.695228974,493732.866590441,535635.173549921,534516.141129343,444871.346135115,444347.827229894,496762.018412023,440285.947380439,384173.315896911,369473.936852719,449001.830715339,458799.087058303,815688.460938469,549560.729374532,390189.441187117,418710.299006629,344852.711369974,101113.828137994,311586.696859738,329310.134610704,87020.6370067838,82773.3677594293,99251.7215950085,91044.905309562,418668.159429368,433915.908838282,442979.862091368,409566.594940293,45707.0249258422,186521.855986257,469221.997423457,445034.163789054,456743.595524811,472479.221285825,724712.465612722,756293.79715235,123468.364180904,201495.684693173,375916.48145515,38591.6090797821,118466.246079405,165419.51718007,80301.9986343126,55504.1784841536,770990.489049539,597181.057867293,603448.629276424,786120.15412395,1152179.74339983,1226071.62167749,1166488.71487481,1161931.63917945,1241312.35409784,1264776.0073731,1196700.78515954,1248373.59222444,250127.696405394,262309.182113976,209956.866943761,229121.421804,0,11840.1985469405,93256.8016345357,13818.4972171053,999562.375825342,997817.907257405,1279846.91936586,1004297.62089608,933758.519541667,950008.631993552,913877.392007152,937774.128773285
"71",369525.900417347,327839.217017628,418380.791355365,419377.018195671,316302.078698089,466200.893500228,289073.717756432,320287.329150042,477225.340753917,467434.963205457,484014.543555943,400411.936649028,417527.942469731,455916.0266553,379247.496019934,534490.367867583,493757.438299531,536404.182852097,535746.21061793,445448.813322262,444969.23680339,496868.847271756,440433.370748931,381501.08574623,367390.249792091,446702.101490104,457198.330932847,818809.601538722,550293.200183131,388647.385271688,415738.521077529,342373.681844801,93814.0920649812,309072.9562822,326828.887506074,79308.3441320479,74763.4051449592,91927.8397490405,83511.6632412304,417562.035903249,433403.119201512,443711.812830392,410104.216573642,34055.3571574568,182829.904257192,469928.547364655,446354.705825313,458743.787613166,474581.890234646,729503.584935563,761797.281622232,124568.682050694,202600.682415074,377198.238736534,47745.7702393346,109305.403600001,161865.498638776,71482.2245162642,44879.9425969263,774677.413196363,601329.310551889,602906.723218415,789508.42655054,1158968.04625611,1233035.6236169,1172977.19137135,1168295.48184018,1247190.2785369,1270285.84396497,1203086.84137394,1254287.16764401,249265.903998643,261086.10980377,208854.413074437,227942.200087878,11840.1985469405,0,91870.1032077177,22985.5410569253,1004856.8157089,1003465.08853342,1285302.72199333,1009672.20144073,938759.565658972,955091.424863192,918380.274673106,942797.227987512
"72",1498735.4513713,1453722.98848748,1543870.759848,1545604.78119486,1461608.02430873,1621949.20588374,1368547.94769707,1458523.10884564,1581957.71426495,1577844.85530411,1585102.57137017,1519594.02260826,1533452.37401508,1567249.96155675,1497960.90295141,762541.239974567,802334.53274642,750646.27359951,735646.019314825,817291.932905202,816448.441382501,797737.516925301,832398.376779156,1534635.96576892,1515415.04176387,1593617.96178305,1595265.47512928,465358.879357201,743081.378775113,1529715.64158542,1570538.3536413,959396.726487899,1142269.8358608,977298.157843909,967336.812209971,1149501.43316178,1153036.62576348,1142970.98608623,1146952.33676585,881934.283158461,855505.990594562,814404.396879721,843057.128549155,1197440.49050921,1064293.9183644,796861.4503595,797511.336490214,771642.958213438,756578.237175536,467353.338687411,420570.734765519,1061800.11075389,995628.018289133,851448.783104584,1174888.21288377,1163196.88241903,1073558.91713769,1160873.13527693,1177039.45761064,468401.980920234,599729.61983277,766144.641254254,471303.41121301,38089.3799663357,83453.9219730259,0,15265.1786611541,103985.23389239,151783.465264275,32512.7181976282,106573.874004459,983062.60746164,980719.580229406,1014413.00459394,1002274.49681481,1166488.71487481,1172977.19137135,1100509.98441096,1152705.44130826,209227.735117372,191141.214616488,166931.583266663,200712.571411207,277400.285506713,260082.66093711,320141.814988498,273027.963119645
"73",1495997.87289643,1450958.18523464,1541318.19279918,1543037.61324769,1458376.91223489,1618594.51775097,1366371.15921345,1455474.69230375,1579963.66490227,1575716.0701399,1583194.38062442,1517138.10961818,1531101.67304643,1565077.51274475,1495465.08870197,752997.538799514,793102.96509021,741221.945902225,726463.330070063,808850.979447571,808031.246604872,788501.377221892,823842.505891254,1531276.73934198,1512196.7633365,1590549.62075796,1592471.46478432,453656.163555714,733468.000864998,1526727.85416976,1567163.7485288,951220.393563311,1136483.92554064,969500.457978189,959340.819976157,1143876.92633388,1147458.81432582,1137206.93760701,1141282.62375246,873221.080150644,846794.219595311,806048.017247713,834990.536003248,1192465.17406174,1057739.82848011,788197.657745541,789390.757161823,763737.479428922,748567.662646368,459307.165042372,413630.656959852,1056397.06989265,989656.181354636,844016.327414375,1170805.05729203,1157173.21675921,1067252.20787251,1155317.40945263,1171804.00070859,458055.859346426,592086.304219124,755340.879508644,460360.643383152,50656.9027389405,97360.5276166532,15265.1786611541,0,97756.2329818365,143649.309136935,34878.9061706447,101406.119231132,976256.376567148,973716.084496973,1007961.02526587,995619.010832199,1161931.63917945,1168295.48184018,1095112.68701313,1148161.95316728,197489.806363866,180969.704758222,159271.648313408,189123.497183816,266474.950996847,249005.197981884,308508.26830438,262070.925107306
"74",1480030.58593902,1435095.66141358,1524740.95776168,1526506.52021916,1444026.89828896,1604592.49220005,1348664.99743142,1440529.27185173,1561603.65149075,1557781.31890718,1564564.2349523,1500260.46222389,1513884.19933875,1547283.97915565,1478722.52785474,762487.189062246,801236.186452745,750234.46882028,734504.576152182,813766.466597577,812853.636334312,796660.336059368,829194.043146584,1517319.54774762,1497784.17236956,1575620.31622129,1576652.75416017,473464.63495335,743282.000419632,1511558.59579671,1553244.42955179,954914.641678054,1131057.87840033,971700.488739875,962321.025051889,1137869.12257208,1141282.32336517,1131702.09243183,1135437.78834963,879137.415924023,852738.756075141,810632.38261274,838394.367190747,1184139.03664679,1055165.64452868,794032.955130944,793071.70550792,766619.91016941,751884.322346444,463558.402457976,413879.854440969,1049670.07784904,985020.032651681,844960.494421451,1159433.86620171,1152587.73534976,1063762.81105416,1149056.95175875,1164400.97083801,471736.219572548,594316.056760689,770266.424572681,476655.419289263,0,77069.5706456775,38089.3799663357,50656.9027389405,140145.304852991,188876.178459022,65239.0029699083,141870.615994492,974690.235365271,972889.059277573,1005055.29675808,993474.831985519,1152179.74339983,1158968.04625611,1088334.6605945,1138372.64461889,219677.336993134,196755.815788795,203670.852439498,210805.22879042,284023.983578989,267437.552443475,328831.59269305,279810.79641381
"75",1550418.71029298,1505576.53347362,1594706.10562764,1596501.30671324,1515427.16065125,1676119.2224344,1417973.59880433,1511576.62631468,1630307.11996778,1626793.47159142,1633067.86074665,1570038.4315816,1583423.26500143,1616402.43237884,1548603.66097579,839233.949228806,878146.064028584,827039.186324288,811410.820463374,890835.706019564,889923.151066548,873566.99322403,906259.255690805,1588911.32211887,1569120.03653869,1646608.74431473,1647085.26368439,547021.176767178,819978.481684738,1582431.43502819,1624841.43675517,1031960.63529835,1206535.65553141,1048659.31695655,1039333.42684453,1213164.4061315,1216522.19669944,1207155.85233843,1210785.42659303,956192.001067321,929791.190624661,887701.555305028,915436.778690997,1258596.38587635,1131405.38085833,871085.436273596,870126.475067888,843646.109172368,828930.325802567,540621.912523636,490836.69578646,1124771.42765937,1060784.67012437,921823.174210228,1232586.09200615,1228300.40739142,1139790.34847481,1224266.38621069,1239212.45841185,547476.948610321,671335.193395937,845859.505126534,551605.180344376,77069.5706456775,0,83453.9219730259,97360.5276166532,135079.154773836,183387.246403682,77282.5255011627,132186.306064608,1051155.2823714,1049482.55820237,1081238.61889093,1069823.14137233,1226071.62167749,1233035.6236169,1163399.66300194,1212256.45792035,291385.199076156,271050.034770993,194243.616451913,282712.569168595,358120.188910326,341118.718176509,401888.69440111,353817.580417321
"76",1530182.6728488,1485154.76804499,1575416.6850126,1577143.15887019,1492768.96931052,1653034.84569711,1400275.87994667,1489793.90565534,1613770.99355785,1609597.71629726,1616953.03260997,1551188.98609736,1565099.71250631,1598982.58803899,1529535.38445366,786482.474376596,826820.077604511,774803.262720735,760225.813917982,843058.765384395,842251.57193769,822215.854151662,857986.620919888,1565717.80720219,1546584.51940531,1624878.61311802,1626682.9387947,484779.208023244,766899.742912882,1561022.72773879,1601610.82355,985549.053785423,1171362.38702079,1003991.23526553,993750.580618454,1178755.16877098,1182336.18016992,1172085.62700668,1176161.36929797,907269.840285103,880846.480517826,840299.825035888,869377.58872816,1227299.20297317,1092558.26375502,822284.444159765,823757.344703644,798198.588322454,782986.345039714,493752.638516991,448411.389530426,1091267.51963047,1024529.96561872,878641.211293163,1205468.22448103,1192043.7990923,1102101.34269174,1190194.24669592,1206663.95739789,490908.606979965,626661.645460809,787560.406237042,492540.608868438,65239.0029699083,77282.5255011627,32512.7181976282,34878.9061706447,75367.0118298645,124836.772348623,0,76684.3784521874,1011033.55806171,1008451.74503794,1042794.16201365,1030422.66705498,1196700.78515954,1203086.84137394,1129983.00357236,1182928.36893159,229058.465328018,214351.746453099,139116.296033539,220937.097626872,298904.767582693,281291.490362198,339925.912973224,294472.470222957
"77",1587878.93723347,1542788.54649336,1633683.1864645,1635362.23007159,1548858.85252794,1708610.22129418,1459809.59524961,1546496.08776376,1673758.51562154,1669175.16904223,1677199.14876607,1609774.23815355,1624008.92588018,1658430.18423272,1588005.53215592,816682.596787192,858525.240231388,805733.290248198,792555.150400404,878823.206848435,878139.069620798,853919.346201985,893103.683611748,1621327.79970927,1602684.18343406,1681437.07880298,1684145.53602259,504621.738913332,796824.115228827,1617883.63254349,1657146.9711876,1022106.91462358,1218282.61288906,1042346.45499108,1031173.37787611,1226320.43822217,1230084.32922339,1219094.14767887,1223547.61733179,941373.093824777,915064.536188418,876500.516468568,906887.073356129,1277354.1868878,1136382.63183674,857010.660194641,861194.358724825,836787.076973123,821143.221366734,533877.870995771,493785.769726374,1139862.6142509,1070962.40725057,919120.943415688,1258852.94598838,1237945.99508965,1146970.739313,1238019.2344156,1255736.99509582,519287.341460355,667432.512355896,810186.248074983,517289.463888273,141870.615994492,132186.306064608,106573.874004459,101406.119231132,8285.22158971882,51333.7090502239,76684.3784521874,0,1053940.24299088,1050486.8480125,1087167.57422625,1073943.71251648,1248373.59222444,1254287.16764401,1178535.17258044,1234669.15233559,257754.553001434,252329.096146592,63667.2990853038,251099.416976672,328676.590334862,310940.155147826,363831.069538715,324242.907514991
"78",1581311.88036567,1536218.03529964,1627170.43608726,1628844.5965768,1542141.81395147,1701838.11138175,1453439.79058428,1539835.89743156,1667425.16985571,1662797.39459547,1670894.26905667,1603295.30690469,1617562.73023537,1652039.02596515,1581516.06156095,808627.120558913,850507.938252237,797699.336117796,784564.431141473,870938.33237503,870258.837270983,845902.481502082,885193.663193529,1614563.2909025,1595964.91462469,1674755.92657936,1677550.36201199,496399.650264091,788763.399671609,1611234.26898004,1650373.97288942,1014236.90279347,1210901.46216535,1034545.89551457,1023336.05888504,1218978.55347803,1222753.657694,1211718.32990441,1216194.76777844,933423.000676306,907120.927541832,868632.222665682,899066.156082268,1270173.17035326,1128831.79344371,849091.038368598,853376.286299709,829020.235549931,813360.435652493,526255.547219706,486467.169012186,1132594.93447965,1063565.85539323,911427.023100085,1251924.37897837,1230502.46720264,1139476.0060329,1230692.76947426,1248490.50277578,511234.036726453,659798.041596874,801973.350669208,509149.878613144,140145.304852991,135079.154773836,103985.23389239,97756.2329818365,0,49993.576094125,75367.0118298645,8285.22158971882,1046349.32966788,1042852.38080242,1079651.12188863,1066382.74963461,1241312.35409784,1247190.2785369,1171260.92288268,1227614.24891997,249884.172835637,244868.062215089,63763.7588307547,243293.762511184,320759.913805001,303036.043575766,355724.467632952,316330.164973204
"79",1609081.83835411,1563977.79281235,1655362.56434803,1656996.96977549,1568664.28316071,1727814.80660229,1482814.6476192,1566847.13406305,1696993.09886985,1692031.17141834,1700673.33305065,1631765.29725658,1646284.67115354,1681174.28033355,1609910.79459899,817883.222867614,860616.658753731,807508.890029607,795401.662059986,883786.106164124,883195.301795762,856029.378024188,897534.590752226,1640639.92706011,1622446.01234484,1701536.3384629,1705053.56628248,501059.455732504,797924.864493095,1638308.6094228,1676361.50418969,1027165.42452552,1230853.33294648,1048689.08717842,1036849.53589755,1239394.16592201,1243298.52819474,1231734.07714151,1236482.43252126,944883.069179613,918753.592574299,881794.151098332,913033.264633016,1292366.63807778,1146674.55672048,861301.353131098,867464.849076159,844017.135266691,828120.468791301,544264.584651953,508493.047044697,1153937.53448379,1083459.65869465,927452.153296226,1276680.81764094,1249667.82738945,1158058.08888102,1251281.04731878,1269980.58458181,521433.323394232,677195.299251995,806099.152969332,516935.31144218,188876.178459022,183387.246403682,151783.465264275,143649.309136935,49993.576094125,0,124836.772348623,51333.7090502239,1063718.98097849,1059602.70315335,1098003.18054093,1084147.40637472,1264776.0073731,1270285.84396497,1192496.9435491,1251151.45250335,266312.593459934,267298.706481417,16396.643551171,260949.584963837,335330.586469102,318055.979183066,365542.925018412,331026.814919747
"80",1624696.43197015,1579593.31225237,1671024.69140164,1672654.40991709,1584127.538569,1743199.53914019,1498616.0412922,1582371.77322609,1712806.53643088,1707808.90525657,1716508.8834123,1647460.36379346,1662007.6313828,1696941.67480533,1625598.19922008,830521.378840445,873413.727841781,820267.350093736,808376.350527009,897123.973740311,896550.617536757,868832.096869669,910768.35090083,1656042.02854069,1637901.17501609,1717025.62145739,1720631.93600522,512955.363282233,810552.686308855,1653837.50236541,1691750.15493469,1040475.15492319,1245387.84383631,1062227.97873122,1050270.55999323,1254002.72254121,1257927.33696312,1246278.89013771,1251070.73928518,957925.146400079,931839.154000605,895193.618202851,926576.398984318,1307246.77348161,1160866.76097886,874522.619090213,881046.193455433,857775.955101487,841841.405561824,558696.766671131,523555.78128976,1168704.26459325,1098007.34283013,941371.628576069,1291932.00938466,1264069.65542168,1172375.27239966,1265915.78961169,1284755.28584299,534473.889549835,691447.56581435,817608.830815289,529487.800817342,203670.852439498,194243.616451913,166931.583266663,159271.648313408,63763.7588307547,16396.643551171,139116.296033539,63667.2990853038,1077844.37547478,1073619.60285664,1112291.64965721,1098337.52920814,1279846.91936586,1285302.72199333,1207241.76743812,1266234.37055243,280898.449717721,282689.558757125,0,275730.82151359,349451.83197336,332288.85963746,378744.296052469,345178.106500307
"81",1351585.8877097,1306507.89830603,1398308.38806247,1399895.02824074,1309966.94629175,1468591.78763799,1227491.452266,1308600.37659768,1441694.06212421,1436267.71539429,1445678.67840148,1375065.22203154,1389887.14658356,1425287.15052276,1353138.4528032,567441.974687629,608630.852023421,556128.036382189,542360.953781137,627839.087571564,627139.276949878,604021.769451094,642225.253641405,1381533.31588962,1363680.95704472,1442990.43567522,1447203.82744099,264647.914739635,547706.649579247,1380074.29441993,1417169.16534412,771071.714391929,969992.843906936,791253.122343707,780082.809152572,978473.739201429,982367.266332804,970863.378647466,975575.258529515,690738.555892372,664387.261427626,625465.958057108,655788.028815059,1031518.35016023,886481.763204598,606188.688574705,610094.988265259,585742.89133299,570069.746336626,283727.160620498,248173.885087579,892999.589854676,822592.302740877,668326.885181974,1016848.67285624,988987.674915602,897553.712307165,990347.002884973,1009046.5021856,270653.973891904,417061.6562123,566626.105020547,271612.373699687,210805.22879042,282712.569168595,200712.571411207,189123.497183816,243293.762511184,260949.584963837,220937.097626872,251099.416976672,803750.477801066,800002.226003906,837575.147546281,823978.414505105,1004297.62089608,1009672.20144073,931552.10398478,990707.492900263,8962.99815305729,26766.9602245446,275730.82151359,0,78451.9230555402,60673.3856379042,119436.124992022,73990.8908549663
"82",1347709.74554303,1302642.10839567,1394516.74318686,1396093.79648223,1305819.93780129,1464291.27587114,1224036.01507675,1304563.23842168,1438213.31415422,1432709.06178611,1442247.34899946,1371344.429701,1386221.05904827,1421708.29665201,1349406.4049403,560066.029998829,601408.750139612,548828.78636263,535215.820204051,621069.404587248,620384.525493835,596799.976215365,635375.179485822,1377271.70319696,1359511.90268194,1438869.82288276,1443243.14854919,256183.936278135,540302.944094929,1376033.22937824,1412880.89114948,764355.033584698,964543.481028828,784742.344190933,773464.355181742,973114.487138764,977033.078112686,965426.40869575,970191.125661834,683763.045442882,657429.595109234,618749.473124734,649220.597458342,1026509.17399663,880635.839520975,599302.985360397,603537.700289933,579347.500506395,563626.145183599,277998.340797266,243779.504542505,887843.357716211,817152.108370493,662137.213607064,1012392.73232178,983384.768722349,891846.821551915,985020.281479311,1003897.70986988,263060.484067075,411148.489609258,558573.935449437,263600.376356495,219677.336993134,291385.199076156,209227.735117372,197489.806363866,249884.172835637,266312.593459934,229058.465328018,257754.553001434,797818.028015179,793954.168231543,831828.379910462,818120.100443365,999562.375825342,1004856.8157089,926365.907367604,985991.875072193,0,33540.2674519743,280898.449717721,8962.99815305729,71095.88120991,53298.6110276499,111019.717440075,66639.9049761175
"83",1342196.51087413,1297097.19035907,1388647.12513008,1390262.96425685,1301441.59397198,1460525.54832694,1216853.41145113,1299726.00145258,1431081.56497787,1425889.5740654,1434918.38333602,1365191.61774318,1379843.49393214,1414972.0312562,1343304.23906813,572140.076314262,612505.573019741,560452.080415878,545943.343475282,629557.502448362,628791.132911598,607900.233658768,644293.89241191,1373359.59059939,1355213.20944565,1434350.4490169,1438057.46593419,276723.56650755,552573.446142723,1371195.36583815,1409073.94450494,772422.380661784,966072.222653772,791682.96360504,780990.576030454,974215.986770316,978015.702550859,966896.305201984,971410.473700329,693342.088487135,666931.819276229,626947.937239899,656579.299773134,1025977.22401019,884117.661739263,608461.242146617,610892.431954726,585875.360620409,570428.083820982,281989.015030196,241895.778532859,888048.546012483,818720.718221979,667506.914828094,1009424.29553059,985634.558729852,894643.953893432,985964.403136487,1004011.11220312,277261.946035469,415532.939132154,575149.380280448,280582.306820737,196755.815788795,271050.034770993,191141.214616488,180969.704758222,244868.062215089,267298.706481417,214351.746453099,252329.096146592,801779.485225151,798495.730329012,834854.998771256,821701.393633284,997817.907257405,1003465.08853342,926687.976598071,984166.856877486,33540.2674519743,0,282689.558757125,26766.9602245446,87271.6135831825,70833.3465049476,132515.504031829,83056.2152671795
"84",1269661.67114167,1224793.39162872,1317228.29483578,1318705.50177423,1225149.71342353,1381833.25851523,1150583.74191416,1224989.18543925,1364007.21466138,1357715.24164916,1368541.56817258,1294819.48322795,1310222.34308506,1346529.24480124,1272812.37098179,453130.500525967,495422.89965042,442431.109365442,429945.399911928,518393.635063343,517829.155736042,490826.045258551,532030.036228872,1295336.51385012,1278519.45017393,1358216.18406171,1364169.03809143,145219.197362854,433226.907088461,1296278.84949708,1330624.05288448,661733.297455656,872219.203095562,683696.893570567,671588.042643751,881594.499414363,885734.019318055,873213.096162569,878449.822372973,579360.300153741,553215.426242085,516504.52860841,548083.588368083,938120.509038976,784968.450609354,495787.88625335,502650.376109371,479946.231070011,463885.18630206,190248.714610416,175186.722037404,798473.947194691,725360.350165486,564159.55498257,929408.449368338,889627.225663084,797383.895251056,893769.711619462,914252.986403504,155987.821884814,317773.974039105,448159.642237762,153688.266205839,328831.59269305,401888.69440111,320141.814988498,308508.26830438,355724.467632952,365542.925018412,339925.912973224,363831.069538715,701620.819914058,696756.789670092,737179.864313482,722517.129606968,913877.392007152,918380.274673106,836588.853990688,900539.704792746,111019.717440075,132515.504031829,378744.296052469,119436.124992022,46931.9888457682,61746.4792012859,0,50534.6464485309
"85",1288959.93157692,1243950.51669587,1336089.10065229,1337626.95246671,1246030.93624741,1403883.87291361,1167080.96580982,1245196.19231684,1381056.03948869,1375225.71027223,1385298.7064376,1313212.88913955,1328308.5099505,1364144.50931704,1291237.17175651,493480.258382257,534771.483886383,482208.501710953,468577.57609647,554627.091119424,553956.356863529,530162.654630087,568863.958266675,1317030.75141158,1299622.02581049,1379139.73520814,1384128.07231526,193672.716505793,473733.891346559,1316626.68735375,1352531.69827445,697953.899724321,900574.991736913,718583.180239505,707169.478779381,909393.122965358,913381.430599137,901491.503839982,906400.875316318,617172.022483123,590848.223555988,552359.575566081,583001.470203835,963814.840299355,815691.900360497,532767.798650551,537338.512561045,513392.619076166,497598.688960964,213919.978766672,185216.375667645,824746.767256574,753257.724013069,596524.036850756,951578.415465428,919006.441900692,827230.290395731,921387.501378169,940780.823896782,196688.436406378,346282.179239687,493270.311620025,198305.678051215,279810.79641381,353817.580417321,273027.963119645,262070.925107306,316330.164973204,331026.814919747,294472.470222957,324242.907514991,732699.113138405,728589.771058428,767130.66654757,753162.835806252,937774.128773285,942797.227987512,863163.499922916,924276.435235229,66639.9049761175,83056.2152671795,345178.106500307,73990.8908549663,4461.86983797765,13343.5549454469,50534.6464485309,0
"86",1285173.55163929,1240169.7301823,1332326.31721849,1333861.13340718,1242165.32094602,1399967.21400911,1163435.46198646,1241363.28403918,1377388.91756527,1371533.99125416,1381647.2801338,1309473.29491405,1324585.26383754,1360446.94516832,1287495.24428531,489018.620797878,530313.901655323,477748.298940921,464123.986135967,550205.904752781,549536.92372616,525705.091380681,564433.773452084,1313128.55957085,1295747.43347932,1375275.95405751,1380311.55712524,189497.331607091,469272.054876368,1312789.12231606,1348620.43880438,693537.036421611,896380.830524326,714192.799582279,702764.642971232,905219.597153833,909213.665909151,897300.162564712,902221.624984062,612729.744460347,586407.619901127,547944.779205452,578605.750020519,959725.069043074,811414.929676229,528334.400040626,532945.404768076,509025.520116044,493224.360679675,209768.273736466,181631.579419396,820627.410213141,749073.163347022,592189.237532285,947640.34647466,914777.115388696,822981.888836425,917221.156045978,936656.898841004,192232.424014936,342029.414938066,488866.317259429,193917.025159157,284023.983578989,358120.188910326,277400.285506713,266474.950996847,320759.913805001,335330.586469102,298904.767582693,328676.590334862,728407.817796642,724276.168766035,762876.253034465,748885.697240793,933758.519541667,938759.565658972,859034.316946291,920267.096534345,71095.88120991,87271.6135831825,349451.83197336,78451.9230555402,0,17803.1813262469,46931.9888457682,4461.86983797765
"87",1300556.97848663,1255532.85435162,1347619.66588152,1349165.9443265,1257848.36589546,1415839.92891496,1178287.74435394,1256923.13741604,1392318.63701064,1386557.25027713,1396517.25433735,1324679.24697003,1339728.98633545,1375492.59319902,1302710.44519238,506819.2599087,548114.717337839,495551.480266252,481917.391964185,567908.157203445,567233.708187769,543505.879405546,582163.543914874,1328948.062646,1311463.40135845,1390950.0522447,1395807.28711905,206063.10688727,487070.472486352,1328365.33174131,1364473.52394655,711225.239109678,913288.742375111,731794.736807049,720414.192365591,922052.207994135,926025.184402522,914197.804134926,919075.159790989,630494.530156274,604167.766377177,565626.971326077,596226.102945613,976249.326778424,828622.341508712,546073.848110847,550557.492630849,526550.954800204,510774.357409117,226565.925725429,196416.798008304,837263.243398011,765948.658322308,609602.89620284,963601.204798006,931812.286155661,840086.904265699,934027.370739605,953307.343116755,209984.404413904,359164.11731387,506362.126105288,211358.503492612,267437.552443475,341118.718176509,260082.66093711,249005.197981884,303036.043575766,318055.979183066,281291.490362198,310940.155147826,745667.128942008,741614.237084981,780003.654531979,766094.465423064,950008.631993552,955091.424863192,875705.43504241,936494.213192544,53298.6110276499,70833.3465049476,332288.85963746,60673.3856379042,17803.1813262469,0,61746.4792012859,13343.5549454469
