ID,1,2,3,4,5,6,7,8,9,10,11,12,13,14,15,16,17,18,19,20,21,22,23,24,25,26,27,28,29,30,31,32,33,34,35,36,37,38,39,40,41,42,43,44,45,46,47,48,49,50,51,52,53,54,55,56,57,58,59,60,61,62,63,64,65,66,67,68,69,70,71,72,73,74,75,76,77,78,79,80,81,82,83,84,85,86,87
1,0.0,9437.4151265935,23966.590265705,32637.4913144063,105659.855703853,86178.8164667628,68773.8958257027,78023.5869410213,78439.0200494357,120669.972314729,157014.780001316,218234.273135987,170721.377823293,181540.566299546,156730.55077985,121334.299019345,92869.36911176,157453.051765117,150898.477061123,123741.94011459,152973.287791778,1285200.26305247,1031806.06362798,1017826.14785266,1015557.33553981,1016772.27912137,976974.831317216,979941.768092411,923459.392788366,927539.604995018,926948.144604674,925395.616986933,892340.857526736,901558.121712457,917261.321720468,951639.132825454,926103.566117535,480422.055511016,663640.447364625,791526.015907839,809273.258981821,824758.646070443,566163.040624784,564404.971861513,556170.46670153,551780.148932097,546607.668959263,539810.20764605,509954.63420213,566657.487943067,643370.089306843,1086794.92426188,1253645.05026252,1235990.39041345,1060155.23971695,1178596.56769676,1200121.77692007,935447.109532316,950651.320690122,857354.827822768,455871.313402343,606460.455561895,684058.812105663,692868.774023949,711952.599461697,733255.355846848,745083.251829832,575878.062656743,494114.027741437,483370.107285256,484014.543555943,1585102.57137017,1583194.38062442,1564564.2349523,1633067.86074665,1616953.03260997,1677199.14876607,1670894.26905667,1700673.33305065,1716508.8834123,1445678.67840148,1442247.34899946,1434918.38333602,1368541.56817258,1385298.7064376,1381647.2801338,1396517.25433735
2,9437.4151265935,0.0,14535.171374648,23592.4466686647,98288.3812481242,78227.1267719329,60771.8648899189,68880.3849077267,69228.7072865509,112391.107416289,149769.161689948,214229.08837092,162643.231282285,173081.205362731,148679.602818826,112607.166549398,84355.5734934664,148020.239805913,141622.562879728,114428.698977431,143736.125256044,1279937.84103833,1025498.50552519,1011525.13319713,1009402.50353697,1010374.73996621,970436.475208199,973428.093036167,916945.219545737,921147.245938226,920568.041588234,919046.35530722,885923.873811626,894709.203635296,910566.726257358,945293.483283725,919925.305766811,473186.286737365,656455.717660994,784398.45349595,802138.950357624,817613.443932454,558822.716884032,557072.174010966,548863.827273439,544481.655533392,539310.933098934,532466.267699941,502695.321066132,559026.963145615,636243.578614373,1080093.52916755,1248476.65710875,1230940.18119379,1055106.46389182,1173995.83337229,1195908.36668143,929481.495721719,944731.418780449,851118.492274652,449650.520257845,599946.775715371,677634.028224392,686069.161113445,705133.617311501,726490.059335907,738245.37152921,569095.430285892,487608.862354605,476744.513604269,477225.340753917,1581957.71426495,1579963.66490227,1561603.65149075,1630307.11996778,1613770.99355785,1673758.51562154,1667425.16985571,1696993.09886985,1712806.53643088,1441694.06212421,1438213.31415422,1431081.56497787,1364007.21466138,1381056.03948869,1377388.91756527,1392318.63701064
3,23966.590265705,14535.171374648,0.0,11528.9489185943,88206.9240184309,67195.4490834011,49921.6878338874,55230.687680508,55405.4164261391,100428.14049403,139605.944682474,209374.774867386,150905.393450379,160606.561079496,136253.098464603,99137.915404935,71357.6578197367,133534.058787093,127539.685688146,100275.129900889,129426.285320553,1272491.08068787,1016388.97513069,1002427.66131541,1000542.67347942,1001120.35653017,960956.671167363,963988.252379917,907510.909862451,911911.201883713,911352.046874816,909880.807698952,876652.113388099,884729.190218314,900838.051058628,936130.663113697,911037.921003192,462649.282838048,645955.70220309,773972.694741018,791699.664842346,807154.162866238,548084.022168642,546346.550220007,538184.217144849,533816.87947365,528650.508563848,521728.431666729,492108.605713295,547799.451056721,625844.497475437,1070337.2804092,1241182.96150997,1223836.99590506,1048023.57946673,1167615.10152076,1190140.9636352,920937.981804828,936259.970112595,842146.100330685,440817.119390076,590571.234341457,668385.186088798,676201.703134967,695230.533195409,716671.604281816,728305.244848327,559284.10399164,478286.331683389,467226.751468428,467434.963205457,1577844.85530411,1575716.0701399,1557781.31890718,1626793.47159142,1609597.71629726,1669175.16904223,1662797.39459547,1692031.17141834,1707808.90525657,1436267.71539429,1432709.06178611,1425889.5740654,1357715.24164916,1375225.71027223,1371533.99125416,1386557.25027713
4,32637.4913144063,23592.4466686647,11528.9489185943,0.0,76681.2550021289,55746.7467687251,38423.4900052316,45388.8194565591,45842.8460848108,89272.7396953108,128093.519383441,198707.31525268,139692.569803612,149716.930149214,135426.8842023,96652.9197785896,70230.940033674,125755.286366531,118349.819487231,91278.3334814154,124305.621621669,1261098.70250776,1004861.27184078,990900.161391716,989021.559856945,989591.42625596,949429.688405393,952460.570479487,895983.085184606,900382.345466189,899823.292883015,898352.477030463,865123.170609368,873224.494712056,889318.871902211,924602.340503368,899516.049725322,451196.73240696,634501.714429241,762510.610979269,780239.4338243,795696.613908604,536663.771404177,534924.123637175,526754.280797851,522384.548108512,517217.394497113,510307.443027337,480663.728025391,536477.655416327,614377.497305888,1058819.8307117,1229813.49943978,1212498.07065214,1036690.19795287,1156412.92180248,1179078.08967891,909433.275027127,924760.009548936,830621.69578652,429300.834375939,579042.448655864,656856.388058563,664688.5703561,683719.648089473,705156.021854046,716796.940286293,547767.073902293,466757.400522413,455699.279371996,455916.0266553,1567249.96155675,1565077.51274475,1547283.97915565,1616402.43237884,1598982.58803899,1658430.18423272,1652039.02596515,1681174.28033355,1696941.67480533,1425287.15052276,1421708.29665201,1414972.0312562,1346529.24480124,1364144.50931704,1360446.94516832,1375492.59319902
5,105659.855703853,98288.3812481242,88206.9240184309,76681.2550021289,0.0,22011.7823879357,38385.7342056467,46231.5431299768,48140.9352368503,23854.0595067269,51499.9803779941,132691.451911274,66932.5244135805,80684.4711410016,151919.872761893,111784.036447843,101782.498476252,93765.142825814,73854.6960383838,58327.4175898513,114588.78095623,1185739.85980883,928247.601720132,914290.523153897,912503.358114134,912941.335782421,872750.478598203,875784.059532726,819307.400877915,823737.82418275,823183.429091419,821725.5292392,788471.71535905,796609.489077113,812648.153135687,847975.446483796,822989.830478686,374897.913667155,558169.617965139,686122.468661725,703861.036320971,719332.874422138,460555.60872418,458802.266760775,450585.714104749,446201.457823613,441030.271341543,434200.196795763,404408.265864716,461028.386351916,537969.970511221,982153.998686199,1154646.54839722,1137582.60217424,961843.256537125,1082601.30914464,1106352.83557216,833097.118530888,848471.090136265,754062.851614284,352868.631151831,502379.236938243,580216.142978039,588039.488953074,607079.52324555,628497.441833017,640167.487226347,471104.302256932,390110.476492959,379022.076524089,379247.496019934,1497960.90295141,1495465.08870197,1478722.52785474,1548603.66097579,1529535.38445366,1588005.53215592,1581516.06156095,1609910.79459899,1625598.19922008,1353138.4528032,1349406.4049403,1343304.23906813,1272812.37098179,1291237.17175651,1287495.24428531,1302710.44519238
6,86178.8164667628,78227.1267719329,67195.4490834011,55746.7467687251,22011.7823879357,0.0,17455.6967693419,26109.1280565092,28271.1494736123,34976.3079327844,72614.6654060087,153205.566011681,84550.6458132741,96036.7672324202,138047.442342572,96839.7639100678,83066.1493049902,92250.8486013452,76470.7380833996,54328.9703950703,106441.741703194,1207691.76249067,949728.731832231,935778.044083774,934093.499283181,934354.146842283,894047.75254319,897102.994799134,840632.915770313,845165.544132065,844621.019278602,843187.534533823,809884.320281659,817601.002253362,833803.345226294,869436.851287735,844575.062678131,395455.377789157,578761.42859947,706777.255863381,724504.249915406,739959.060997297,480919.668936836,479179.282622006,471007.797318572,466637.85429815,461470.666960718,454563.131942084,424918.703925517,480851.1668598,558649.887477613,1003284.20417272,1176618.41142534,1159573.25554115,983838.965981917,1104609.77548001,1128316.09662397,854810.084146377,870206.64712381,775618.064732947,374555.362218373,523771.222214917,601662.064126388,609121.244447502,628135.420049183,649608.223717724,661195.373043128,492237.578883893,411556.279730652,400360.6262169,400411.936649028,1519594.02260826,1517138.10961818,1500260.46222389,1570038.4315816,1551188.98609736,1609774.23815355,1603295.30690469,1631765.29725658,1647460.36379346,1375065.22203154,1371344.429701,1365191.61774318,1294819.48322795,1313212.88913955,1309473.29491405,1324679.24697003
7,68773.8958257027,60771.8648899189,49921.6878338874,38423.4900052316,38385.7342056467,17455.6967693419,0.0,22859.9030929305,24983.2414973143,52021.6424661077,89690.6092423603,165646.850959513,101950.844889649,113066.217763054,136554.151189067,95044.5406854917,76624.7228759684,102089.055565922,89136.8298992331,64370.7977629314,111033.285283246,1223791.90436405,966629.677498186,952673.24974135,950887.202924008,951312.537759173,911089.978896584,914130.603400098,857655.740947724,862111.717829084,861559.106031876,860105.042242312,826842.513130296,834807.506185393,850930.539854311,886354.928567739,861374.171076017,412796.599129945,596098.942470332,724100.036347422,741830.3949188,757289.931297205,498304.216944449,496561.418485438,488381.104085975,484008.182141352,478840.046631867,471947.229502703,442271.962807808,498297.783048305,575963.378995675,1020425.69423152,1192627.62267111,1175468.26352178,999697.571714699,1120043.43422849,1143337.70486788,871451.422059074,886814.728441294,792448.54259384,391237.548807981,540743.777714922,618592.37949297,626283.983244325,645310.812205027,666757.046470094,678384.147768789,509372.380731587,428485.260641727,417370.14334559,417527.942469731,1533452.37401508,1531101.67304643,1513884.19933875,1583423.26500143,1565099.71250631,1624008.92588018,1617562.73023537,1646284.67115354,1662007.6313828,1389887.14658356,1386221.05904827,1379843.49393214,1310222.34308506,1328308.5099505,1324585.26383754,1339728.98633545
8,78023.5869410213,68880.3849077267,55230.687680508,45388.8194565591,46231.5431299768,26109.1280565092,22859.9030929305,0.0,2276.10192059092,48875.5597447321,92652.2445006779,178774.389193468,98670.6449891941,106556.610820418,114270.839286856,72755.4323839655,57016.8850303062,82592.7469285011,73123.0937665726,46368.8436301581,88537.6763986691,1228769.56409478,968428.576760534,954504.932101218,953219.326402073,952809.885223742,912118.543200619,915245.120905458,858813.968144058,863698.52198423,863189.468840799,861844.748503023,828374.721545597,834752.070577619,851438.612179561,888084.37733892,863703.088706983,411798.841965605,594964.986738535,723054.583464666,740741.546979039,756143.804043894,496662.641701148,494955.634839665,486903.710892312,482574.353645523,477423.899977417,470339.290166484,441096.852700477,495356.389248972,575097.757762348,1020792.92586725,1197902.07254737,1181099.34028048,1005463.26605461,1126987.39176023,1151313.0471387,874485.003006814,889984.361586079,794647.698967373,394372.605198327,542333.580424027,620360.392267944,626641.725281002,645567.409781277,667190.395935328,678525.590622964,510004.947681628,430410.842977403,418870.002693607,418380.791355365,1543870.759848,1541318.19279918,1524740.95776168,1594706.10562764,1575416.6850126,1633683.1864645,1627170.43608726,1655362.56434803,1671024.69140164,1398308.38806247,1394516.74318686,1388647.12513008,1317228.29483578,1336089.10065229,1332326.31721849,1347619.66588152
9,78439.0200494357,69228.7072865509,55405.4164261391,45842.8460848108,48140.9352368503,28271.1494736123,24983.2414973143,2276.10192059092,0.0,49963.3104577401,94028.4202341367,180753.449634443,99486.6803598936,107029.154255109,112017.323456453,70498.9993987567,54814.1595735098,81392.9504877672,72518.4387580875,45571.8291574053,86650.996391987,1230083.18803121,969474.547176246,955554.185995476,954312.692401787,953829.494898199,913097.398693125,916231.59998575,859806.209928327,864728.844346566,864223.677915873,862888.70169312,829401.442825771,835635.135065994,852372.478615103,889126.555194431,864798.877387431,412627.384762269,595760.995506257,723850.916764411,741532.942915979,756929.106106759,497419.903059787,495716.454049464,487677.498601079,483352.723174375,478204.52479435,471102.734728509,441904.61410231,495989.71050364,575920.314779405,1021708.89802244,1199240.75107641,1182467.59799291,1006845.76590839,1128462.32808647,1152868.35226844,875641.704386121,891152.308293919,795734.617603994,395571.496934837,543381.490073215,621418.215896557,627572.895971001,646488.171010382,668125.910084625,679433.897304846,510970.404601949,431500.259840688,419923.624311089,419377.018195671,1545604.78119486,1543037.61324769,1526506.52021916,1596501.30671324,1577143.15887019,1635362.23007159,1628844.5965768,1656996.96977549,1672654.40991709,1399895.02824074,1396093.79648223,1390262.96425685,1318705.50177423,1337626.95246671,1333861.13340718,1349165.9443265
10,120669.972314729,112391.107416289,100428.14049403,89272.7396953108,23854.0595067269,34976.3079327844,52021.6424661077,48875.5597447321,49963.3104577401,0.0,45104.5844784559,140235.146397804,50509.5499941643,61077.8617866554,138397.808898493,100549.743183904,96674.1457759383,71814.9862913005,50633.886064025,39716.1125171427,96387.0305369167,1180367.48772542,919553.072930852,905629.372834352,904356.357548968,903939.735525326,863273.672027022,866393.982700775,809958.751241115,814825.217077409,814315.332933886,812969.364146589,779502.393145674,786045.559617385,802645.34630274,839209.12450468,814841.488886504,363245.674198249,546487.776020515,674568.15963083,692269.091068575,707689.258934617,448323.958381319,446604.662053465,438509.315383931,434165.239305096,429008.045670999,421982.957763308,392600.264000748,447540.464413462,526544.88507305,972024.930852565,1149598.89493146,1132926.16770794,957362.522489818,1079412.97077688,1104334.44009332,825685.019067922,841201.27157239,745781.21693013,345651.241042718,493458.068661609,571485.21853022,577855.571290921,596796.909997958,618397.192360715,629775.164709258,461176.797419093,381545.08609294,369994.467722601,369525.900417347,1498735.4513713,1495997.87289643,1480030.58593902,1550418.71029298,1530182.6728488,1587878.93723347,1581311.88036567,1609081.83835411,1624696.43197015,1351585.8877097,1347709.74554303,1342196.51087413,1269661.67114167,1288959.93157692,1285173.55163929,1300556.97848663
11,157014.780001316,149769.161689948,139605.944682474,128093.519383441,51499.9803779941,72614.6654060087,89690.6092423603,92652.2445006779,94028.4202341367,45104.5844784559,0.0,100906.669299956,27686.4268020612,45618.1113546868,178304.475138594,143037.23482605,141560.015070437,99763.4389234143,75892.2426253947,78995.1910264158,131506.728644785,1136148.77535963,877133.894185276,863185.702507561,861562.835291544,861742.57654482,821439.176405868,824491.216231871,768020.282855216,772556.659482412,772014.148503562,770587.044760437,737273.07078681,745137.597810223,761240.997142313,796836.007963885,772041.966132737,323432.7702299,506689.284927727,634630.279653779,652370.188595518,667844.287491385,409148.529245337,407390.203694249,399157.395435085,394768.407706421,389596.223659778,382796.084624074,352954.307038978,409933.274417857,486476.274492526,930735.108804551,1105256.50442967,1088448.1704672,912818.796657804,1034545.94908749,1059291.88222355,782431.111724892,797866.971760355,703063.70987697,302180.427215271,451158.67302507,529059.150037932,536595.795742452,555626.152719486,577066.731309134,588704.948750195,419681.829365072,338957.192918754,327746.021228327,327839.217017628,1453722.98848748,1450958.18523464,1435095.66141358,1505576.53347362,1485154.76804499,1542788.54649336,1536218.03529964,1563977.79281235,1579593.31225237,1306507.89830603,1302642.10839567,1297097.19035907,1224793.39162872,1243950.51669587,1240169.7301823,1255532.85435162
12,218234.273135987,214229.08837092,209374.774867386,198707.31525268,132691.451911274,153205.566011681,165646.850959513,178774.389193468,180753.449634443,140235.146397804,100906.669299956,0.0,120834.095311186,135038.425771479,278047.509508116,240778.033477755,234217.181910282,200434.335816276,176626.863938046,178365.265565582,232341.621255887,1069404.91970993,824067.220492335,810058.963625571,806314.274045762,810062.808313071,772071.119971813,774723.623703331,718488.088505116,721097.014820117,720367.51624828,718472.204064646,686338.195220669,701284.924530155,714675.313586844,744575.304684768,717357.16642057,295175.408877713,471798.433899988,596793.944735321,614475.846051157,630002.530661085,380004.866817154,378128.658057981,369557.511961163,365124.914293422,360085.941445717,354627.882971202,323938.412491795,387701.506127266,450754.510557905,883555.367888763,1037456.19888831,1019349.94598089,843584.664364376,960762.343954373,981896.732104862,724671.63920004,739444.646723468,649475.738380395,252289.942271715,404076.739744036,479535.205078033,493683.043811011,512847.750090199,533074.68060209,545914.7491597,378291.093471362,293848.838604482,285458.654415852,289073.717756432,1368547.94769707,1366371.15921345,1348664.99743142,1417973.59880433,1400275.87994667,1459809.59524961,1453439.79058428,1482814.6476192,1498616.0412922,1227491.452266,1224036.01507675,1216853.41145113,1150583.74191416,1167080.96580982,1163435.46198646,1178287.74435394
13,170721.377823293,162643.231282285,150905.393450379,139692.569803612,66932.5244135805,84550.6458132741,101950.844889649,98670.6449891941,99486.6803598936,50509.5499941643,27686.4268020612,120834.095311186,0.0,17933.1680434836,166233.605852853,135101.500147224,139250.146730215,81979.5720945263,59220.8158605731,71475.2660805486,116545.785293954,1133655.30890962,870553.686822076,856652.774130278,855687.697257972,854773.71885215,813870.720409311,817033.780357273,760634.504987018,765733.10813012,765248.272232265,763966.179174091,730390.453496241,736176.497074564,753007.972447435,790191.703113315,766202.951388326,313141.033300259,496294.353737445,624383.938499102,642071.192554358,657474.625922454,398014.050019683,396303.378313337,388240.904574802,383908.881165734,378757.336555268,371684.95681139,342427.463456333,397042.730728106,476435.649842557,922300.863568384,1103175.61057905,1086856.69017249,911532.820160755,1034782.67817287,1060939.21348622,777530.007140979,793139.207624658,697088.03057498,298219.286478479,444538.388566412,522615.600614515,528209.794533392,547098.750056793,568772.267626493,580017.090944401,411726.111222126,333004.915818987,321171.556257934,320287.329150042,1458523.10884564,1455474.69230375,1440529.27185173,1511576.62631468,1489793.90565534,1546496.08776376,1539835.89743156,1566847.13406305,1582371.77322609,1308600.37659768,1304563.23842168,1299726.00145258,1224989.18543925,1245196.19231684,1241363.28403918,1256923.13741604
14,181540.566299546,173081.205362731,160606.561079496,149716.930149214,80684.4711410016,96036.7672324202,113066.217763054,106556.610820418,107029.154255109,61077.8617866554,45618.1113546868,135038.425771479,17933.1680434836,0.0,160777.978227536,133114.058358357,140964.106531681,74068.8520640986,53829.0407107426,72360.5073999587,109812.809209512,1132099.44283129,866444.731373069,852581.96950921,852046.896447457,850419.083903503,809146.552577884,812380.448770747,756062.913067351,761526.236796255,761079.464132793,759893.104795382,726169.430210275,730588.010645414,747886.083741109,786086.376862808,762639.58463337,307338.581116144,489997.281447208,618037.342134195,635674.016585102,651017.757286796,391398.920799476,389724.115004058,381794.732202106,377511.350256266,372386.292930774,365148.272633869,336367.112259641,389245.233696271,470404.664321224,916955.472787187,1101897.51618567,1085901.72291409,910848.854870502,1035031.72860384,1062091.3018633,774571.480712012,790283.619856149,693486.30371373,296708.927378924,440832.667449885,518894.898891329,523200.260627115,541971.175527344,563772.246401187,574744.68415715,407205.067332713,330038.032012991,317834.983687973,316302.078698089,1461608.02430873,1458376.91223489,1444026.89828896,1515427.16065125,1492768.96931052,1548858.85252794,1542141.81395147,1568664.28316071,1584127.538569,1309966.94629175,1305819.93780129,1301441.59397198,1225149.71342353,1246030.93624741,1242165.32094602,1257848.36589546
15,156730.55077985,148679.602818826,136253.098464603,135426.8842023,151919.872761893,138047.442342572,136554.151189067,114270.839286856,112017.323456453,138397.808898493,178304.475138594,278047.509508116,166233.605852853,160777.978227536,0.0,41525.6101563639,65208.0609924396,87317.7981127228,107408.290265227,99690.7772099628,51464.6750361442,1284993.24364886,1011916.9867902,998240.508352313,999216.645520775,995042.200591336,952526.429609883,956020.549236171,900266.989605944,907049.183784671,906741.089270046,905900.713334971,871801.57700471,870861.65257782,889988.208786759,931870.841375316,910381.184658675,451788.97621974,629392.383644569,755836.889263703,773089.564953518,788029.804980243,531008.537945056,529513.20493364,522275.481764624,518268.870295029,513348.490911429,505597.846353773,479252.149037822,523667.751379332,611156.132961477,1057355.98537372,1255534.96891181,1240336.13451991,1066101.1354139,1192007.60038089,1220512.02987919,924194.611243983,940169.805472937,841386.469871948,452465.144878862,590032.839555334,667410.361408768,667315.089130682,685475.557701425,707567.719942696,717410.61365807,554243.844807295,482376.871409924,469417.41869707,466200.893500228,1621949.20588374,1618594.51775097,1604592.49220005,1676119.2224344,1653034.84569711,1708610.22129418,1701838.11138175,1727814.80660229,1743199.53914019,1468591.78763799,1464291.27587114,1460525.54832694,1381833.25851523,1403883.87291361,1399967.21400911,1415839.92891496
16,121334.299019345,112607.166549398,99137.915404935,96652.9197785896,111784.036447843,96839.7639100678,95044.5406854917,72755.4323839655,70498.9993987567,100549.743183904,143037.23482605,240778.033477755,135101.500147224,133114.058358357,41525.6101563639,0.0,28922.6137890738,66370.3650544543,79784.8304630775,64401.7535288046,39631.3362137882,1264306.6305177,995503.909421005,981721.05406707,981892.960467664,979054.233419806,937127.397515658,940495.783979135,884411.830054103,890530.516989081,890150.48422833,889129.494752733,855195.388703989,856857.252144267,875148.919232222,915236.958942035,892686.138425288,434900.286829911,615354.8447632,742767.780650514,760217.92121155,775358.444656529,516572.185937209,514994.584298716,507432.396580795,503290.879050729,498262.855954343,490702.559066578,463184.993049796,511323.833469204,596473.699241491,1043475.83460522,1234323.52473923,1218541.27383655,1043655.8042714,1168117.6227897,1195157.87005505,905445.888796115,921276.068277181,823550.604746383,429376.475749907,571184.80044713,649052.393419656,651199.414457486,669685.437694657,691675.463308445,702073.369695954,536453.359639709,461550.877817884,449001.830715339,446702.101490104,1593617.96178305,1590549.62075796,1575620.31622129,1646608.74431473,1624878.61311802,1681437.07880298,1674755.92657936,1701536.3384629,1717025.62145739,1442990.43567522,1438869.82288276,1434350.4490169,1358216.18406171,1379139.73520814,1375275.95405751,1390950.0522447
17,92869.36911176,84355.5734934664,71357.6578197367,70230.940033674,101782.498476252,83066.1493049902,76624.7228759684,57016.8850303062,54814.1595735098,96674.1457759383,141560.015070437,234217.181910282,139250.146730215,140964.106531681,65208.0609924396,28922.6137890738,0.0,84454.349703083,91165.207390238,68619.4009627687,65729.7995863902,1272660.01322384,1007176.26749613,993331.347470595,992937.085802962,991035.037429496,949549.169212805,952828.918378674,896576.045697687,902229.913351116,901800.161025194,900654.03601102,866873.078071486,870292.08058299,888010.817787977,926830.312823372,903552.529865362,447318.074909047,629140.189367233,756953.598822669,774504.881250071,789752.034815525,530346.519021358,528719.813265991,520967.423135762,516749.724362215,511666.440841956,504256.970076763,476052.195166707,526446.653456055,609877.668765497,1056820.06417292,1242285.68907158,1226052.51389264,1050767.24260873,1173948.32402297,1199715.39911614,915534.164194639,931241.14696635,834396.407829204,437146.220080519,581751.695775311,659799.009758182,663523.056189963,682196.411501731,704077.460613132,714834.16622637,547879.529930086,470982.822217508,458799.087058303,457198.330932847,1595265.47512928,1592471.46478432,1576652.75416017,1647085.26368439,1626682.9387947,1684145.53602259,1677550.36201199,1705053.56628248,1720631.93600522,1447203.82744099,1443243.14854919,1438057.46593419,1364169.03809143,1384128.07231526,1380311.55712524,1395807.28711905
18,157453.051765117,148020.239805913,133534.058787093,125755.286366531,93765.142825814,92250.8486013452,102089.055565922,82592.7469285011,81392.9504877672,71814.9862913005,99763.4389234143,200434.335816276,81979.5720945263,74068.8520640986,87317.7981127228,66370.3650544543,84454.349703083,0.0,23880.8994537703,38006.0759753729,35930.1422075541,1199823.36837497,929584.701415009,915822.891722346,916185.949992209,913047.9766257,871014.084530155,874403.149822913,818369.084408035,824619.513514483,824254.99381851,823274.137548581,789297.693331447,790565.412108092,808948.533763656,849354.759728432,827064.747212194,368929.005915538,549040.126378023,676410.839088509,693855.467518836,708991.815150038,450272.32483147,448701.565561896,441169.183426967,437041.24303305,432024.12795832,424440.224653535,397072.897967354,444958.34731167,530213.958597782,977185.774228869,1170082.57883056,1154591.61000485,980038.063217658,1105400.43542399,1133494.31800009,840150.254080176,856032.751616864,757955.578970614,365949.595351762,505825.786466053,583565.740792392,585160.547979614,603593.489348366,625605.941153806,635916.752680915,470755.910356272,396915.930611444,384173.315896911,381501.08574623,1534635.96576892,1531276.73934198,1517319.54774762,1588911.32211887,1565717.80720219,1621327.79970927,1614563.2909025,1640639.92706011,1656042.02854069,1381533.31588962,1377271.70319696,1373359.59059939,1295336.51385012,1317030.75141158,1313128.55957085,1328948.062646
19,150898.477061123,141622.562879728,127539.685688146,118349.819487231,73854.6960383838,76470.7380833996,89136.8298992331,73123.0937665726,72518.4387580875,50633.886064025,75892.2426253947,176626.863938046,59220.8158605731,53829.0407107426,107408.290265227,79784.8304630775,91165.207390238,23880.8994537703,0.0,27342.5579626488,57325.7120086489,1184588.28639516,916820.104506599,903003.81095015,902905.176324454,900536.638401675,858868.158706423,862182.005689343,805990.940973182,811850.626196878,811444.50285836,810359.298602952,776500.061069097,779297.600320477,797172.80272859,836504.552531832,813613.103628498,356542.634452829,538054.468570861,665824.523758972,683366.548995916,698605.273202098,439249.606248676,437630.226784282,429909.404574309,425705.639671653,420632.557564357,413192.136049062,385142.139845994,435299.406467563,518861.499897091,965859.47062426,1154565.58417242,1138759.70227531,963873.422273773,1088446.92366345,1115768.19174067,826087.365062799,841880.560143521,744460.836714292,349592.06911671,491939.221892574,569894.129290477,572841.924767542,591449.483853352,613373.892559588,624007.8743925,457569.820972741,381940.079195239,369473.936852719,367390.249792091,1515415.04176387,1512196.7633365,1497784.17236956,1569120.03653869,1546584.51940531,1602684.18343406,1595964.91462469,1622446.01234484,1637901.17501609,1363680.95704472,1359511.90268194,1355213.20944565,1278519.45017393,1299622.02581049,1295747.43347932,1311463.40135845
20,123741.94011459,114428.698977431,100275.129900889,91278.3334814154,58327.4175898513,54328.9703950703,64370.7977629314,46368.8436301581,45571.8291574053,39716.1125171427,78995.1910264158,178365.265565582,71475.2660805486,72360.5073999587,99690.7772099628,64401.7535288046,68619.4009627687,38006.0759753729,27342.5579626488,0.0,56822.1981265997,1204154.4296956,938730.39628954,924874.979609279,924393.568555861,922654.358258771,881283.117810223,884538.544959324,828249.713823527,833798.845567434,833359.401372152,832190.051469474,798441.539520479,802379.879192083,819887.269895822,858376.473660504,834992.915777077,379218.158333678,561470.248896589,689414.160336548,707009.107124548,722304.96179271,462740.832679445,461091.686191516,453256.142309332,449007.175168663,443903.278845625,436569.213897443,408094.085150339,459622.338843546,542048.24054803,988836.732352713,1173843.18616738,1157700.37855609,982500.73826784,1106091.52401807,1132401.19279212,846919.447132319,862623.295928438,765838.659347894,368653.688628527,513186.67014868,591244.757136781,595286.59163249,614010.347757811,635852.411353613,646718.41909205,479455.756983753,402363.513301975,390189.441187117,388647.385271688,1529715.64158542,1526727.85416976,1511558.59579671,1582431.43502819,1561022.72773879,1617883.63254349,1611234.26898004,1638308.6094228,1653837.50236541,1380074.29441993,1376033.22937824,1371195.36583815,1296278.84949708,1316626.68735375,1312789.12231606,1328365.33174131
21,152973.287791778,143736.125256044,129426.285320553,124305.621621669,114588.78095623,106441.741703194,111033.285283246,88537.6763986691,86650.996391987,96387.0305369167,131506.728644785,232341.621255887,116545.785293954,109812.809209512,51464.6750361442,39631.3362137882,65729.7995863902,35930.1422075541,57325.7120086489,56822.1981265997,0.0,1234390.76141121,962711.502783549,948990.013538053,949655.703913404,946007.317748364,903732.66117407,907173.398730509,851268.033533719,857781.041441195,857444.340175987,856532.83562019,822490.819099057,822679.806596474,841426.886593067,882562.273650403,860667.337099799,402181.014694502,581109.033252759,708074.430001095,725431.897949645,740478.49298848,482483.427606545,480949.66735841,473561.442902433,469492.483375969,464521.503703496,456848.622920192,429987.237169125,476155.970702852,562567.244118919,1009272.59774628,1204796.87381579,1189460.73871247,1015076.14165802,1140750.41537847,1169101.40216452,874121.175059178,890052.195061964,791607.213257938,401219.285947763,539833.080943164,617400.609187339,618137.801327109,636439.740255624,658497.792551571,668579.135961266,504378.565020501,431576.493175292,418710.299006629,415738.521077529,1570538.3536413,1567163.7485288,1553244.42955179,1624841.43675517,1601610.82355,1657146.9711876,1650373.97288942,1676361.50418969,1691750.15493469,1417169.16534412,1412880.89114948,1409073.94450494,1330624.05288448,1352531.69827445,1348620.43880438,1364473.52394655
22,1285200.26305247,1279937.84103833,1272491.08068787,1261098.70250776,1185739.85980883,1207691.76249067,1223791.90436405,1228769.56409478,1230083.18803121,1180367.48772542,1136148.77535963,1069404.91970993,1133655.30890962,1132099.44283129,1284993.24364886,1264306.6305177,1272660.01322384,1199823.36837497,1184588.28639516,1204154.4296956,1234390.76141121,0.0,300320.814503101,311135.36144201,301834.519054773,320250.997532033,364247.666421643,359750.54118057,406375.294336787,394497.468796377,394214.485739228,393612.282117405,426965.849036153,450654.166811421,425280.147222229,370444.881645197,383109.013846218,835109.50731902,670955.992469525,560686.974926109,547060.496033345,535808.899754629,763173.409325246,764350.031977529,770350.880305528,773845.077574998,778321.75282227,786353.80012992,809370.045767932,777895.527410494,685407.684610222,305618.993142911,34915.547208553,59471.7579613427,227107.424614418,146209.963533982,179580.110849217,364366.244643842,348070.691923971,449339.227922263,835513.806267798,695540.03598187,619265.04338745,625665.901223486,609445.320182608,587742.307323139,581051.335497923,732408.765964462,802908.639703507,815688.460938469,818809.601538722,465358.879357201,453656.163555714,473464.63495335,547021.176767178,484779.208023244,504621.738913332,496399.650264091,501059.455732504,512955.363282233,264647.914739635,256183.936278135,276723.56650755,145219.197362854,193672.716505793,189497.331607091,206063.10688727
23,1031806.06362798,1025498.50552519,1016388.97513069,1004861.27184078,928247.601720132,949728.731832231,966629.677498186,968428.576760534,969474.547176246,919553.072930852,877133.894185276,824067.220492335,870553.686822076,866444.731373069,1011916.9867902,995503.909421005,1007176.26749613,929584.701415009,916820.104506599,938730.39628954,962711.502783549,300320.814503101,0.0,14008.8283846878,27222.0219679131,19980.0705318051,64235.6537750431,59860.5695378431,112239.176141368,104974.614572252,105378.23078118,106588.776920361,140320.326207042,151368.435926648,127094.752785674,80364.8496666157,107116.499185933,560656.444671051,384519.11631766,265147.392332454,250152.453879417,237762.798633745,481521.388533502,482935.392684306,489907.634792883,493829.744738716,498691.92848016,506514.041075498,532734.627146645,492160.788252268,401538.237882114,81660.2298979738,281074.829252572,277544.187278,176152.621919799,284634.140823987,341423.230494164,106853.629776669,96788.1205480558,174671.797195018,575959.956983158,426095.007939951,348092.209222383,344606.608263571,326492.733981872,304381.200057384,294989.980450795,459299.053240936,538177.311243283,549560.729374532,550293.200183131,743081.378775113,733468.000864998,743282.000419632,819978.481684738,766899.742912882,796824.115228827,788763.399671609,797924.864493095,810552.686308855,547706.649579247,540302.944094929,552573.446142723,433226.907088461,473733.891346559,469272.054876368,487070.472486352
24,1017826.14785266,1011525.13319713,1002427.66131541,990900.161391716,914290.523153897,935778.044083774,952673.24974135,954504.932101218,955554.185995476,905629.372834352,863185.702507561,810058.963625571,856652.774130278,852581.96950921,998240.508352313,981721.05406707,993331.347470595,915822.891722346,903003.81095015,924874.979609279,948990.013538053,311135.36144201,14008.8283846878,0.0,20924.421440397,14004.1587162839,53221.2085387847,48676.8022501188,99007.3331376907,91209.6712464388,91570.6246115655,92693.2455852246,126526.719327613,139698.428755449,114885.166868978,66501.8031338987,93173.2736484495,546899.892597723,371147.001718455,252561.178581274,237813.568579033,225700.944935095,467973.018036143,469377.59189812,476313.640119101,480221.106685155,485071.237881344,492905.78984396,519028.718924185,478827.857575646,388036.495381285,91999.3508763349,290970.643989979,286524.190821392,176914.957584852,289925.163887325,346007.805891278,93874.5593862048,84659.2563009277,160665.430862932,561974.931067849,412172.708382144,334156.473033235,330926.111910473,312873.704929947,290755.121367415,281494.206417201,445462.104453911,524230.996494438,535635.173549921,536404.182852097,750646.27359951,741221.945902225,750234.46882028,827039.186324288,774803.262720735,805733.290248198,797699.336117796,807508.890029607,820267.350093736,556128.036382189,548828.78636263,560452.080415878,442431.109365442,482208.501710953,477748.298940921,495551.480266252
25,1015557.33553981,1009402.50353697,1000542.67347942,989021.559856945,912503.358114134,934093.499283181,950887.202924008,953219.326402073,954312.692401787,904356.357548968,861562.835291544,806314.274045762,855687.697257972,852046.896447457,999216.645520775,981892.960467664,992937.085802962,916185.949992209,902905.176324454,924393.568555861,949655.703913404,301834.519054773,27222.0219679131,20924.421440397,0.0,34759.4237835138,66736.3107524783,62156.3059205426,104671.482654976,93928.1746730299,93903.9064600608,94062.5975907687,128275.056246592,149633.069564392,123779.644982008,69222.2907184823,89521.820357016,547486.990556671,374326.050144974,259185.961690223,245269.420546033,233999.146149306,470053.263628594,471400.156040768,478107.489576339,481918.534908511,486686.330550981,494592.203193613,520026.61994267,482045.550998637,390497.245873588,108845.504768792,279946.288365242,273977.019101173,156895.737336301,272826.707522771,328192.341358924,83925.6281944608,72086.1141059468,158599.699543134,559761.737338373,411230.068601431,333154.783601478,332377.992001443,314783.353663264,292679.533403451,284234.349755112,445445.71892452,522812.625949874,534516.141129343,535746.21061793,735646.019314825,726463.330070063,734504.576152182,811410.820463374,760225.813917982,792555.150400404,784564.431141473,795401.662059986,808376.350527009,542360.953781137,535215.820204051,545943.343475282,429945.399911928,468577.57609647,464123.986135967,481917.391964185
26,1016772.27912137,1010374.73996621,1001120.35653017,989591.42625596,912941.335782421,934354.146842283,951312.537759173,952809.885223742,953829.494898199,903939.735525326,861742.57654482,810062.808313071,854773.71885215,850419.083903503,995042.200591336,979054.233419806,991035.037429496,913047.9766257,900536.638401675,922654.358258771,946007.317748364,320250.997532033,19980.0705318051,14004.1587162839,34759.4237835138,0.0,44727.0480757034,40500.1614166483,94784.0542952122,89233.5639752619,89848.5855309,91597.0516368405,124470.280053938,131924.250360042,108112.220859914,65513.2608823824,95407.237941917,544153.959750713,366906.368537641,246356.231904191,231119.037417027,218504.371738669,464320.614125621,465761.389580116,472839.755885457,476806.326298785,481705.478644309,489485.615692898,516035.95579289,474424.007136943,384237.888529459,84019.7381462308,301047.919986536,297395.38267611,190881.070622639,302912.596623007,359262.296509531,100108.147564945,92713.8993912118,160757.819015226,561078.602789497,410584.811065098,332745.95438635,327894.839108606,309581.934816519,287511.034547068,277739.057047939,443214.882026654,522834.026188279,534028.695228974,534490.367867583,762541.239974567,752997.538799514,762487.189062246,839233.949228806,786482.474376596,816682.596787192,808627.120558913,817883.222867614,830521.378840445,567441.974687629,560066.029998829,572140.076314262,453130.500525967,493480.258382257,489018.620797878,506819.2599087
27,976974.831317216,970436.475208199,960956.671167363,949429.688405393,872750.478598203,894047.75254319,911089.978896584,912118.543200619,913097.398693125,863273.672027022,821439.176405868,772071.119971813,813870.720409311,809146.552577884,952526.429609883,937127.397515658,949549.169212805,871014.084530155,858868.158706423,881283.117810223,903732.66117407,364247.666421643,64235.6537750431,53221.2085387847,66736.3107524783,44727.0480757034,0.0,4609.10589671936,53608.1909437608,53287.9897084583,54471.5629152064,57630.0197796625,86148.6426979044,87202.5861519796,63649.9589124649,36779.4637803745,70352.2799129805,502332.44586436,323670.451499072,201894.78270972,186493.011467851,173788.497297326,421557.873290735,423034.518927768,430255.365087257,434281.438971348,439229.049027695,446943.907069286,473947.047200742,430955.587028658,341409.659538941,112504.462308457,344177.139481815,339461.95689943,219372.61389393,339263.670119148,394097.983783006,87313.644460346,87499.2235778976,125836.755130779,521830.583517547,370516.054665111,293170.277232616,286031.852483902,267447.112169037,245494.573406219,235154.16730683,402145.211321207,482861.778605749,493732.866590441,493757.438299531,802334.53274642,793102.96509021,801236.186452745,878146.064028584,826820.077604511,858525.240231388,850507.938252237,860616.658753731,873413.727841781,608630.852023421,601408.750139612,612505.573019741,495422.89965042,534771.483886383,530313.901655323,548114.717337839
28,979941.768092411,973428.093036167,963988.252379917,952460.570479487,875784.059532726,897102.994799134,914130.603400098,915245.120905458,916231.59998575,866393.982700775,824491.216231871,774723.623703331,817033.780357273,812380.448770747,956020.549236171,940495.783979135,952828.918378674,874403.149822913,862182.005689343,884538.544959324,907173.398730509,359750.54118057,59860.5695378431,48676.8022501188,62156.3059205426,40500.1614166483,4609.10589671936,0.0,56483.0354899423,54934.4428450925,56014.9701574988,58932.9073698834,88521.8508115677,91514.9905570802,67664.4810972851,36609.0535724936,70319.112786918,505661.305297585,327309.418658901,205930.640088469,190626.134792892,178017.6418348,425088.513083591,426556.827270208,433745.155484575,437757.941198816,442694.952787752,450425.247413672,477330.316692838,434664.585649029,344948.250158605,110507.74632794,339612.919102827,334862.877566746,215152.857079462,334741.697760066,389636.75139791,85894.7716318938,85282.4284757954,127712.253588418,524674.275892991,373485.028605919,296028.160067602,289341.250367841,270812.189712839,248827.408413579,238615.595869544,405311.194221197,485830.185814205,496762.018412023,496868.847271756,797737.516925301,788501.377221892,796660.336059368,873566.99322403,822215.854151662,853919.346201985,845902.481502082,856029.378024188,868832.096869669,604021.769451094,596799.976215365,607900.233658768,490826.045258551,530162.654630087,525705.091380681,543505.879405546
29,923459.392788366,916945.219545737,907510.909862451,895983.085184606,819307.400877915,840632.915770313,857655.740947724,858813.968144058,859806.209928327,809958.751241115,768020.282855216,718488.088505116,760634.504987018,756062.913067351,900266.989605944,884411.830054103,896576.045697687,818369.084408035,805990.940973182,828249.713823527,851268.033533719,406375.294336787,112239.176141368,99007.3331376907,104671.482654976,94784.0542952122,53608.1909437608,56483.0354899423,0.0,16777.2584315725,18223.7971893056,22014.3821930965,33582.6023246375,50586.5031463215,25256.0177000617,36257.9114046977,44266.1745638168,449523.992276368,272300.984417211,154525.391920819,140695.259104431,129892.900876842,369546.20639354,370983.387940197,378055.705012189,382023.464829298,386925.16855105,394702.376395475,421320.826583851,379924.200797555,289480.491331112,165565.098211671,383742.294495285,376452.339204592,237429.977407408,365638.725757038,417328.46223911,72601.8387996829,82639.8482695842,74813.4402465838,468235.672906581,317002.03943785,239578.425550826,233213.295238624,214828.73806904,192776.462395533,182963.159904133,348929.269092365,429347.340095066,440285.947380439,440433.370748931,832398.376779156,823842.505891254,829194.043146584,906259.255690805,857986.620919888,893103.683611748,885193.663193529,897534.590752226,910768.35090083,642225.253641405,635375.179485822,644293.89241191,532030.036228872,568863.958266675,564433.773452084,582163.543914874
30,927539.604995018,921147.245938226,911911.201883713,900382.345466189,823737.82418275,845165.544132065,862111.717829084,863698.52198423,864728.844346566,814825.217077409,772556.659482412,721097.014820117,765733.10813012,761526.236796255,907049.183784671,890530.516989081,902229.913351116,824619.513514483,811850.626196878,833798.845567434,857781.041441195,394497.468796377,104974.614572252,91209.6712464388,93928.1746730299,89233.5639752619,53287.9897084583,54934.4428450925,16777.2584315725,0.0,1726.43535757495,6077.65807610254,35357.3167029465,67015.0843171023,42030.3228294153,24921.417746866,28027.0043294502,455693.872921412,280635.454418437,166294.555033849,153338.49245685,143394.659442784,376968.707166765,378355.092184075,385227.694505845,389112.558580743,393945.452219151,401796.776508887,427825.107391134,388370.684974347,297152.979634519,165431.118455187,371091.372586841,363111.943428703,221333.464073047,350266.968961595,401495.719744895,55954.9364968568,65896.4181325934,72823.6208433694,471853.485167792,321411.341168112,243527.499109827,239743.673737857,221772.190207228,199647.425769567,190688.29888577,354350.630840642,433627.399701946,444871.346135115,445448.813322262,817291.932905202,808850.979447571,813766.466597577,890835.706019564,843058.765384395,878823.206848435,870938.33237503,883786.106164124,897123.973740311,627839.087571564,621069.404587248,629557.502448362,518393.635063343,554627.091119424,550205.904752781,567908.157203445
31,926948.144604674,920568.041588234,911352.046874816,899823.292883015,823183.429091419,844621.019278602,861559.106031876,863189.468840799,864223.677915873,814315.332933886,772014.148503562,720367.51624828,765248.272232265,761079.464132793,906741.089270046,890150.48422833,901800.161025194,824254.99381851,811444.50285836,833359.401372152,857444.340175987,394214.485739228,105378.23078118,91570.6246115655,93903.9064600608,89848.5855309,54471.5629152064,56014.9701574988,18223.7971893056,1726.43535757495,0.0,4351.42740240696,34957.3658175487,68250.864512521,43447.5283972336,25134.838118945,26374.313196486,455335.104886049,280539.074481142,166661.617042314,153833.348301283,144021.450022849,376754.610480017,378135.130875532,384984.653211639,388859.894736657,393684.676494629,401543.52026893,427504.636907585,388273.402117037,296977.517568401,166478.385466612,370693.890315973,362604.736255492,220266.159017228,349376.328254508,400492.399822572,54415.5277411686,64558.7614498507,71848.5945985636,471231.574479484,320882.736954042,242967.483156802,239453.079858212,221531.829149416,199406.466442273,190546.10780377,353921.740256747,433073.918156174,444347.827229894,444969.23680339,816448.441382501,808031.246604872,812853.636334312,889923.151066548,842251.57193769,878139.069620798,870258.837270983,883195.301795762,896550.617536757,627139.276949878,620384.525493835,628791.132911598,517829.155736042,553956.356863529,549536.92372616,567233.708187769
32,925395.616986933,919046.35530722,909880.807698952,898352.477030463,821725.5292392,843187.534533823,860105.042242312,861844.748503023,862888.70169312,812969.364146589,770587.044760437,718472.204064646,763966.179174091,759893.104795382,905900.713334971,889129.494752733,900654.03601102,823274.137548581,810359.298602952,832190.051469474,856532.83562019,393612.282117405,106588.776920361,92693.2455852246,94062.5975907687,91597.0516368405,57630.0197796625,58932.9073698834,22014.3821930965,6077.65807610254,4351.42740240696,0.0,34237.0921078222,71403.0555257898,47069.6002146841,26249.9315094178,22287.2430144071,454381.140339375,280264.04342379,167585.088904595,155083.52598394,145607.007800402,376170.930033925,377536.547029478,384327.305686946,388177.968315833,392981.905867578,400859.050443467,426648.922428903,387983.048681609,296500.524574222,169228.704875275,369803.340603737,361435.945478753,217677.171814347,347228.143628484,398050.881988701,50628.8604538176,61327.3990063245,69453.120056203,469614.616572281,319512.335196792,241529.742772358,238696.220906751,220906.10296003,198785.736264868,190177.718067791,352799.053546653,431631.258315784,442979.862091368,443711.812830392,814404.396879721,806048.017247713,810632.38261274,887701.555305028,840299.825035888,876500.516468568,868632.222665682,881794.151098332,895193.618202851,625465.958057108,618749.473124734,626947.937239899,516504.52860841,552359.575566081,547944.779205452,565626.971326077
33,892340.857526736,885923.873811626,876652.113388099,865123.170609368,788471.71535905,809884.320281659,826842.513130296,828374.721545597,829401.442825771,779502.393145674,737273.07078681,686338.195220669,730390.453496241,726169.430210275,871801.57700471,855195.388703989,866873.078071486,789297.693331447,776500.061069097,798441.539520479,822490.819099057,426965.849036153,140320.326207042,126526.719327613,128275.056246592,124470.280053938,86148.6426979044,88521.8508115677,33582.6023246375,35357.3167029465,34957.3658175487,34237.0921078222,0.0,58038.4550086406,44322.434841981,60072.6367597744,45700.4294121917,420377.84343493,246072.615948096,135655.953854549,124413.718679427,116534.306809093,341945.523694893,343314.628224594,350123.594599797,353983.98988573,358797.176293712,366666.327732801,392559.264605753,353780.207309054,262263.467909583,198588.372393215,402598.322404203,393550.052315044,244194.909023018,375715.236486552,424910.256609342,72021.4204857113,86521.4458111916,41474.0915770165,436738.156596136,286116.577184148,208289.852284805,204535.787874698,186688.045843225,164565.333758595,155960.088548835,318993.659486818,398366.045055332,409566.594940293,410104.216573642,843057.128549155,834990.536003248,838394.367190747,915436.778690997,869377.58872816,906887.073356129,899066.156082268,913033.264633016,926576.398984318,655788.028815059,649220.597458342,656579.299773134,548083.588368083,583001.470203835,578605.750020519,596226.102945613
34,901558.121712457,894709.203635296,884729.190218314,873224.494712056,796609.489077113,817601.002253362,834807.506185393,834752.070577619,835635.135065994,786045.559617385,745137.597810223,701284.924530155,736176.497074564,730588.010645414,870861.65257782,856857.252144267,870292.08058299,790565.412108092,779297.600320477,802379.879192083,822679.806596474,450654.166811421,151368.435926648,139698.428755449,149633.069564392,131924.250360042,87202.5861519796,91514.9905570802,50586.5031463215,67015.0843171023,68250.864512521,71403.0555257898,58038.4550086406,0.0,26428.4590583273,85113.5288359981,92613.6435556232,423252.289749633,241572.8462796,116175.031849403,100009.714929776,86756.2646248215,340293.925554031,341864.45483082,349449.111382401,353620.969739688,358678.667875617,366177.657310144,394285.883018204,347655.170925338,260441.63654203,186620.43489697,429523.378181093,423460.968066571,287982.778264109,415603.090843909,467711.721295668,121419.503047,132725.152376112,90129.6137818507,449241.972293879,297238.627351219,222818.941724657,208750.930972645,189627.454639136,168579.115676456,156476.704628614,325731.356679794,408708.346234367,418668.159429368,417562.035903249,881934.283158461,873221.080150644,879137.415924023,956192.001067321,907269.840285103,941373.093824777,933423.000676306,944883.069179613,957925.146400079,690738.555892372,683763.045442882,693342.088487135,579360.300153741,617172.022483123,612729.744460347,630494.530156274
35,917261.321720468,910566.726257358,900838.051058628,889318.871902211,812648.153135687,833803.345226294,850930.539854311,851438.612179561,852372.478615103,802645.34630274,761240.997142313,714675.313586844,753007.972447435,747886.083741109,889988.208786759,875148.919232222,888010.817787977,808948.533763656,797172.80272859,819887.269895822,841426.886593067,425280.147222229,127094.752785674,114885.166868978,123779.644982008,108112.220859914,63649.9589124649,67664.4810972851,25256.0177000617,42030.3228294153,43447.5283972336,47069.6002146841,44322.434841981,26428.4590583273,0.0,58705.8091024097,69115.2958206945,440695.033427524,260730.16441569,138266.372038687,123060.763733267,110822.442416469,358994.331611215,360506.184037697,367867.472303273,371951.976915751,376945.760825293,384584.592327217,412045.080842226,367737.880896859,278868.182202889,169534.186328004,403724.166593573,397365.413494135,261966.799969985,389216.692900406,441475.016910778,97690.6483207618,107885.649604322,83734.9803741951,463276.230554063,311349.033171191,235161.28336767,224800.456766394,205930.841050026,184248.536045148,173176.79759872,341566.274165766,423474.368412065,433915.908838282,433403.119201512,855505.990594562,846794.219595311,852738.756075141,929791.190624661,880846.480517826,915064.536188418,907120.927541832,918753.592574299,931839.154000605,664387.261427626,657429.595109234,666931.819276229,553215.426242085,590848.223555988,586407.619901127,604167.766377177
36,951639.132825454,945293.483283725,936130.663113697,924602.340503368,847975.446483796,869436.851287735,886354.928567739,888084.37733892,889126.555194431,839209.12450468,796836.007963885,744575.304684768,790191.703113315,786086.376862808,931870.841375316,915236.958942035,926830.312823372,849354.759728432,836504.552531832,858376.473660504,882562.273650403,370444.881645197,80364.8496666157,66501.8031338987,69222.2907184823,65513.2608823824,36779.4637803745,36609.0535724936,36257.9114046977,24921.417746866,25134.838118945,26249.9315094178,60072.6367597744,85113.5288359981,58705.8091024097,0.0,33710.063062329,480440.894934987,305546.081376911,190253.110443466,176764.213427656,166136.485638202,401874.150377585,403257.444060379,410115.202393993,413992.609737643,418818.63459227,426676.361237004,452631.055845237,413280.824043755,322071.787854397,144892.082944118,347558.871982264,340194.631487012,203977.494808864,330514.765138726,382966.461729364,52301.0150024219,56087.5012464147,95256.0229655612,495848.251998251,345753.882146273,267777.975872571,264587.281733748,246661.067571957,224535.728697131,215609.638330347,378960.307930682,457880.576875703,469221.997423457,469928.547364655,796861.4503595,788197.657745541,794032.955130944,871085.436273596,822284.444159765,857010.660194641,849091.038368598,861301.353131098,874522.619090213,606188.688574705,599302.985360397,608461.242146617,495787.88625335,532767.798650551,528334.400040626,546073.848110847
37,926103.566117535,919925.305766811,911037.921003192,899516.049725322,822989.830478686,844575.062678131,861374.171076017,863703.088706983,864798.877387431,814841.488886504,772041.966132737,717357.16642057,766202.951388326,762639.58463337,910381.184658675,892686.138425288,903552.529865362,827064.747212194,813613.103628498,834992.915777077,860667.337099799,383109.013846218,107116.499185933,93173.2736484495,89521.820357016,95407.237941917,70352.2799129805,70319.112786918,44266.1745638168,28027.0043294502,26374.313196486,22287.2430144071,45700.4294121917,92613.6435556232,69115.2958206945,33710.063062329,0.0,458592.270686344,288195.360780322,181258.697572441,170098.770709436,161905.391267715,382372.018740166,383661.548270349,390148.630818757,393869.967662863,398561.298849159,406515.94675354,431402.240641572,395585.823236355,303414.34451619,177337.3839188,358020.032409611,348425.058284361,199134.6610576,330158.001974191,379827.116726614,28805.8647285613,41399.8061967524,69157.3793965083,470276.486599206,321806.954614622,243755.04090352,244456.672431671,227403.094827058,205440.526490304,198098.09353202,356317.759865893,433300.376565516,445034.163789054,446354.705825313,797511.336490214,789390.757161823,793071.70550792,870126.475067888,823757.344703644,861194.358724825,853376.286299709,867464.849076159,881046.193455433,610094.988265259,603537.700289933,610892.431954726,502650.376109371,537338.512561045,532945.404768076,550557.492630849
38,480422.055511016,473186.286737365,462649.282838048,451196.73240696,374897.913667155,395455.377789157,412796.599129945,411798.841965605,412627.384762269,363245.674198249,323432.7702299,295175.408877713,313141.033300259,307338.581116144,451788.97621974,434900.286829911,447318.074909047,368929.005915538,356542.634452829,379218.158333678,402181.014694502,835109.50731902,560656.444671051,546899.892597723,547486.990556671,544153.959750713,502332.44586436,505661.305297585,449523.992276368,455693.872921412,455335.104886049,454381.140339375,420377.84343493,423252.289749633,440695.033427524,480440.894934987,458592.270686344,0.0,183306.782712742,311349.886815689,329065.989796905,344510.37710399,86163.7009798197,84350.3637339641,75954.7939682174,71526.0871996787,66356.0972534498,60031.2670612698,29583.2100477576,92946.9355747353,163302.084149231,609634.002160434,806524.088221149,792470.686896355,620491.991573334,750105.160822121,784106.413113483,472733.281284158,488792.081216936,389609.94680054,75354.6430182194,139889.086577504,216048.334568845,216324.630154222,234907.076596364,256838.880445446,267518.416587147,102752.00925467,56452.7767292338,45707.0249258422,34055.3571574568,1197440.49050921,1192465.17406174,1184139.03664679,1258596.38587635,1227299.20297317,1277354.1868878,1270173.17035326,1292366.63807778,1307246.77348161,1031518.35016023,1026509.17399663,1025977.22401019,938120.509038976,963814.840299355,959725.069043074,976249.326778424
39,663640.447364625,656455.717660994,645955.70220309,634501.714429241,558169.617965139,578761.42859947,596098.942470332,594964.986738535,595760.995506257,546487.776020515,506689.284927727,471798.433899988,496294.353737445,489997.281447208,629392.383644569,615354.8447632,629140.189367233,549040.126378023,538054.468570861,561470.248896589,581109.033252759,670955.992469525,384519.11631766,371147.001718455,374326.050144974,366906.368537641,323670.451499072,327309.418658901,272300.984417211,280635.454418437,280539.074481142,280264.04342379,246072.615948096,241572.8462796,260730.16441569,305546.081376911,288195.360780322,183306.782712742,0.0,128089.967417597,145781.49334341,161208.696105331,98813.0659295537,100424.414381576,108217.353416553,112486.694605697,117611.663286024,124902.078239342,153888.533421557,107735.285284233,21151.6389644659,428180.517614444,644851.48977629,633545.507953749,469499.473560481,602770.444266868,644222.392904302,306962.486831417,323265.289941449,221889.279077175,221989.423965988,86506.4090876678,80634.9464841768,50410.9123640812,62529.2540903953,83469.1481393404,90180.6380576798,95815.2253827935,179362.604509716,186521.855986257,182829.904257192,1064293.9183644,1057739.82848011,1055165.64452868,1131405.38085833,1092558.26375502,1136382.63183674,1128831.79344371,1146674.55672048,1160866.76097886,886481.763204598,880635.839520975,884117.661739263,784968.450609354,815691.900360497,811414.929676229,828622.341508712
40,791526.015907839,784398.45349595,773972.694741018,762510.610979269,686122.468661725,706777.255863381,724100.036347422,723054.583464666,723850.916764411,674568.15963083,634630.279653779,596793.944735321,624383.938499102,618037.342134195,755836.889263703,742767.780650514,756953.598822669,676410.839088509,665824.523758972,689414.160336548,708074.430001095,560686.974926109,265147.392332454,252561.178581274,259185.961690223,246356.231904191,201894.78270972,205930.640088469,154525.391920819,166294.555033849,166661.617042314,167585.088904595,135655.953854549,116175.031849403,138266.372038687,190253.110443466,181258.697572441,311349.886815689,128089.967417597,0.0,17765.1859036469,33302.9922028046,226675.758530035,228332.897599895,236245.394129221,240540.852353085,245676.917434656,252891.048972883,281968.779051544,232204.001609701,148156.861427151,301740.826808737,537348.8689487,528931.218042574,377610.593425965,510252.895537682,557824.366951764,205837.340906139,221270.4443583,128131.4353266,344911.103753873,195807.25189753,132689.986205168,105526.84916918,87275.841296782,72227.590624164,57923.6728643434,218508.421319365,302961.729542661,311586.696859738,309072.9562822,977298.157843909,969500.457978189,971700.488739875,1048659.31695655,1003991.23526553,1042346.45499108,1034545.89551457,1048689.08717842,1062227.97873122,791253.122343707,784742.344190933,791682.96360504,683696.893570567,718583.180239505,714192.799582279,731794.736807049
41,809273.258981821,802138.950357624,791699.664842346,780239.4338243,703861.036320971,724504.249915406,741830.3949188,740741.546979039,741532.942915979,692269.091068575,652370.188595518,614475.846051157,642071.192554358,635674.016585102,773089.564953518,760217.92121155,774504.881250071,693855.467518836,683366.548995916,707009.107124548,725431.897949645,547060.496033345,250152.453879417,237813.568579033,245269.420546033,231119.037417027,186493.011467851,190626.134792892,140695.259104431,153338.49245685,153833.348301283,155083.52598394,124413.718679427,100009.714929776,123060.763733267,176764.213427656,170098.770709436,329065.989796905,145781.49334341,17765.1859036469,0.0,15546.1313847335,244287.621930779,245953.577379579,253895.175922984,258199.812609264,263340.504984519,270526.467874331,299669.146526035,249422.398868401,165903.276051095,284756.634117523,524290.107660953,516438.082892074,368006.883910243,500038.9129659,548570.23646232,195744.853444058,210774.195129315,121862.186396442,362533.91519075,213087.862865054,148285.239663269,122642.139289286,104118.138118693,87792.9241811441,73485.4929465794,236203.19737799,320633.330995458,329310.134610704,326828.887506074,967336.812209971,959340.819976157,962321.025051889,1039333.42684453,993750.580618454,1031173.37787611,1023336.05888504,1036849.53589755,1050270.55999323,780082.809152572,773464.355181742,780990.576030454,671588.042643751,707169.478779381,702764.642971232,720414.192365591
42,824758.646070443,817613.443932454,807154.162866238,795696.613908604,719332.874422138,739959.060997297,757289.931297205,756143.804043894,756929.106106759,707689.258934617,667844.287491385,630002.530661085,657474.625922454,651017.757286796,788029.804980243,775358.444656529,789752.034815525,708991.815150038,698605.273202098,722304.96179271,740478.49298848,535808.899754629,237762.798633745,225700.944935095,233999.146149306,218504.371738669,173788.497297326,178017.6418348,129892.900876842,143394.659442784,144021.450022849,145607.007800402,116534.306809093,86756.2646248215,110822.442416469,166136.485638202,161905.391267715,344510.37710399,161208.696105331,33302.9922028046,15546.1313847335,0.0,259619.39844411,261294.327270203,269266.056602205,273580.348221732,278725.780847095,285880.677767714,315094.911978309,264379.013542494,181394.07193225,270213.682134942,513593.753731426,506286.134523495,360725.667142614,492047.029602368,541435.843252889,188468.325209438,203030.432865444,118997.008345088,378033.850867101,228401.29351204,162573.986122713,137895.199494378,119241.024592589,102254.701214434,88029.3788461113,251737.166431882,336157.042995676,344852.711369974,342373.681844801,959396.726487899,951220.393563311,954914.641678054,1031960.63529835,985549.053785423,1022106.91462358,1014236.90279347,1027165.42452552,1040475.15492319,771071.714391929,764355.033584698,772422.380661784,661733.297455656,697953.899724321,693537.036421611,711225.239109678
43,566163.040624784,558822.716884032,548084.022168642,536663.771404177,460555.60872418,480919.668936836,498304.216944449,496662.641701148,497419.903059787,448323.958381319,409148.529245337,380004.866817154,398014.050019683,391398.920799476,531008.537945056,516572.185937209,530346.519021358,450272.32483147,439249.606248676,462740.832679445,482483.427606545,763173.409325246,481521.388533502,467973.018036143,470053.263628594,464320.614125621,421557.873290735,425088.513083591,369546.20639354,376968.707166765,376754.610480017,376170.930033925,341945.523694893,340293.925554031,358994.331611215,401874.150377585,382372.018740166,86163.7009798197,98813.0659295537,226675.758530035,244287.621930779,259619.39844411,0.0,1892.95790397423,10461.5899968166,14880.6690165505,19946.7740120841,26357.1487371471,56630.8553025099,28390.3284313571,80151.3819544501,526914.331267168,735882.185425865,723260.379524172,554785.462770788,686735.005998786,724577.200744188,398933.993475485,415197.784985839,314313.275596143,139615.517878234,85516.8000269461,147401.574419467,137921.634481007,155273.649673596,177387.772006869,186583.051918767,51521.5497250019,99120.9555033166,101113.828137994,93814.0920649812,1142269.8358608,1136483.92554064,1131057.87840033,1206535.65553141,1171362.38702079,1218282.61288906,1210901.46216535,1230853.33294648,1245387.84383631,969992.843906936,964543.481028828,966072.222653772,872219.203095562,900574.991736913,896380.830524326,913288.742375111
44,564404.971861513,557072.174010966,546346.550220007,534924.123637175,458802.266760775,479179.282622006,496561.418485438,494955.634839665,495716.454049464,446604.662053465,407390.203694249,378128.658057981,396303.378313337,389724.115004058,529513.20493364,514994.584298716,528719.813265991,448701.565561896,437630.226784282,461091.686191516,480949.66735841,764350.031977529,482935.392684306,469377.59189812,471400.156040768,465761.389580116,423034.518927768,426556.827270208,370983.387940197,378355.092184075,378135.130875532,377536.547029478,343314.628224594,341864.45483082,360506.184037697,403257.444060379,383661.548270349,84350.3637339641,100424.414381576,228332.897599895,245953.577379579,261294.327270203,1892.95790397423,0.0,8576.27070384087,13004.133126373,18089.1773699258,24622.1751315308,54805.2963466488,29131.1007906766,81644.2635712185,528484.540701791,737015.210869519,724346.918393498,555745.914686677,687639.627645789,725373.261146161,400137.560761388,416396.903229426,315553.560785825,137761.288122393,85625.0476572778,148274.425773071,139205.035672377,156631.807061238,178750.810832826,188022.440920293,51116.0532468299,97323.3818785014,99251.7215950085,91927.8397490405,1142970.98608623,1137206.93760701,1131702.09243183,1207155.85233843,1172085.62700668,1219094.14767887,1211718.32990441,1231734.07714151,1246278.89013771,970863.378647466,965426.40869575,966896.305201984,873213.096162569,901491.503839982,897300.162564712,914197.804134926
45,556170.46670153,548863.827273439,538184.217144849,526754.280797851,450585.714104749,471007.797318572,488381.104085975,486903.710892312,487677.498601079,438509.315383931,399157.395435085,369557.511961163,388240.904574802,381794.732202106,522275.481764624,507432.396580795,520967.423135762,441169.183426967,429909.404574309,453256.142309332,473561.442902433,770350.880305528,489907.634792883,476313.640119101,478107.489576339,472839.755885457,430255.365087257,433745.155484575,378055.705012189,385227.694505845,384984.653211639,384327.305686946,350123.594599797,349449.111382401,367867.472303273,410115.202393993,390148.630818757,75954.7939682174,108217.353416553,236245.394129221,253895.175922984,269266.056602205,10461.5899968166,8576.27070384087,0.0,4449.79033033445,9600.83980355094,16729.8851817176,46380.3737773215,32946.2537281092,89044.8891911189,536057.631905428,742837.463942239,729977.133925613,560861.091934007,692509.278375127,729779.236338968,406275.513571258,422514.611004111,321854.246249949,129601.745255428,87464.8617975001,153171.57321192,145754.407177695,163455.505574964,185580.417371372,195140.562426833,50991.4797920333,89565.030148834,91044.905309562,83511.6632412304,1146952.33676585,1141282.62375246,1135437.78834963,1210785.42659303,1176161.36929797,1223547.61733179,1216194.76777844,1236482.43252126,1251070.73928518,975575.258529515,970191.125661834,971410.473700329,878449.822372973,906400.875316318,902221.624984062,919075.159790989
46,551780.148932097,544481.655533392,533816.87947365,522384.548108512,446201.457823613,466637.85429815,484008.182141352,482574.353645523,483352.723174375,434165.239305096,394768.407706421,365124.914293422,383908.881165734,377511.350256266,518268.870295029,503290.879050729,516749.724362215,437041.24303305,425705.639671653,449007.175168663,469492.483375969,773845.077574998,493829.744738716,480221.106685155,481918.534908511,476806.326298785,434281.438971348,437757.941198816,382023.464829298,389112.558580743,388859.894736657,388177.968315833,353983.98988573,353620.969739688,371951.976915751,413992.609737643,393869.967662863,71526.0871996787,112486.694605697,240540.852353085,258199.812609264,273580.348221732,14880.6690165505,13004.133126373,4449.79033033445,0.0,5174.1544170954,12684.6914776384,41947.2576057725,35145.2135659081,93187.8496928437,540220.720658787,746252.148797733,733305.328787921,563960.01073186,695488.862548226,732540.113638675,409844.243375328,426073.361426573,325500.930047594,125600.755263189,89238.3754425469,156249.092809529,149542.62680063,167348.27076968,189469.77649696,199143.422244979,52024.2090550921,85884.3047470854,87020.6370067838,79308.3441320479,1149501.43316178,1143876.92633388,1137869.12257208,1213164.4061315,1178755.16877098,1226320.43822217,1218978.55347803,1239394.16592201,1254002.72254121,978473.739201429,973114.487138764,974215.986770316,881594.499414363,909393.122965358,905219.597153833,922052.207994135
47,546607.668959263,539310.933098934,528650.508563848,517217.394497113,441030.271341543,461470.666960718,478840.046631867,477423.899977417,478204.52479435,429008.045670999,389596.223659778,360085.941445717,378757.336555268,372386.292930774,513348.490911429,498262.855954343,511666.440841956,432024.12795832,420632.557564357,443903.278845625,464521.503703496,778321.75282227,498691.92848016,485071.237881344,486686.330550981,481705.478644309,439229.049027695,442694.952787752,386925.16855105,393945.452219151,393684.676494629,392981.905867578,358797.176293712,358678.667875617,376945.760825293,418818.63459227,398561.298849159,66356.0972534498,117611.663286024,245676.917434656,263340.504984519,278725.780847095,19946.7740120841,18089.1773699258,9600.83980355094,5174.1544170954,0.0,8047.82348297407,36779.8835811199,37614.2896621818,98237.5919590286,545270.81067167,750654.226711155,737625.103083256,568060.906007056,699468.247150236,736298.778214438,414397.531658882,430616.915829165,330128.589708295,121364.578343917,92141.7181366728,160374.992055687,154310.827228529,172199.954272738,194316.217661318,204079.933358638,54317.3632141091,82174.7423741176,82773.3677594293,74763.4051449592,1153036.62576348,1147458.81432582,1141282.32336517,1216522.19669944,1182336.18016992,1230084.32922339,1222753.657694,1243298.52819474,1257927.33696312,982367.266332804,977033.078112686,978015.702550859,885734.019318055,913381.430599137,909213.665909151,926025.184402522
48,539810.20764605,532466.267699941,521728.431666729,510307.443027337,434200.196795763,454563.131942084,471947.229502703,470339.290166484,471102.734728509,421982.957763308,382796.084624074,354627.882971202,371684.95681139,365148.272633869,505597.846353773,490702.559066578,504256.970076763,424440.224653535,413192.136049062,436569.213897443,456848.622920192,786353.80012992,506514.041075498,492905.78984396,494592.203193613,489485.615692898,446943.907069286,450425.247413672,394702.376395475,401796.776508887,401543.52026893,400859.050443467,366666.327732801,366177.657310144,384584.592327217,426676.361237004,406515.94675354,60031.2670612698,124902.078239342,252891.048972883,270526.467874331,285880.677767714,26357.1487371471,24622.1751315308,16729.8851817176,12684.6914776384,8047.82348297407,0.0,30710.2511085537,38248.0586481136,105773.747325118,552786.987940977,758697.169367709,745672.803130074,576091.204299814,707472.6725033,744233.519262391,422410.067874369,438632.375682576,338113.833617365,118764.660937687,99700.5263073557,168412.66153791,162214.611891846,180032.949990953,202154.383757323,211812.798725228,61561.6449163409,81031.7501193415,80301.9986343126,71482.2245162642,1160873.13527693,1155317.40945263,1149056.95175875,1224266.38621069,1190194.24669592,1238019.2344156,1230692.76947426,1251281.04731878,1265915.78961169,990347.002884973,985020.281479311,985964.403136487,893769.711619462,921387.501378169,917221.156045978,934027.370739605
49,509954.63420213,502695.321066132,492108.605713295,480663.728025391,404408.265864716,424918.703925517,442271.962807808,441096.852700477,441904.61410231,392600.264000748,352954.307038978,323938.412491795,342427.463456333,336367.112259641,479252.149037822,463184.993049796,476052.195166707,397072.897967354,385142.139845994,408094.085150339,429987.237169125,809370.045767932,532734.627146645,519028.718924185,520026.61994267,516035.95579289,473947.047200742,477330.316692838,421320.826583851,427825.107391134,427504.636907585,426648.922428903,392559.264605753,394285.883018204,412045.080842226,452631.055845237,431402.240641572,29583.2100477576,153888.533421557,281968.779051544,299669.146526035,315094.911978309,56630.8553025099,54805.2963466488,46380.3737773215,41947.2576057725,36779.8835811199,30710.2511085537,0.0,66037.216674812,134054.451200847,580772.355052422,781160.440986817,767530.723489345,596486.895513049,726913.84303641,762123.20080351,446227.01290947,462359.858654085,362591.578469598,92528.3473024304,116055.453508133,190134.130549599,188151.29084573,206521.413863793,228545.697844517,238907.392396151,77669.6271546598,60291.8245331143,55504.1784841536,44879.9425969263,1177039.45761064,1171804.00070859,1164400.97083801,1239212.45841185,1206663.95739789,1255736.99509582,1248490.50277578,1269980.58458181,1284755.28584299,1009046.5021856,1003897.70986988,1004011.11220312,914252.986403504,940780.823896782,936656.898841004,953307.343116755
50,566657.487943067,559026.963145615,547799.451056721,536477.655416327,461028.386351916,480851.1668598,498297.783048305,495356.389248972,495989.71050364,447540.464413462,409933.274417857,387701.506127266,397042.730728106,389245.233696271,523667.751379332,511323.833469204,526446.653456055,444958.34731167,435299.406467563,459622.338843546,476155.970702852,777895.527410494,492160.788252268,478827.857575646,482045.550998637,474424.007136943,430955.587028658,434664.585649029,379924.200797555,388370.684974347,388273.402117037,387983.048681609,353780.207309054,347655.170925338,367737.880896859,413280.824043755,395585.823236355,92946.9355747353,107735.285284233,232204.001609701,249422.398868401,264379.013542494,28390.3284313571,29131.1007906766,32946.2537281092,35145.2135659081,37614.2896621818,38248.0586481136,66037.216674812,0.0,92550.8966721803,533882.259553988,751311.835051704,739405.097063542,572815.002886433,705403.248736794,744545.915555958,413582.58880282,429889.332738843,328558.2483536,156828.99784237,112059.067446399,167592.969696562,152641.641904905,168450.590450165,190224.628471728,197832.989849574,79738.3658374035,119172.63059338,118466.246079405,109305.403600001,1163196.88241903,1157173.21675921,1152587.73534976,1228300.40739142,1192043.7990923,1237945.99508965,1230502.46720264,1249667.82738945,1264069.65542168,988987.674915602,983384.768722349,985634.558729852,889627.225663084,919006.441900692,914777.115388696,931812.286155661
51,643370.089306843,636243.578614373,625844.497475437,614377.497305888,537969.970511221,558649.887477613,575963.378995675,575097.757762348,575920.314779405,526544.88507305,486476.274492526,450754.510557905,476435.649842557,470404.664321224,611156.132961477,596473.699241491,609877.668765497,530213.958597782,518861.499897091,542048.24054803,562567.244118919,685407.684610222,401538.237882114,388036.495381285,390497.245873588,384237.888529459,341409.659538941,344948.250158605,289480.491331112,297152.979634519,296977.517568401,296500.524574222,262263.467909583,260441.63654203,278868.182202889,322071.787854397,303414.34451619,163302.084149231,21151.6389644659,148156.861427151,165903.276051095,181394.07193225,80151.3819544501,81644.2635712185,89044.8891911189,93187.8496928437,98237.5919590286,105773.747325118,134054.451200847,92550.8966721803,0.0,447034.417645205,658762.245717795,646887.951841251,480953.728448568,613854.156434941,654061.213211555,321065.045656503,337369.775792067,236073.45388829,200839.067835901,68873.3471081148,81560.5977194593,60205.5290558513,76036.7349338433,97981.4555449127,106548.271528356,74793.4574670314,158210.966884249,165419.51718007,161865.498638776,1073558.91713769,1067252.20787251,1063762.81105416,1139790.34847481,1102101.34269174,1146970.739313,1139476.0060329,1158058.08888102,1172375.27239966,897553.712307165,891846.821551915,894643.953893432,797383.895251056,827230.290395731,822981.888836425,840086.904265699
52,1086794.92426188,1080093.52916755,1070337.2804092,1058819.8307117,982153.998686199,1003284.20417272,1020425.69423152,1020792.92586725,1021708.89802244,972024.930852565,930735.108804551,883555.367888763,922300.863568384,916955.472787187,1057355.98537372,1043475.83460522,1056820.06417292,977185.774228869,965859.47062426,988836.732352713,1009272.59774628,305618.993142911,81660.2298979738,91999.3508763349,108845.504768792,84019.7381462308,112504.462308457,110507.74632794,165565.098211671,165431.118455187,166478.385466612,169228.704875275,198588.372393215,186620.43489697,169534.186328004,144892.082944118,177337.3839188,609634.002160434,428180.517614444,301740.826808737,284756.634117523,270213.682134942,526914.331267168,528484.540701791,536057.631905428,540220.720658787,545270.81067167,552786.987940977,580772.355052422,533882.259553988,447034.417645205,0.0,295023.520698323,298545.656424653,240772.775351631,327340.806684623,386155.908407094,184123.21687134,176321.730866896,238218.834620284,632580.765848663,480769.824206372,404113.61447714,394187.071418007,375228.05535354,353677.716699481,342285.047014816,511053.370372526,592967.504103923,603448.629276424,602906.723218415,766144.641254254,755340.879508644,770266.424572681,845859.505126534,787560.406237042,810186.248074983,801973.350669208,806099.152969332,817608.830815289,566626.105020547,558573.935449437,575149.380280448,448159.642237762,493270.311620025,488866.317259429,506362.126105288
53,1253645.05026252,1248476.65710875,1241182.96150997,1229813.49943978,1154646.54839722,1176618.41142534,1192627.62267111,1197902.07254737,1199240.75107641,1149598.89493146,1105256.50442967,1037456.19888831,1103175.61057905,1101897.51618567,1255534.96891181,1234323.52473923,1242285.68907158,1170082.57883056,1154565.58417242,1173843.18616738,1204796.87381579,34915.547208553,281074.829252572,290970.643989979,279946.288365242,301047.919986536,344177.139481815,339612.919102827,383742.294495285,371091.372586841,370693.890315973,369803.340603737,402598.322404203,429523.378181093,403724.166593573,347558.871982264,358020.032409611,806524.088221149,644851.48977629,537348.8689487,524290.107660953,513593.753731426,735882.185425865,737015.210869519,742837.463942239,746252.148797733,750654.226711155,758697.169367709,781160.440986817,751311.835051704,658762.245717795,295023.520698323,0.0,25448.8147775402,194198.452837193,113040.973141379,151561.104644832,337889.309396458,321586.244030983,422966.892664093,805205.108928302,666752.136588998,591040.471358326,598795.875675683,582969.325248882,561451.287645779,555282.717626966,703944.170961405,773221.255116274,786120.15412395,789508.42655054,471303.41121301,460360.643383152,476655.419289263,551605.180344376,492540.608868438,517289.463888273,509149.878613144,516935.31144218,529487.800817342,271612.373699687,263600.376356495,280582.306820737,153688.266205839,198305.678051215,193917.025159157,211358.503492612
54,1235990.39041345,1230940.18119379,1223836.99590506,1212498.07065214,1137582.60217424,1159573.25554115,1175468.26352178,1181099.34028048,1182467.59799291,1132926.16770794,1088448.1704672,1019349.94598089,1086856.69017249,1085901.72291409,1240336.13451991,1218541.27383655,1226052.51389264,1154591.61000485,1138759.70227531,1157700.37855609,1189460.73871247,59471.7579613427,277544.187278,286524.190821392,273977.019101173,297395.38267611,339461.95689943,334862.877566746,376452.339204592,363111.943428703,362604.736255492,361435.945478753,393550.052315044,423460.968066571,397365.413494135,340194.631487012,348425.058284361,792470.686896355,633545.507953749,528931.218042574,516438.082892074,506286.134523495,723260.379524172,724346.918393498,729977.133925613,733305.328787921,737625.103083256,745672.803130074,767530.723489345,739405.097063542,646887.951841251,298545.656424653,25448.8147775402,0.0,175835.63516854,87595.4006297852,128020.60218945,326940.89757999,310709.28894852,411814.503951439,789209.845580182,652591.165882975,577583.11700226,586766.912682757,571370.615965119,550076.593008628,544449.723711657,690102.548110209,757964.731174814,770990.489049539,774677.413196363,468401.980920234,458055.859346426,471736.219572548,547476.948610321,490908.606979965,519287.341460355,511234.036726453,521433.323394232,534473.889549835,270653.973891904,263060.484067075,277261.946035469,155987.821884814,196688.436406378,192232.424014936,209984.404413904
55,1060155.23971695,1055106.46389182,1048023.57946673,1036690.19795287,961843.256537125,983838.965981917,999697.571714699,1005463.26605461,1006845.76590839,957362.522489818,912818.796657804,843584.664364376,911532.820160755,910848.854870502,1066101.1354139,1043655.8042714,1050767.24260873,980038.063217658,963873.422273773,982500.73826784,1015076.14165802,227107.424614418,176152.621919799,176914.957584852,156895.737336301,190881.070622639,219372.61389393,215152.857079462,237429.977407408,221333.464073047,220266.159017228,217677.171814347,244194.909023018,287982.778264109,261966.799969985,203977.494808864,199134.6610576,620491.991573334,469499.473560481,377610.593425965,368006.883910243,360725.667142614,554785.462770788,555745.914686677,560861.091934007,563960.01073186,568060.906007056,576091.204299814,596486.895513049,572815.002886433,480953.728448568,240772.775351631,194198.452837193,175835.63516854,0.0,133567.600662962,180720.707340715,172317.836680431,157788.318624035,252087.522735636,614286.98486205,480759.969690333,407710.991721784,420848.493860257,406978.469328564,386689.308150341,383055.055698311,518826.548256947,583985.964636062,597181.057867293,601329.310551889,599729.61983277,592086.304219124,594316.056760689,671335.193395937,626661.645460809,667432.512355896,659798.041596874,677195.299251995,691447.56581435,417061.6562123,411148.489609258,415532.939132154,317773.974039105,346282.179239687,342029.414938066,359164.11731387
56,1178596.56769676,1173995.83337229,1167615.10152076,1156412.92180248,1082601.30914464,1104609.77548001,1120043.43422849,1126987.39176023,1128462.32808647,1079412.97077688,1034545.94908749,960762.343954373,1034782.67817287,1035031.72860384,1192007.60038089,1168117.6227897,1173948.32402297,1105400.43542399,1088446.92366345,1106091.52401807,1140750.41537847,146209.963533982,284634.140823987,289925.163887325,272826.707522771,302912.596623007,339263.670119148,334741.697760066,365638.725757038,350266.968961595,349376.328254508,347228.143628484,375715.236486552,415603.090843909,389216.692900406,330514.765138726,330158.001974191,750105.160822121,602770.444266868,510252.895537682,500038.9129659,492047.029602368,686735.005998786,687639.627645789,692509.278375127,695488.862548226,699468.247150236,707472.6725033,726913.84303641,705403.248736794,613854.156434941,327340.806684623,113040.973141379,87595.4006297852,133567.600662962,0.0,58931.3554209755,304446.20534755,289264.747707215,385529.949668982,739542.841764591,610897.347083395,539385.173265115,553854.47767825,540276.604552537,520128.080756707,516611.668449677,649281.752778253,711289.634532192,724712.465612722,729503.584935563,467353.338687411,459307.165042372,463558.402457976,540621.912523636,493752.638516991,533877.870995771,526255.547219706,544264.584651953,558696.766671131,283727.160620498,277998.340797266,281989.015030196,190248.714610416,213919.978766672,209768.273736466,226565.925725429
57,1200121.77692007,1195908.36668143,1190140.9636352,1179078.08967891,1106352.83557216,1128316.09662397,1143337.70486788,1151313.0471387,1152868.35226844,1104334.44009332,1059291.88222355,981896.732104862,1060939.21348622,1062091.3018633,1220512.02987919,1195157.87005505,1199715.39911614,1133494.31800009,1115768.19174067,1132401.19279212,1169101.40216452,179580.110849217,341423.230494164,346007.805891278,328192.341358924,359262.296509531,394097.983783006,389636.75139791,417328.46223911,401495.719744895,400492.399822572,398050.881988701,424910.256609342,467711.721295668,441475.016910778,382966.461729364,379827.116726614,784106.413113483,644222.392904302,557824.366951764,548570.23646232,541435.843252889,724577.200744188,725373.261146161,729779.236338968,732540.113638675,736298.778214438,744233.519262391,762123.20080351,744545.915555958,654061.213211555,386155.908407094,151561.104644832,128020.60218945,180720.707340715,58931.3554209755,0.0,352992.292042487,338502.389923134,431206.337022957,768677.55208864,646176.534751202,577328.659650884,594567.211503975,582033.449193904,562625.778665604,560156.833140932,684827.308590026,742678.737143618,756293.79715235,761797.281622232,420570.734765519,413630.656959852,413879.854440969,490836.69578646,448411.389530426,493785.769726374,486467.169012186,508493.047044697,523555.78128976,248173.885087579,243779.504542505,241895.778532859,175186.722037404,185216.375667645,181631.579419396,196416.798008304
58,935447.109532316,929481.495721719,920937.981804828,909433.275027127,833097.118530888,854810.084146377,871451.422059074,874485.003006814,875641.704386121,825685.019067922,782431.111724892,724671.63920004,777530.007140979,774571.480712012,924194.611243983,905445.888796115,915534.164194639,840150.254080176,826087.365062799,846919.447132319,874121.175059178,364366.244643842,106853.629776669,93874.5593862048,83925.6281944608,100108.147564945,87313.644460346,85894.7716318938,72601.8387996829,55954.9364968568,54415.5277411686,50628.8604538176,72021.4204857113,121419.503047,97690.6483207618,52301.0150024219,28805.8647285613,472733.281284158,306962.486831417,205837.340906139,195744.853444058,188468.325209438,398933.993475485,400137.560761388,406275.513571258,409844.243375328,414397.531658882,422410.067874369,446227.01290947,413582.58880282,321065.045656503,184123.21687134,337889.309396458,326940.89757999,172317.836680431,304446.20534755,352992.292042487,0.0,16308.7049605949,85080.4020993271,480260.368222983,334325.497364474,256791.878950774,261305.332925036,245155.599801958,223571.397550948,217540.527672895,370044.477779618,444597.059625291,456743.595524811,458743.787613166,771642.958213438,763737.479428922,766619.91016941,843646.109172368,798198.588322454,836787.076973123,829020.235549931,844017.135266691,857775.955101487,585742.89133299,579347.500506395,585875.360620409,479946.231070011,513392.619076166,509025.520116044,526550.954800204
59,950651.320690122,944731.418780449,936259.970112595,924760.009548936,848471.090136265,870206.64712381,886814.728441294,889984.361586079,891152.308293919,841201.27157239,797866.971760355,739444.646723468,793139.207624658,790283.619856149,940169.805472937,921276.068277181,931241.14696635,856032.751616864,841880.560143521,862623.295928438,890052.195061964,348070.691923971,96788.1205480558,84659.2563009277,72086.1141059468,92713.8993912118,87499.2235778976,85282.4284757954,82639.8482695842,65896.4181325934,64558.7614498507,61327.3990063245,86521.4458111916,132725.152376112,107885.649604322,56087.5012464147,41399.8061967524,488792.081216936,323265.289941449,221270.4443583,210774.195129315,203030.432865444,415197.784985839,416396.903229426,422514.611004111,426073.361426573,430616.915829165,438632.375682576,462359.858654085,429889.332738843,337369.775792067,176321.730866896,321586.244030983,310709.28894852,157788.318624035,289264.747707215,338502.389923134,16308.7049605949,0.0,101387.232655567,495686.583578177,350226.669349425,272801.457621251,277596.437259264,261463.93531953,239878.649250306,233809.046173855,386081.086907179,460269.987536512,472479.221285825,474581.890234646,756578.237175536,748567.662646368,751884.322346444,828930.325802567,782986.345039714,821143.221366734,813360.435652493,828120.468791301,841841.405561824,570069.746336626,563626.145183599,570428.083820982,463885.18630206,497598.688960964,493224.360679675,510774.357409117
60,857354.827822768,851118.492274652,842146.100330685,830621.69578652,754062.851614284,775618.064732947,792448.54259384,794647.698967373,795734.617603994,745781.21693013,703063.70987697,649475.738380395,697088.03057498,693486.30371373,841386.469871948,823550.604746383,834396.407829204,757955.578970614,744460.836714292,765838.659347894,791607.213257938,449339.227922263,174671.797195018,160665.430862932,158599.699543134,160757.819015226,125836.755130779,127712.253588418,74813.4402465838,72823.6208433694,71848.5945985636,69453.120056203,41474.0915770165,90129.6137818507,83734.9803741951,95256.0229655612,69157.3793965083,389609.94680054,221889.279077175,128131.4353266,121862.186396442,118997.008345088,314313.275596143,315553.560785825,321854.246249949,325500.930047594,330128.589708295,338113.833617365,362591.578469598,328558.2483536,236073.45388829,238218.834620284,422966.892664093,411814.503951439,252087.522735636,385529.949668982,431206.337022957,85080.4020993271,101387.232655567,0.0,401484.594247462,252654.6649504,174598.033187057,176486.536631358,160111.171116809,138491.504450948,132680.875406226,287232.827627071,364236.8719159,375916.48145515,377198.238736534,851448.783104584,844016.327414375,844960.494421451,921823.174210228,878641.211293163,919120.943415688,911427.023100085,927452.153296226,941371.628576069,668326.885181974,662137.213607064,667506.914828094,564159.55498257,596524.036850756,592189.237532285,609602.89620284
61,455871.313402343,449650.520257845,440817.119390076,429300.834375939,352868.631151831,374555.362218373,391237.548807981,394372.605198327,395571.496934837,345651.241042718,302180.427215271,252289.942271715,298219.286478479,296708.927378924,452465.144878862,429376.475749907,437146.220080519,365949.595351762,349592.06911671,368653.688628527,401219.285947763,835513.806267798,575959.956983158,561974.931067849,559761.737338373,561078.602789497,521830.583517547,524674.275892991,468235.672906581,471853.485167792,471231.574479484,469614.616572281,436738.156596136,449241.972293879,463276.230554063,495848.251998251,470276.486599206,75354.6430182194,221989.423965988,344911.103753873,362533.91519075,378033.850867101,139615.517878234,137761.288122393,129601.745255428,125600.755263189,121364.578343917,118764.660937687,92528.3473024304,156828.99784237,200839.067835901,632580.765848663,805205.108928302,789209.845580182,614286.98486205,739542.841764591,768677.55208864,480260.368222983,495686.583578177,401484.594247462,0.0,152039.175075289,228660.814396975,241393.926879326,260557.807853825,280855.34170574,293631.557361404,126816.316987126,42674.8141363576,38591.6090797821,47745.7702393346,1174888.21288377,1170805.05729203,1159433.86620171,1232586.09200615,1205468.22448103,1258852.94598838,1251924.37897837,1276680.81764094,1291932.00938466,1016848.67285624,1012392.73232178,1009424.29553059,929408.449368338,951578.415465428,947640.34647466,963601.204798006
62,606460.455561895,599946.775715371,590571.234341457,579042.448655864,502379.236938243,523771.222214917,540743.777714922,542333.580424027,543381.490073215,493458.068661609,451158.67302507,404076.739744036,444538.388566412,440832.667449885,590032.839555334,571184.80044713,581751.695775311,505825.786466053,491939.221892574,513186.67014868,539833.080943164,695540.03598187,426095.007939951,412172.708382144,411230.068601431,410584.811065098,370516.054665111,373485.028605919,317002.03943785,321411.341168112,320882.736954042,319512.335196792,286116.577184148,297238.627351219,311349.033171191,345753.882146273,321806.954614622,139889.086577504,86506.4090876678,195807.25189753,213087.862865054,228401.29351204,85516.8000269461,85625.0476572778,87464.8617975001,89238.3754425469,92141.7181366728,99700.5263073557,116055.453508133,112059.067446399,68873.3471081148,480769.824206372,666752.136588998,652591.165882975,480759.969690333,610897.347083395,646176.534751202,334325.497364474,350226.669349425,252654.6649504,152039.175075289,0.0,78083.854191588,90550.5862826443,109483.94064048,129085.595154987,142215.568840333,38716.0086914649,112346.431585847,123468.364180904,124568.682050694,1061800.11075389,1056397.06989265,1049670.07784904,1124771.42765937,1091267.51963047,1139862.6142509,1132594.93447965,1153937.53448379,1168704.26459325,892999.589854676,887843.357716211,888048.546012483,798473.947194691,824746.767256574,820627.410213141,837263.243398011
63,684058.812105663,677634.028224392,668385.186088798,656856.388058563,580216.142978039,601662.064126388,618592.37949297,620360.392267944,621418.215896557,571485.21853022,529059.150037932,479535.205078033,522615.600614515,518894.898891329,667410.361408768,649052.393419656,659799.009758182,583565.740792392,569894.129290477,591244.757136781,617400.609187339,619265.04338745,348092.209222383,334156.473033235,333154.783601478,332745.95438635,293170.277232616,296028.160067602,239578.425550826,243527.499109827,242967.483156802,241529.742772358,208289.852284805,222818.941724657,235161.28336767,267777.975872571,243755.04090352,216048.334568845,80634.9464841768,132689.986205168,148285.239663269,162573.986122713,147401.574419467,148274.425773071,153171.57321192,156249.092809529,160374.992055687,168412.66153791,190134.130549599,167592.969696562,81560.5977194593,404113.61447714,591040.471358326,577583.11700226,407710.991721784,539385.173265115,577328.659650884,256791.878950774,272801.457621251,174598.033187057,228660.814396975,78083.854191588,0.0,39042.4855750502,49191.6833018508,60527.8472808077,74858.5069070288,113302.349065929,190108.199173563,201495.684693173,202600.682415074,995628.018289133,989656.181354636,985020.032651681,1060784.67012437,1024529.96561872,1070962.40725057,1063565.85539323,1083459.65869465,1098007.34283013,822592.302740877,817152.108370493,818720.718221979,725360.350165486,753257.724013069,749073.163347022,765948.658322308
64,692868.774023949,686069.161113445,676201.703134967,664688.5703561,588039.488953074,609121.244447502,626283.983244325,626641.725281002,627572.895971001,577855.571290921,536595.795742452,493683.043811011,528209.794533392,523200.260627115,667315.089130682,651199.414457486,663523.056189963,585160.547979614,572841.924767542,595286.59163249,618137.801327109,625665.901223486,344606.608263571,330926.111910473,332377.992001443,327894.839108606,286031.852483902,289341.250367841,233213.295238624,239743.673737857,239453.079858212,238696.220906751,204535.787874698,208750.930972645,224800.456766394,264587.281733748,244456.672431671,216324.630154222,50410.9123640812,105526.84916918,122642.139289286,137895.199494378,137921.634481007,139205.035672377,145754.407177695,149542.62680063,154310.827228529,162214.611891846,188151.29084573,152641.641904905,60205.5290558513,394187.071418007,598795.875675683,586766.912682757,420848.493860257,553854.47767825,594567.211503975,261305.332925036,277596.437259264,176486.536631358,241393.926879326,90550.5862826443,39042.4855750502,0.0,19186.0868263202,40573.411006448,52363.4188538209,116995.106723754,200248.678926029,209956.866943761,208854.413074437,1014413.00459394,1007961.02526587,1005055.29675808,1081238.61889093,1042794.16201365,1087167.57422625,1079651.12188863,1098003.18054093,1112291.64965721,837575.147546281,831828.379910462,834854.998771256,737179.864313482,767130.66654757,762876.253034465,780003.654531979
65,711952.599461697,705133.617311501,695230.533195409,683719.648089473,607079.52324555,628135.420049183,645310.812205027,645567.409781277,646488.171010382,596796.909997958,555626.152719486,512847.750090199,547098.750056793,541971.175527344,685475.557701425,669685.437694657,682196.411501731,603593.489348366,591449.483853352,614010.347757811,636439.740255624,609445.320182608,326492.733981872,312873.704929947,314783.353663264,309581.934816519,267447.112169037,270812.189712839,214828.73806904,221772.190207228,221531.829149416,220906.10296003,186688.045843225,189627.454639136,205930.841050026,246661.067571957,227403.094827058,234907.076596364,62529.2540903953,87275.841296782,104118.138118693,119241.024592589,155273.649673596,156631.807061238,163455.505574964,167348.27076968,172199.954272738,180032.949990953,206521.413863793,168450.590450165,76036.7349338433,375228.05535354,582969.325248882,571370.615965119,406978.469328564,540276.604552537,582033.449193904,245155.599801958,261463.93531953,160111.171116809,260557.807853825,109483.94064048,49191.6833018508,19186.0868263202,0.0,22125.3687610218,33187.9451157937,136104.005656464,219434.745382214,229121.421804,227942.200087878,1002274.49681481,995619.010832199,993474.831985519,1069823.14137233,1030422.66705498,1073943.71251648,1066382.74963461,1084147.40637472,1098337.52920814,823978.414505105,818120.100443365,821701.393633284,722517.129606968,753162.835806252,748885.697240793,766094.465423064
66,733255.355846848,726490.059335907,716671.604281816,705156.021854046,628497.441833017,649608.223717724,666757.046470094,667190.395935328,668125.910084625,618397.192360715,577066.731309134,533074.68060209,568772.267626493,563772.246401187,707567.719942696,691675.463308445,704077.460613132,625605.941153806,613373.892559588,635852.411353613,658497.792551571,587742.307323139,304381.200057384,290755.121367415,292679.533403451,287511.034547068,245494.573406219,248827.408413579,192776.462395533,199647.425769567,199406.466442273,198785.736264868,164565.333758595,168579.115676456,184248.536045148,224535.728697131,205440.526490304,256838.880445446,83469.1481393404,72227.590624164,87792.9241811441,102254.701214434,177387.772006869,178750.810832826,185580.417371372,189469.77649696,194316.217661318,202154.383757323,228545.697844517,190224.628471728,97981.4555449127,353677.716699481,561451.287645779,550076.593008628,386689.308150341,520128.080756707,562625.778665604,223571.397550948,239878.649250306,138491.504450948,280855.34170574,129085.595154987,60527.8472808077,40573.411006448,22125.3687610218,0.0,14331.0273193835,157397.208280872,240135.50797156,250127.696405394,249265.903998643,983062.60746164,976256.376567148,974690.235365271,1051155.2823714,1011033.55806171,1053940.24299088,1046349.32966788,1063718.98097849,1077844.37547478,803750.477801066,797818.028015179,801779.485225151,701620.819914058,732699.113138405,728407.817796642,745667.128942008
67,745083.251829832,738245.37152921,728305.244848327,716796.940286293,640167.487226347,661195.373043128,678384.147768789,678525.590622964,679433.897304846,629775.164709258,588704.948750195,545914.7491597,580017.090944401,574744.68415715,717410.61365807,702073.369695954,714834.16622637,635916.752680915,624007.8743925,646718.41909205,668579.135961266,581051.335497923,294989.980450795,281494.206417201,284234.349755112,277739.057047939,235154.16730683,238615.595869544,182963.159904133,190688.29888577,190546.10780377,190177.718067791,155960.088548835,156476.704628614,173176.79759872,215609.638330347,198098.09353202,267518.416587147,90180.6380576798,57923.6728643434,73485.4929465794,88029.3788461113,186583.051918767,188022.440920293,195140.562426833,199143.422244979,204079.933358638,211812.798725228,238907.392396151,197832.989849574,106548.271528356,342285.047014816,555282.717626966,544449.723711657,383055.055698311,516611.668449677,560156.833140932,217540.527672895,233809.046173855,132680.875406226,293631.557361404,142215.568840333,74858.5069070288,52363.4188538209,33187.9451157937,14331.0273193835,0.0,169269.094624463,252599.173686829,262309.182113976,261086.10980377,980719.580229406,973716.084496973,972889.059277573,1049482.55820237,1008451.74503794,1050486.8480125,1042852.38080242,1059602.70315335,1073619.60285664,800002.226003906,793954.168231543,798495.730329012,696756.789670092,728589.771058428,724276.168766035,741614.237084981
68,575878.062656743,569095.430285892,559284.10399164,547767.073902293,471104.302256932,492237.578883893,509372.380731587,510004.947681628,510970.404601949,461176.797419093,419681.829365072,378291.093471362,411726.111222126,407205.067332713,554243.844807295,536453.359639709,547879.529930086,470755.910356272,457569.820972741,479455.756983753,504378.565020501,732408.765964462,459299.053240936,445462.104453911,445445.71892452,443214.882026654,402145.211321207,405311.194221197,348929.269092365,354350.630840642,353921.740256747,352799.053546653,318993.659486818,325731.356679794,341566.274165766,378960.307930682,356317.759865893,102752.00925467,95815.2253827935,218508.421319365,236203.19737799,251737.166431882,51521.5497250019,51116.0532468299,50991.4797920333,52024.2090550921,54317.3632141091,61561.6449163409,77669.6271546598,79738.3658374035,74793.4574670314,511053.370372526,703944.170961405,690102.548110209,518826.548256947,649281.752778253,684827.308590026,370044.477779618,386081.086907179,287232.827627071,126816.316987126,38716.0086914649,113302.349065929,116995.106723754,136104.005656464,157397.208280872,169269.094624463,0.0,84519.9290618645,93256.8016345357,91870.1032077177,1100509.98441096,1095112.68701313,1088334.6605945,1163399.66300194,1129983.00357236,1178535.17258044,1171260.92288268,1192496.9435491,1207241.76743812,931552.10398478,926365.907367604,926687.976598071,836588.853990688,863163.499922916,859034.316946291,875705.43504241
69,494114.027741437,487608.862354605,478286.331683389,466757.400522413,390110.476492959,411556.279730652,428485.260641727,430410.842977403,431500.259840688,381545.08609294,338957.192918754,293848.838604482,333004.915818987,330038.032012991,482376.871409924,461550.877817884,470982.822217508,396915.930611444,381940.079195239,402363.513301975,431576.493175292,802908.639703507,538177.311243283,524230.996494438,522812.625949874,522834.026188279,482861.778605749,485830.185814205,429347.340095066,433627.399701946,433073.918156174,431631.258315784,398366.045055332,408708.346234367,423474.368412065,457880.576875703,433300.376565516,56452.7767292338,179362.604509716,302961.729542661,320633.330995458,336157.042995676,99120.9555033166,97323.3818785014,89565.030148834,85884.3047470854,82174.7423741176,81031.7501193415,60291.8245331143,119172.63059338,158210.966884249,592967.504103923,773221.255116274,757964.731174814,583985.964636062,711289.634532192,742678.737143618,444597.059625291,460269.987536512,364236.8719159,42674.8141363576,112346.431585847,190108.199173563,200248.678926029,219434.745382214,240135.50797156,252599.173686829,84519.9290618645,0.0,13818.4972171053,22985.5410569253,1152705.44130826,1148161.95316728,1138372.64461889,1212256.45792035,1182928.36893159,1234669.15233559,1227614.24891997,1251151.45250335,1266234.37055243,990707.492900263,985991.875072193,984166.856877486,900539.704792746,924276.435235229,920267.096534345,936494.213192544
70,483370.107285256,476744.513604269,467226.751468428,455699.279371996,379022.076524089,400360.6262169,417370.14334559,418870.002693607,419923.624311089,369994.467722601,327746.021228327,285458.654415852,321171.556257934,317834.983687973,469417.41869707,449001.830715339,458799.087058303,384173.315896911,369473.936852719,390189.441187117,418710.299006629,815688.460938469,549560.729374532,535635.173549921,534516.141129343,534028.695228974,493732.866590441,496762.018412023,440285.947380439,444871.346135115,444347.827229894,442979.862091368,409566.594940293,418668.159429368,433915.908838282,469221.997423457,445034.163789054,45707.0249258422,186521.855986257,311586.696859738,329310.134610704,344852.711369974,101113.828137994,99251.7215950085,91044.905309562,87020.6370067838,82773.3677594293,80301.9986343126,55504.1784841536,118466.246079405,165419.51718007,603448.629276424,786120.15412395,770990.489049539,597181.057867293,724712.465612722,756293.79715235,456743.595524811,472479.221285825,375916.48145515,38591.6090797821,123468.364180904,201495.684693173,209956.866943761,229121.421804,250127.696405394,262309.182113976,93256.8016345357,13818.4972171053,0.0,11840.1985469405,1166488.71487481,1161931.63917945,1152179.74339983,1226071.62167749,1196700.78515954,1248373.59222444,1241312.35409784,1264776.0073731,1279846.91936586,1004297.62089608,999562.375825342,997817.907257405,913877.392007152,937774.128773285,933758.519541667,950008.631993552
71,484014.543555943,477225.340753917,467434.963205457,455916.0266553,379247.496019934,400411.936649028,417527.942469731,418380.791355365,419377.018195671,369525.900417347,327839.217017628,289073.717756432,320287.329150042,316302.078698089,466200.893500228,446702.101490104,457198.330932847,381501.08574623,367390.249792091,388647.385271688,415738.521077529,818809.601538722,550293.200183131,536404.182852097,535746.21061793,534490.367867583,493757.438299531,496868.847271756,440433.370748931,445448.813322262,444969.23680339,443711.812830392,410104.216573642,417562.035903249,433403.119201512,469928.547364655,446354.705825313,34055.3571574568,182829.904257192,309072.9562822,326828.887506074,342373.681844801,93814.0920649812,91927.8397490405,83511.6632412304,79308.3441320479,74763.4051449592,71482.2245162642,44879.9425969263,109305.403600001,161865.498638776,602906.723218415,789508.42655054,774677.413196363,601329.310551889,729503.584935563,761797.281622232,458743.787613166,474581.890234646,377198.238736534,47745.7702393346,124568.682050694,202600.682415074,208854.413074437,227942.200087878,249265.903998643,261086.10980377,91870.1032077177,22985.5410569253,11840.1985469405,0.0,1172977.19137135,1168295.48184018,1158968.04625611,1233035.6236169,1203086.84137394,1254287.16764401,1247190.2785369,1270285.84396497,1285302.72199333,1009672.20144073,1004856.8157089,1003465.08853342,918380.274673106,942797.227987512,938759.565658972,955091.424863192
72,1585102.57137017,1581957.71426495,1577844.85530411,1567249.96155675,1497960.90295141,1519594.02260826,1533452.37401508,1543870.759848,1545604.78119486,1498735.4513713,1453722.98848748,1368547.94769707,1458523.10884564,1461608.02430873,1621949.20588374,1593617.96178305,1595265.47512928,1534635.96576892,1515415.04176387,1529715.64158542,1570538.3536413,465358.879357201,743081.378775113,750646.27359951,735646.019314825,762541.239974567,802334.53274642,797737.516925301,832398.376779156,817291.932905202,816448.441382501,814404.396879721,843057.128549155,881934.283158461,855505.990594562,796861.4503595,797511.336490214,1197440.49050921,1064293.9183644,977298.157843909,967336.812209971,959396.726487899,1142269.8358608,1142970.98608623,1146952.33676585,1149501.43316178,1153036.62576348,1160873.13527693,1177039.45761064,1163196.88241903,1073558.91713769,766144.641254254,471303.41121301,468401.980920234,599729.61983277,467353.338687411,420570.734765519,771642.958213438,756578.237175536,851448.783104584,1174888.21288377,1061800.11075389,995628.018289133,1014413.00459394,1002274.49681481,983062.60746164,980719.580229406,1100509.98441096,1152705.44130826,1166488.71487481,1172977.19137135,0.0,15265.1786611541,38089.3799663357,83453.9219730259,32512.7181976282,106573.874004459,103985.23389239,151783.465264275,166931.583266663,200712.571411207,209227.735117372,191141.214616488,320141.814988498,273027.963119645,277400.285506713,260082.66093711
73,1583194.38062442,1579963.66490227,1575716.0701399,1565077.51274475,1495465.08870197,1517138.10961818,1531101.67304643,1541318.19279918,1543037.61324769,1495997.87289643,1450958.18523464,1366371.15921345,1455474.69230375,1458376.91223489,1618594.51775097,1590549.62075796,1592471.46478432,1531276.73934198,1512196.7633365,1526727.85416976,1567163.7485288,453656.163555714,733468.000864998,741221.945902225,726463.330070063,752997.538799514,793102.96509021,788501.377221892,823842.505891254,808850.979447571,808031.246604872,806048.017247713,834990.536003248,873221.080150644,846794.219595311,788197.657745541,789390.757161823,1192465.17406174,1057739.82848011,969500.457978189,959340.819976157,951220.393563311,1136483.92554064,1137206.93760701,1141282.62375246,1143876.92633388,1147458.81432582,1155317.40945263,1171804.00070859,1157173.21675921,1067252.20787251,755340.879508644,460360.643383152,458055.859346426,592086.304219124,459307.165042372,413630.656959852,763737.479428922,748567.662646368,844016.327414375,1170805.05729203,1056397.06989265,989656.181354636,1007961.02526587,995619.010832199,976256.376567148,973716.084496973,1095112.68701313,1148161.95316728,1161931.63917945,1168295.48184018,15265.1786611541,0.0,50656.9027389405,97360.5276166532,34878.9061706447,101406.119231132,97756.2329818365,143649.309136935,159271.648313408,189123.497183816,197489.806363866,180969.704758222,308508.26830438,262070.925107306,266474.950996847,249005.197981884
74,1564564.2349523,1561603.65149075,1557781.31890718,1547283.97915565,1478722.52785474,1500260.46222389,1513884.19933875,1524740.95776168,1526506.52021916,1480030.58593902,1435095.66141358,1348664.99743142,1440529.27185173,1444026.89828896,1604592.49220005,1575620.31622129,1576652.75416017,1517319.54774762,1497784.17236956,1511558.59579671,1553244.42955179,473464.63495335,743282.000419632,750234.46882028,734504.576152182,762487.189062246,801236.186452745,796660.336059368,829194.043146584,813766.466597577,812853.636334312,810632.38261274,838394.367190747,879137.415924023,852738.756075141,794032.955130944,793071.70550792,1184139.03664679,1055165.64452868,971700.488739875,962321.025051889,954914.641678054,1131057.87840033,1131702.09243183,1135437.78834963,1137869.12257208,1141282.32336517,1149056.95175875,1164400.97083801,1152587.73534976,1063762.81105416,770266.424572681,476655.419289263,471736.219572548,594316.056760689,463558.402457976,413879.854440969,766619.91016941,751884.322346444,844960.494421451,1159433.86620171,1049670.07784904,985020.032651681,1005055.29675808,993474.831985519,974690.235365271,972889.059277573,1088334.6605945,1138372.64461889,1152179.74339983,1158968.04625611,38089.3799663357,50656.9027389405,0.0,77069.5706456775,65239.0029699083,141870.615994492,140145.304852991,188876.178459022,203670.852439498,210805.22879042,219677.336993134,196755.815788795,328831.59269305,279810.79641381,284023.983578989,267437.552443475
75,1633067.86074665,1630307.11996778,1626793.47159142,1616402.43237884,1548603.66097579,1570038.4315816,1583423.26500143,1594706.10562764,1596501.30671324,1550418.71029298,1505576.53347362,1417973.59880433,1511576.62631468,1515427.16065125,1676119.2224344,1646608.74431473,1647085.26368439,1588911.32211887,1569120.03653869,1582431.43502819,1624841.43675517,547021.176767178,819978.481684738,827039.186324288,811410.820463374,839233.949228806,878146.064028584,873566.99322403,906259.255690805,890835.706019564,889923.151066548,887701.555305028,915436.778690997,956192.001067321,929791.190624661,871085.436273596,870126.475067888,1258596.38587635,1131405.38085833,1048659.31695655,1039333.42684453,1031960.63529835,1206535.65553141,1207155.85233843,1210785.42659303,1213164.4061315,1216522.19669944,1224266.38621069,1239212.45841185,1228300.40739142,1139790.34847481,845859.505126534,551605.180344376,547476.948610321,671335.193395937,540621.912523636,490836.69578646,843646.109172368,828930.325802567,921823.174210228,1232586.09200615,1124771.42765937,1060784.67012437,1081238.61889093,1069823.14137233,1051155.2823714,1049482.55820237,1163399.66300194,1212256.45792035,1226071.62167749,1233035.6236169,83453.9219730259,97360.5276166532,77069.5706456775,0.0,77282.5255011627,132186.306064608,135079.154773836,183387.246403682,194243.616451913,282712.569168595,291385.199076156,271050.034770993,401888.69440111,353817.580417321,358120.188910326,341118.718176509
76,1616953.03260997,1613770.99355785,1609597.71629726,1598982.58803899,1529535.38445366,1551188.98609736,1565099.71250631,1575416.6850126,1577143.15887019,1530182.6728488,1485154.76804499,1400275.87994667,1489793.90565534,1492768.96931052,1653034.84569711,1624878.61311802,1626682.9387947,1565717.80720219,1546584.51940531,1561022.72773879,1601610.82355,484779.208023244,766899.742912882,774803.262720735,760225.813917982,786482.474376596,826820.077604511,822215.854151662,857986.620919888,843058.765384395,842251.57193769,840299.825035888,869377.58872816,907269.840285103,880846.480517826,822284.444159765,823757.344703644,1227299.20297317,1092558.26375502,1003991.23526553,993750.580618454,985549.053785423,1171362.38702079,1172085.62700668,1176161.36929797,1178755.16877098,1182336.18016992,1190194.24669592,1206663.95739789,1192043.7990923,1102101.34269174,787560.406237042,492540.608868438,490908.606979965,626661.645460809,493752.638516991,448411.389530426,798198.588322454,782986.345039714,878641.211293163,1205468.22448103,1091267.51963047,1024529.96561872,1042794.16201365,1030422.66705498,1011033.55806171,1008451.74503794,1129983.00357236,1182928.36893159,1196700.78515954,1203086.84137394,32512.7181976282,34878.9061706447,65239.0029699083,77282.5255011627,0.0,76684.3784521874,75367.0118298645,124836.772348623,139116.296033539,220937.097626872,229058.465328018,214351.746453099,339925.912973224,294472.470222957,298904.767582693,281291.490362198
77,1677199.14876607,1673758.51562154,1669175.16904223,1658430.18423272,1588005.53215592,1609774.23815355,1624008.92588018,1633683.1864645,1635362.23007159,1587878.93723347,1542788.54649336,1459809.59524961,1546496.08776376,1548858.85252794,1708610.22129418,1681437.07880298,1684145.53602259,1621327.79970927,1602684.18343406,1617883.63254349,1657146.9711876,504621.738913332,796824.115228827,805733.290248198,792555.150400404,816682.596787192,858525.240231388,853919.346201985,893103.683611748,878823.206848435,878139.069620798,876500.516468568,906887.073356129,941373.093824777,915064.536188418,857010.660194641,861194.358724825,1277354.1868878,1136382.63183674,1042346.45499108,1031173.37787611,1022106.91462358,1218282.61288906,1219094.14767887,1223547.61733179,1226320.43822217,1230084.32922339,1238019.2344156,1255736.99509582,1237945.99508965,1146970.739313,810186.248074983,517289.463888273,519287.341460355,667432.512355896,533877.870995771,493785.769726374,836787.076973123,821143.221366734,919120.943415688,1258852.94598838,1139862.6142509,1070962.40725057,1087167.57422625,1073943.71251648,1053940.24299088,1050486.8480125,1178535.17258044,1234669.15233559,1248373.59222444,1254287.16764401,106573.874004459,101406.119231132,141870.615994492,132186.306064608,76684.3784521874,0.0,8285.22158971882,51333.7090502239,63667.2990853038,251099.416976672,257754.553001434,252329.096146592,363831.069538715,324242.907514991,328676.590334862,310940.155147826
78,1670894.26905667,1667425.16985571,1662797.39459547,1652039.02596515,1581516.06156095,1603295.30690469,1617562.73023537,1627170.43608726,1628844.5965768,1581311.88036567,1536218.03529964,1453439.79058428,1539835.89743156,1542141.81395147,1701838.11138175,1674755.92657936,1677550.36201199,1614563.2909025,1595964.91462469,1611234.26898004,1650373.97288942,496399.650264091,788763.399671609,797699.336117796,784564.431141473,808627.120558913,850507.938252237,845902.481502082,885193.663193529,870938.33237503,870258.837270983,868632.222665682,899066.156082268,933423.000676306,907120.927541832,849091.038368598,853376.286299709,1270173.17035326,1128831.79344371,1034545.89551457,1023336.05888504,1014236.90279347,1210901.46216535,1211718.32990441,1216194.76777844,1218978.55347803,1222753.657694,1230692.76947426,1248490.50277578,1230502.46720264,1139476.0060329,801973.350669208,509149.878613144,511234.036726453,659798.041596874,526255.547219706,486467.169012186,829020.235549931,813360.435652493,911427.023100085,1251924.37897837,1132594.93447965,1063565.85539323,1079651.12188863,1066382.74963461,1046349.32966788,1042852.38080242,1171260.92288268,1227614.24891997,1241312.35409784,1247190.2785369,103985.23389239,97756.2329818365,140145.304852991,135079.154773836,75367.0118298645,8285.22158971882,0.0,49993.576094125,63763.7588307547,243293.762511184,249884.172835637,244868.062215089,355724.467632952,316330.164973204,320759.913805001,303036.043575766
79,1700673.33305065,1696993.09886985,1692031.17141834,1681174.28033355,1609910.79459899,1631765.29725658,1646284.67115354,1655362.56434803,1656996.96977549,1609081.83835411,1563977.79281235,1482814.6476192,1566847.13406305,1568664.28316071,1727814.80660229,1701536.3384629,1705053.56628248,1640639.92706011,1622446.01234484,1638308.6094228,1676361.50418969,501059.455732504,797924.864493095,807508.890029607,795401.662059986,817883.222867614,860616.658753731,856029.378024188,897534.590752226,883786.106164124,883195.301795762,881794.151098332,913033.264633016,944883.069179613,918753.592574299,861301.353131098,867464.849076159,1292366.63807778,1146674.55672048,1048689.08717842,1036849.53589755,1027165.42452552,1230853.33294648,1231734.07714151,1236482.43252126,1239394.16592201,1243298.52819474,1251281.04731878,1269980.58458181,1249667.82738945,1158058.08888102,806099.152969332,516935.31144218,521433.323394232,677195.299251995,544264.584651953,508493.047044697,844017.135266691,828120.468791301,927452.153296226,1276680.81764094,1153937.53448379,1083459.65869465,1098003.18054093,1084147.40637472,1063718.98097849,1059602.70315335,1192496.9435491,1251151.45250335,1264776.0073731,1270285.84396497,151783.465264275,143649.309136935,188876.178459022,183387.246403682,124836.772348623,51333.7090502239,49993.576094125,0.0,16396.643551171,260949.584963837,266312.593459934,267298.706481417,365542.925018412,331026.814919747,335330.586469102,318055.979183066
80,1716508.8834123,1712806.53643088,1707808.90525657,1696941.67480533,1625598.19922008,1647460.36379346,1662007.6313828,1671024.69140164,1672654.40991709,1624696.43197015,1579593.31225237,1498616.0412922,1582371.77322609,1584127.538569,1743199.53914019,1717025.62145739,1720631.93600522,1656042.02854069,1637901.17501609,1653837.50236541,1691750.15493469,512955.363282233,810552.686308855,820267.350093736,808376.350527009,830521.378840445,873413.727841781,868832.096869669,910768.35090083,897123.973740311,896550.617536757,895193.618202851,926576.398984318,957925.146400079,931839.154000605,874522.619090213,881046.193455433,1307246.77348161,1160866.76097886,1062227.97873122,1050270.55999323,1040475.15492319,1245387.84383631,1246278.89013771,1251070.73928518,1254002.72254121,1257927.33696312,1265915.78961169,1284755.28584299,1264069.65542168,1172375.27239966,817608.830815289,529487.800817342,534473.889549835,691447.56581435,558696.766671131,523555.78128976,857775.955101487,841841.405561824,941371.628576069,1291932.00938466,1168704.26459325,1098007.34283013,1112291.64965721,1098337.52920814,1077844.37547478,1073619.60285664,1207241.76743812,1266234.37055243,1279846.91936586,1285302.72199333,166931.583266663,159271.648313408,203670.852439498,194243.616451913,139116.296033539,63667.2990853038,63763.7588307547,16396.643551171,0.0,275730.82151359,280898.449717721,282689.558757125,378744.296052469,345178.106500307,349451.83197336,332288.85963746
81,1445678.67840148,1441694.06212421,1436267.71539429,1425287.15052276,1353138.4528032,1375065.22203154,1389887.14658356,1398308.38806247,1399895.02824074,1351585.8877097,1306507.89830603,1227491.452266,1308600.37659768,1309966.94629175,1468591.78763799,1442990.43567522,1447203.82744099,1381533.31588962,1363680.95704472,1380074.29441993,1417169.16534412,264647.914739635,547706.649579247,556128.036382189,542360.953781137,567441.974687629,608630.852023421,604021.769451094,642225.253641405,627839.087571564,627139.276949878,625465.958057108,655788.028815059,690738.555892372,664387.261427626,606188.688574705,610094.988265259,1031518.35016023,886481.763204598,791253.122343707,780082.809152572,771071.714391929,969992.843906936,970863.378647466,975575.258529515,978473.739201429,982367.266332804,990347.002884973,1009046.5021856,988987.674915602,897553.712307165,566626.105020547,271612.373699687,270653.973891904,417061.6562123,283727.160620498,248173.885087579,585742.89133299,570069.746336626,668326.885181974,1016848.67285624,892999.589854676,822592.302740877,837575.147546281,823978.414505105,803750.477801066,800002.226003906,931552.10398478,990707.492900263,1004297.62089608,1009672.20144073,200712.571411207,189123.497183816,210805.22879042,282712.569168595,220937.097626872,251099.416976672,243293.762511184,260949.584963837,275730.82151359,0.0,8962.99815305729,26766.9602245446,119436.124992022,73990.8908549663,78451.9230555402,60673.3856379042
82,1442247.34899946,1438213.31415422,1432709.06178611,1421708.29665201,1349406.4049403,1371344.429701,1386221.05904827,1394516.74318686,1396093.79648223,1347709.74554303,1302642.10839567,1224036.01507675,1304563.23842168,1305819.93780129,1464291.27587114,1438869.82288276,1443243.14854919,1377271.70319696,1359511.90268194,1376033.22937824,1412880.89114948,256183.936278135,540302.944094929,548828.78636263,535215.820204051,560066.029998829,601408.750139612,596799.976215365,635375.179485822,621069.404587248,620384.525493835,618749.473124734,649220.597458342,683763.045442882,657429.595109234,599302.985360397,603537.700289933,1026509.17399663,880635.839520975,784742.344190933,773464.355181742,764355.033584698,964543.481028828,965426.40869575,970191.125661834,973114.487138764,977033.078112686,985020.281479311,1003897.70986988,983384.768722349,891846.821551915,558573.935449437,263600.376356495,263060.484067075,411148.489609258,277998.340797266,243779.504542505,579347.500506395,563626.145183599,662137.213607064,1012392.73232178,887843.357716211,817152.108370493,831828.379910462,818120.100443365,797818.028015179,793954.168231543,926365.907367604,985991.875072193,999562.375825342,1004856.8157089,209227.735117372,197489.806363866,219677.336993134,291385.199076156,229058.465328018,257754.553001434,249884.172835637,266312.593459934,280898.449717721,8962.99815305729,0.0,33540.2674519743,111019.717440075,66639.9049761175,71095.88120991,53298.6110276499
83,1434918.38333602,1431081.56497787,1425889.5740654,1414972.0312562,1343304.23906813,1365191.61774318,1379843.49393214,1388647.12513008,1390262.96425685,1342196.51087413,1297097.19035907,1216853.41145113,1299726.00145258,1301441.59397198,1460525.54832694,1434350.4490169,1438057.46593419,1373359.59059939,1355213.20944565,1371195.36583815,1409073.94450494,276723.56650755,552573.446142723,560452.080415878,545943.343475282,572140.076314262,612505.573019741,607900.233658768,644293.89241191,629557.502448362,628791.132911598,626947.937239899,656579.299773134,693342.088487135,666931.819276229,608461.242146617,610892.431954726,1025977.22401019,884117.661739263,791682.96360504,780990.576030454,772422.380661784,966072.222653772,966896.305201984,971410.473700329,974215.986770316,978015.702550859,985964.403136487,1004011.11220312,985634.558729852,894643.953893432,575149.380280448,280582.306820737,277261.946035469,415532.939132154,281989.015030196,241895.778532859,585875.360620409,570428.083820982,667506.914828094,1009424.29553059,888048.546012483,818720.718221979,834854.998771256,821701.393633284,801779.485225151,798495.730329012,926687.976598071,984166.856877486,997817.907257405,1003465.08853342,191141.214616488,180969.704758222,196755.815788795,271050.034770993,214351.746453099,252329.096146592,244868.062215089,267298.706481417,282689.558757125,26766.9602245446,33540.2674519743,0.0,132515.504031829,83056.2152671795,87271.6135831825,70833.3465049476
84,1368541.56817258,1364007.21466138,1357715.24164916,1346529.24480124,1272812.37098179,1294819.48322795,1310222.34308506,1317228.29483578,1318705.50177423,1269661.67114167,1224793.39162872,1150583.74191416,1224989.18543925,1225149.71342353,1381833.25851523,1358216.18406171,1364169.03809143,1295336.51385012,1278519.45017393,1296278.84949708,1330624.05288448,145219.197362854,433226.907088461,442431.109365442,429945.399911928,453130.500525967,495422.89965042,490826.045258551,532030.036228872,518393.635063343,517829.155736042,516504.52860841,548083.588368083,579360.300153741,553215.426242085,495787.88625335,502650.376109371,938120.509038976,784968.450609354,683696.893570567,671588.042643751,661733.297455656,872219.203095562,873213.096162569,878449.822372973,881594.499414363,885734.019318055,893769.711619462,914252.986403504,889627.225663084,797383.895251056,448159.642237762,153688.266205839,155987.821884814,317773.974039105,190248.714610416,175186.722037404,479946.231070011,463885.18630206,564159.55498257,929408.449368338,798473.947194691,725360.350165486,737179.864313482,722517.129606968,701620.819914058,696756.789670092,836588.853990688,900539.704792746,913877.392007152,918380.274673106,320141.814988498,308508.26830438,328831.59269305,401888.69440111,339925.912973224,363831.069538715,355724.467632952,365542.925018412,378744.296052469,119436.124992022,111019.717440075,132515.504031829,0.0,50534.6464485309,46931.9888457682,61746.4792012859
85,1385298.7064376,1381056.03948869,1375225.71027223,1364144.50931704,1291237.17175651,1313212.88913955,1328308.5099505,1336089.10065229,1337626.95246671,1288959.93157692,1243950.51669587,1167080.96580982,1245196.19231684,1246030.93624741,1403883.87291361,1379139.73520814,1384128.07231526,1317030.75141158,1299622.02581049,1316626.68735375,1352531.69827445,193672.716505793,473733.891346559,482208.501710953,468577.57609647,493480.258382257,534771.483886383,530162.654630087,568863.958266675,554627.091119424,553956.356863529,552359.575566081,583001.470203835,617172.022483123,590848.223555988,532767.798650551,537338.512561045,963814.840299355,815691.900360497,718583.180239505,707169.478779381,697953.899724321,900574.991736913,901491.503839982,906400.875316318,909393.122965358,913381.430599137,921387.501378169,940780.823896782,919006.441900692,827230.290395731,493270.311620025,198305.678051215,196688.436406378,346282.179239687,213919.978766672,185216.375667645,513392.619076166,497598.688960964,596524.036850756,951578.415465428,824746.767256574,753257.724013069,767130.66654757,753162.835806252,732699.113138405,728589.771058428,863163.499922916,924276.435235229,937774.128773285,942797.227987512,273027.963119645,262070.925107306,279810.79641381,353817.580417321,294472.470222957,324242.907514991,316330.164973204,331026.814919747,345178.106500307,73990.8908549663,66639.9049761175,83056.2152671795,50534.6464485309,0.0,4461.86983797765,13343.5549454469
86,1381647.2801338,1377388.91756527,1371533.99125416,1360446.94516832,1287495.24428531,1309473.29491405,1324585.26383754,1332326.31721849,1333861.13340718,1285173.55163929,1240169.7301823,1163435.46198646,1241363.28403918,1242165.32094602,1399967.21400911,1375275.95405751,1380311.55712524,1313128.55957085,1295747.43347932,1312789.12231606,1348620.43880438,189497.331607091,469272.054876368,477748.298940921,464123.986135967,489018.620797878,530313.901655323,525705.091380681,564433.773452084,550205.904752781,549536.92372616,547944.779205452,578605.750020519,612729.744460347,586407.619901127,528334.400040626,532945.404768076,959725.069043074,811414.929676229,714192.799582279,702764.642971232,693537.036421611,896380.830524326,897300.162564712,902221.624984062,905219.597153833,909213.665909151,917221.156045978,936656.898841004,914777.115388696,822981.888836425,488866.317259429,193917.025159157,192232.424014936,342029.414938066,209768.273736466,181631.579419396,509025.520116044,493224.360679675,592189.237532285,947640.34647466,820627.410213141,749073.163347022,762876.253034465,748885.697240793,728407.817796642,724276.168766035,859034.316946291,920267.096534345,933758.519541667,938759.565658972,277400.285506713,266474.950996847,284023.983578989,358120.188910326,298904.767582693,328676.590334862,320759.913805001,335330.586469102,349451.83197336,78451.9230555402,71095.88120991,87271.6135831825,46931.9888457682,4461.86983797765,0.0,17803.1813262469
87,1396517.25433735,1392318.63701064,1386557.25027713,1375492.59319902,1302710.44519238,1324679.24697003,1339728.98633545,1347619.66588152,1349165.9443265,1300556.97848663,1255532.85435162,1178287.74435394,1256923.13741604,1257848.36589546,1415839.92891496,1390950.0522447,1395807.28711905,1328948.062646,1311463.40135845,1328365.33174131,1364473.52394655,206063.10688727,487070.472486352,495551.480266252,481917.391964185,506819.2599087,548114.717337839,543505.879405546,582163.543914874,567908.157203445,567233.708187769,565626.971326077,596226.102945613,630494.530156274,604167.766377177,546073.848110847,550557.492630849,976249.326778424,828622.341508712,731794.736807049,720414.192365591,711225.239109678,913288.742375111,914197.804134926,919075.159790989,922052.207994135,926025.184402522,934027.370739605,953307.343116755,931812.286155661,840086.904265699,506362.126105288,211358.503492612,209984.404413904,359164.11731387,226565.925725429,196416.798008304,526550.954800204,510774.357409117,609602.89620284,963601.204798006,837263.243398011,765948.658322308,780003.654531979,766094.465423064,745667.128942008,741614.237084981,875705.43504241,936494.213192544,950008.631993552,955091.424863192,260082.66093711,249005.197981884,267437.552443475,341118.718176509,281291.490362198,310940.155147826,303036.043575766,318055.979183066,332288.85963746,60673.3856379042,53298.6110276499,70833.3465049476,61746.4792012859,13343.5549454469,17803.1813262469,0.0
