ID,1,2,3,4,5,6,7,8,9,10,11,12,13,14,15,16,17,18,19,20,21,22,23,24,25,26,27,28,29,30,31,32,33,34,35,36,37,38,39,40,41,42,43,44,45,46,47,48,49,50,51,52,53,54,55,56,57,58,59,60,61,62,63,64,65,66,67,68,69,70,71,72,73,74,75,76,77,78,79,80,81,82,83,84,85,86,87,88,89,90,91,92,93,94,95,96,97,98,99,100,101,102,103,104,105,106,107,108,109,110,111,112,113,114,115,116,117,118,119,120,121,122,123,124,125,126,127,128,129,130,131,132,133,134,135
1,0.0,9437.4151265935,23966.590265705,32637.4913144063,105659.85570385301,86178.8164667628,68773.8958257027,78023.5869410213,78439.0200494357,120669.972314729,157014.780001316,218234.273135987,170721.377823293,181540.56629954602,156730.55077985,121334.299019345,92869.36911176,157453.05176511698,150898.477061123,123741.94011459,152973.287791778,1285200.26305247,1051803.49783336,1098812.07949919,1074906.84025979,1078339.54381498,1058225.08230185,1026222.34518809,1022009.48629116,1031806.06362798,1017826.14785266,1015557.33553981,1016772.27912137,976974.8313172159,979941.768092411,923459.392788366,919278.2826581029,927539.604995018,926948.1446046741,925395.6169869329,892340.857526736,901558.121712457,917261.321720468,951639.1328254541,926103.566117535,480422.055511016,663640.447364625,703783.0420995591,1001240.68256287,864267.35878092,773328.470453829,791526.015907839,809273.2589818209,824758.646070443,724586.402623063,566163.040624784,564404.971861513,556170.46670153,551780.148932097,546607.668959263,539810.20764605,509954.63420213,566657.487943067,575510.0111476571,643370.089306843,1086794.92426188,1089092.0392374,1083076.37340476,1230980.97562484,1254066.13611197,1258216.06252108,1344829.42623471,1343074.12480326,1343377.57208906,926996.905192203,950800.18301553,1018485.66639592,741811.311171795,901475.97626987,1346970.46180155,1275676.03775486,1261894.2572491001,1253645.05026252,1235990.39041345,1219504.75468962,1233926.87838731,1060155.23971695,998008.90124281,1178596.56769676,1200121.77692007,935447.109532316,950651.3206901221,966449.960406427,969940.943208365,974212.107480179,857354.827822768,978175.552058235,811532.84697148,800565.7797206759,827537.0982612959,455871.31340234296,606460.455561895,684058.812105663,692868.7740239489,690557.103146675,711952.599461697,733255.355846848,745083.251829832,575878.062656743,577969.979133295,603319.583309607,612120.057485568,536824.043879493,494114.027741437,483370.10728525603,484014.54355594295,1585102.57137017,1583194.38062442,1564564.2349523,1633067.86074665,1616953.03260997,1719862.93844085,1677199.14876607,1670894.26905667,1700673.33305065,1716508.8834123001,1487591.879673,1445678.67840148,1442247.34899946,1434918.38333602,1473166.31971711,1368541.56817258,1385298.7064376,1381647.2801338,1396517.25433735
2,9437.4151265935,0.0,14535.171374648,23592.446668664703,98288.3812481242,78227.1267719329,60771.8648899189,68880.3849077267,69228.7072865509,112391.107416289,149769.161689948,214229.08837092,162643.231282285,173081.205362731,148679.602818826,112607.16654939801,84355.57349346639,148020.239805913,141622.562879728,114428.69897743099,143736.125256044,1279937.84103833,1046178.38954338,1093675.47373994,1069577.46489487,1073010.49232452,1052215.6241639,1020170.48080167,1016013.9186165001,1025498.50552519,1011525.13319713,1009402.50353697,1010374.73996621,970436.4752081991,973428.093036167,916945.219545737,912638.73500394,921147.2459382259,920568.041588234,919046.35530722,885923.873811626,894709.203635296,910566.726257358,945293.483283725,919925.3057668109,473186.286737365,656455.717660994,696616.887428556,994565.6106705209,857006.1017360791,766176.8953795859,784398.45349595,802138.9503576241,817613.4439324541,717452.488186033,558822.716884032,557072.174010966,548863.827273439,544481.655533392,539310.933098934,532466.2676999411,502695.32106613205,559026.963145615,568438.545762445,636243.578614373,1080093.52916755,1082775.44816126,1076875.03119092,1225524.84761767,1250110.77273249,1254232.41751048,1341461.15227203,1339646.45342162,1339912.76261534,921434.365892944,945318.241759198,1013329.17957086,735314.5251497441,895721.8786848009,1343257.96972427,1271868.23861318,1256785.79085604,1248476.65710875,1230940.18119379,1214994.55541035,1229702.63604928,1055106.46389182,992666.642849924,1173995.83337229,1195908.36668143,929481.4957217191,944731.4187804491,960558.2265531641,963848.368252066,968078.650950562,851118.492274652,972451.594218866,804901.0614822421,793740.8529778529,820733.3302668859,449650.520257845,599946.775715371,677634.028224392,686069.161113445,683773.811990985,705133.617311501,726490.059335907,738245.37152921,569095.430285892,571136.935420129,596454.189010488,605228.695154729,530045.904832256,487608.862354605,476744.51360426896,477225.34075391706,1581957.71426495,1579963.66490227,1561603.65149075,1630307.11996778,1613770.99355785,1716400.97242233,1673758.51562154,1667425.16985571,1696993.09886985,1712806.53643088,1483543.41245157,1441694.06212421,1438213.31415422,1431081.56497787,1469294.3067001998,1364007.21466138,1381056.03948869,1377388.91756527,1392318.63701064
3,23966.590265705,14535.171374648,0.0,11528.948918594298,88206.9240184309,67195.44908340111,49921.6878338874,55230.687680507996,55405.416426139105,100428.14049403,139605.94468247402,209374.774867386,150905.393450379,160606.561079496,136253.098464603,99137.915404935,71357.6578197367,133534.058787093,127539.685688146,100275.129900889,129426.28532055301,1272491.08068787,1038170.96262118,1086447.52510016,1062043.05747543,1065476.22362414,1043586.90739982,1011476.44085436,1007411.50599692,1016388.97513069,1002427.66131541,1000542.67347942,1001120.35653017,960956.671167363,963988.2523799171,907510.9098624509,902999.9525582229,911911.201883713,911352.046874816,909880.807698952,876652.113388099,884729.1902183141,900838.051058628,936130.6631136971,911037.9210031921,462649.28283804795,645955.70220309,686140.505611966,984860.0028765091,846350.066458467,755713.8903111941,773972.694741018,791699.664842346,807154.1628662379,707026.16572614,548084.022168642,546346.5502200071,538184.217144849,533816.87947365,528650.508563848,521728.431666729,492108.605713295,547799.451056721,558147.121571551,625844.497475437,1070337.2804092,1073645.80652671,1067933.00679497,1217771.94757252,1244746.80151713,1248823.29078066,1337015.28396019,1335107.21854132,1335315.00441235,913543.574294802,937553.968431378,1006078.87092492,725935.772915332,887525.4835286479,1338269.33707225,1266735.52898391,1249587.2545751,1241182.96150997,1223836.99590506,1208753.81527529,1223914.66071835,1048023.57946673,985120.7626748721,1167615.10152076,1190140.9636352,920937.9818048279,936259.970112595,952130.3685242641,955094.692488811,959258.13654458,842146.100330685,964293.4407920421,795289.24920103,783813.3456771891,810836.80074782,440817.119390076,590571.234341457,668385.186088798,676201.703134967,673933.749512225,695230.533195409,716671.6042818159,728305.244848327,559284.10399164,561241.394365436,586498.125214958,595227.340167852,520254.232529383,478286.33168338897,467226.75146842794,467434.963205457,1577844.85530411,1575716.0701398998,1557781.31890718,1626793.47159142,1609597.71629726,1711781.69329008,1669175.16904223,1662797.39459547,1692031.17141834,1707808.90525657,1478013.12768874,1436267.71539429,1432709.06178611,1425889.5740653998,1464043.93663535,1357715.24164916,1375225.71027223,1371533.99125416,1386557.25027713
4,32637.4913144063,23592.446668664703,11528.948918594298,0.0,76681.25500212889,55746.7467687251,38423.4900052316,45388.819456559104,45842.8460848108,89272.7396953108,128093.519383441,198707.31525268,139692.569803612,149716.930149214,135426.8842023,96652.91977858961,70230.94003367401,125755.286366531,118349.819487231,91278.3334814154,124305.62162166901,1261098.70250776,1026710.9180527,1075089.9496263,1050640.31429264,1054073.46267986,1032076.49887677,999962.634124767,995902.756579525,1004861.27184078,990900.161391716,989021.559856945,989591.42625596,949429.6884053929,952460.5704794871,895983.0851846059,891477.202589052,900382.3454661891,899823.292883015,898352.4770304629,865123.170609368,873224.4947120559,889318.871902211,924602.340503368,899516.049725322,451196.73240696,634501.714429241,674683.929185997,973340.049883632,834920.741165827,744256.3430940609,762510.610979269,780239.4338243,795696.613908604,695563.476889701,536663.7714041771,534924.123637175,526754.280797851,522384.548108512,517217.39449711295,510307.443027337,480663.728025391,536477.6554163271,546667.023823548,614377.497305888,1058819.8307116998,1062117.7729727,1056408.99549018,1206339.42745517,1233786.00871994,1237850.44541854,1326318.52225986,1324381.53354177,1324571.37829141,902097.481463561,926122.610113665,994718.834083019,714407.136768768,876048.148208579,1327410.2523982,1255837.26959451,1238232.58115044,1229813.49943978,1212498.07065214,1197580.96922628,1212846.13061612,1036690.19795287,973717.328958878,1156412.92180248,1179078.08967891,909433.275027127,924760.0095489359,940633.433209818,943578.1707010521,947738.675696063,830621.69578652,952819.002091253,783765.3136816879,772304.5466411479,799326.177981853,429300.834375939,579042.448655864,656856.388058563,664688.5703561,662419.068873917,683719.648089473,705156.0218540459,716796.9402862929,547767.073902293,549728.965554444,574989.736618287,583722.1560032379,508735.900615755,466757.40052241297,455699.279371996,455916.02665529994,1567249.96155675,1565077.51274475,1547283.97915565,1616402.43237884,1598982.58803899,1701025.23605397,1658430.18423272,1652039.02596515,1681174.28033355,1696941.67480533,1467005.03606961,1425287.15052276,1421708.29665201,1414972.0312562,1453109.8766774999,1346529.24480124,1364144.50931704,1360446.94516832,1375492.59319902
5,105659.85570385301,98288.3812481242,88206.9240184309,76681.25500212889,0.0,22011.7823879357,38385.7342056467,46231.543129976795,48140.9352368503,23854.0595067269,51499.9803779941,132691.451911274,66932.5244135805,80684.4711410016,151919.872761893,111784.03644784301,101782.49847625199,93765.14282581401,73854.6960383838,58327.4175898513,114588.78095623,1185739.85980883,950789.315736546,1000037.94646196,975213.4151704999,978646.054003355,955677.5613343491,923528.1293723991,919522.1010830641,928247.601720132,914290.523153897,912503.358114134,912941.3357824209,872750.4785982029,875784.059532726,819307.400877915,814798.25588106,823737.82418275,823183.4290914191,821725.5292391999,788471.71535905,796609.489077113,812648.153135687,847975.4464837959,822989.8304786859,374897.913667155,558169.617965139,598333.2021012229,896667.127412065,758720.8062185141,667895.3858484479,686122.468661725,703861.036320971,719332.874422138,619175.572972178,460555.60872418,458802.266760775,450585.714104749,446201.45782361296,441030.27134154295,434200.196795763,404408.265864716,461028.386351916,470188.575644575,537969.970511221,982153.9986861991,985496.938138963,979852.721466314,1130646.5333181003,1161833.88951839,1165804.6862441,1256341.50532227,1254187.57010351,1254242.22038593,826310.543522461,850463.053464905,919657.674740096,637740.038129454,799979.34280721,1256207.59308277,1184357.23537237,1163186.04146,1154646.54839722,1137582.60217424,1123992.61204226,1140068.55193733,961843.256537125,898293.300490453,1082601.30914464,1106352.83557216,833097.118530888,848471.090136265,864373.7257869741,867114.807824318,871241.1559182941,754062.8516142841,876771.7499573609,707084.780636672,695672.424579569,722686.2071418021,352868.631151831,502379.236938243,580216.142978039,588039.488953074,585764.0445645179,607079.52324555,628497.441833017,640167.487226347,471104.302256932,473083.91669896705,498361.848664787,507108.907933715,432068.972725274,390110.47649295896,379022.076524089,379247.496019934,1497960.90295141,1495465.08870197,1478722.52785474,1548603.66097579,1529535.38445366,1630506.92126156,1588005.53215592,1581516.06156095,1609910.79459899,1625598.19922008,1394638.79620479,1353138.4528031999,1349406.4049403,1343304.23906813,1381308.66150957,1272812.37098179,1291237.17175651,1287495.24428531,1302710.44519238
6,86178.8164667628,78227.1267719329,67195.44908340111,55746.7467687251,22011.7823879357,0.0,17455.6967693419,26109.1280565092,28271.1494736123,34976.3079327844,72614.6654060087,153205.566011681,84550.6458132741,96036.7672324202,138047.442342572,96839.76391006779,83066.14930499019,92250.84860134519,76470.7380833996,54328.970395070304,106441.741703194,1207691.76249067,972646.689078391,1022020.50685623,997159.3379842159,1000591.86661421,977352.8032417509,945181.6891183341,941208.833229212,949728.7318322309,935778.0440837741,934093.4992831809,934354.146842283,894047.75254319,897102.9947991341,840632.915770313,836007.887777318,845165.544132065,844621.019278602,843187.534533823,809884.320281659,817601.002253362,833803.345226294,869436.851287735,844575.0626781309,395455.37778915704,578761.42859947,618945.562716142,917832.1122266591,779174.2265462141,688518.778609572,706777.255863381,724504.249915406,739959.060997297,639830.760631962,480919.668936836,479179.282622006,471007.797318572,466637.85429815,461470.666960718,454563.131942084,424918.70392551704,480851.16685979994,490961.870355846,558649.8874776129,1003284.20417272,1006965.53231408,1001404.83071971,1152549.89711242,1183742.22264699,1187720.66822754,1278051.64268689,1275922.88945943,1275992.91659415,848200.8051685259,872376.64457098,941640.358189971,659111.286935211,821799.303235338,1278050.35470521,1206224.77517375,1185167.69847166,1176618.41142534,1159573.25554115,1145995.88853075,1162035.39821242,983838.965981917,920240.691687974,1104609.77548001,1128316.09662397,854810.084146377,870206.64712381,886121.988519812,888749.7707266359,892849.822439828,775618.064732947,898596.364670319,728317.9814296409,716705.286387516,743738.398435285,374555.362218373,523771.222214917,601662.0641263879,609121.2444475021,606864.39068403,628135.420049183,649608.223717724,661195.3730431279,492237.578883893,494159.198478609,519391.279943956,528104.786913134,453221.841654224,411556.27973065205,400360.6262169,400411.936649028,1519594.02260826,1517138.10961818,1500260.46222389,1570038.4315816,1551188.98609736,1652286.47618543,1609774.23815355,1603295.30690469,1631765.29725658,1647460.36379346,1416581.86698463,1375065.22203154,1371344.429701,1365191.61774318,1403208.03007218,1294819.48322795,1313212.88913955,1309473.29491405,1324679.24697003
7,68773.8958257027,60771.8648899189,49921.6878338874,38423.4900052316,38385.7342056467,17455.6967693419,0.0,22859.903092930497,24983.241497314302,52021.642466107696,89690.6092423603,165646.85095951302,101950.844889649,113066.21776305401,136554.151189067,95044.5406854917,76624.7228759684,102089.055565922,89136.82989923311,64370.7977629314,111033.28528324599,1223791.90436405,989030.19584531,1037972.25098703,1013286.14947621,1016719.04606544,994045.0739295841,961901.6706084041,957886.028337097,966629.6774981859,952673.24974135,950887.202924008,951312.537759173,911089.978896584,914130.6034000979,857655.7409477241,853104.452354388,862111.717829084,861559.1060318759,860105.042242312,826842.5131302959,834807.506185393,850930.5398543109,886354.9285677391,861374.1710760171,412796.599129945,596098.942470332,636278.4842175221,934954.477705422,796545.906750277,705849.786426894,724100.036347422,741830.3949188001,757289.931297205,657152.545825882,498304.216944449,496561.418485438,488381.104085975,484008.18214135204,478840.046631867,471947.22950270295,442271.96280780795,498297.783048305,508245.50302676705,575963.378995675,1020425.69423152,1023877.60525007,1018238.4133734001,1168814.87198834,1198487.33701073,1202499.18344715,1292126.28517883,1290069.41608315,1290184.52601288,864505.615228835,888615.3019814041,957593.088670758,676100.4098760879,838263.211760387,1292537.92497626,1220805.26062044,1201122.13548469,1192627.62267111,1175468.26352178,1161343.78277493,1177077.67406786,999697.571714699,936363.192064333,1120043.43422849,1143337.70486788,871451.422059074,886814.728441294,902710.4145339209,905492.526204365,909623.0568828641,792448.54259384,915050.234056225,745399.7947950009,733892.428651827,760916.8506064321,391237.548807981,540743.777714922,618592.37949297,626283.983244325,624017.920671403,645310.812205027,666757.046470094,678384.147768789,509372.380731587,511323.07329251396,536577.101032137,545305.658600462,470345.46262819396,428485.260641727,417370.14334559,417527.94246973103,1533452.37401508,1531101.67304643,1513884.19933875,1583423.26500143,1565099.71250631,1666553.6133307,1624008.92588018,1617562.73023537,1646284.67115354,1662007.6313828002,1431482.98468513,1389887.14658356,1386221.05904827,1379843.49393214,1417907.86694419,1310222.34308506,1328308.5099505,1324585.26383754,1339728.98633545
8,78023.5869410213,68880.3849077267,55230.687680507996,45388.819456559104,46231.543129976795,26109.1280565092,22859.903092930497,0.0,2276.1019205909197,48875.5597447321,92652.24450067789,178774.389193468,98670.6449891941,106556.610820418,114270.83928685599,72755.4323839655,57016.8850303062,82592.7469285011,73123.0937665726,46368.843630158095,88537.67639866911,1228769.56409478,993057.580625567,1043447.88538425,1018205.58594139,1021636.68406253,996830.313582763,964570.5953732791,960744.838043188,968428.5767605341,954504.9321012179,953219.3264020729,952809.885223742,912118.543200619,915245.120905458,858813.968144058,853812.8156478001,863698.52198423,863189.4688407991,861844.748503023,828374.7215455971,834752.070577619,851438.6121795609,888084.37733892,863703.088706983,411798.841965605,594964.986738535,635169.8308740021,935471.252258072,794898.4810574041,704725.0730551841,723054.5834646659,740741.5469790391,756143.804043894,656150.883274776,496662.64170114795,494955.634839665,486903.71089231205,482574.35364552296,477423.899977417,470339.29016648396,441096.85270047706,495356.38924897206,507721.89031835203,575097.7577623479,1020792.92586725,1025606.46168135,1020364.63133845,1173240.50466671,1207097.12128617,1211033.36985582,1302138.20969244,1299938.78792539,1299963.4507443998,868845.0804145171,893181.090000865,963079.1914251121,677519.194276061,842021.655964848,1301703.58135734,1229776.49199806,1206567.44304165,1197902.07254737,1181099.34028048,1168507.32611058,1185000.22041418,1005463.26605461,941310.988000448,1126987.39176023,1151313.0471387,874485.003006814,889984.3615860791,905957.5936209509,908071.6586661241,912060.927532668,794647.698967373,918828.311659026,746239.206585481,734020.671891542,761097.977588252,394372.60519832704,542333.580424027,620360.392267944,626641.725281002,624441.6170674771,645567.4097812771,667190.395935328,678525.590622964,510004.947681628,511753.452919022,536828.600992067,545438.141812987,471088.82393384,430410.84297740296,418870.002693607,418380.791355365,1543870.759848,1541318.19279918,1524740.95776168,1594706.10562764,1575416.6850126002,1676159.87136551,1633683.1864645001,1627170.43608726,1655362.56434803,1671024.69140164,1439718.87247904,1398308.38806247,1394516.74318686,1388647.12513008,1426602.80232831,1317228.29483578,1336089.10065229,1332326.31721849,1347619.66588152
9,78439.0200494357,69228.7072865509,55405.416426139105,45842.8460848108,48140.9352368503,28271.1494736123,24983.241497314302,2276.1019205909197,0.0,49963.310457740095,94028.4202341367,180753.449634443,99486.6803598936,107029.15425510901,112017.32345645301,70498.9993987567,54814.1595735098,81392.9504877672,72518.4387580875,45571.8291574053,86650.996391987,1230083.18803121,994295.970621844,1044805.87655072,1019518.19995384,1022949.07379096,997962.080179001,965693.072762153,961883.914168946,969474.547176246,955554.185995476,954312.692401787,953829.4948981991,913097.398693125,916231.59998575,859806.209928327,854764.739716775,864728.8443465659,864223.677915873,862888.70169312,829401.4428257709,835635.1350659941,852372.4786151029,889126.555194431,864798.877387431,412627.384762269,595760.995506257,635965.367038181,936403.1610187291,795634.896973765,705514.95932636,723850.9167644109,741532.9429159791,756929.106106759,656955.064932744,497419.90305978706,495716.45404946397,487677.498601079,483352.723174375,478204.52479435,471102.734728509,441904.61410231,495989.71050364,508582.20303263795,575920.314779405,1021708.89802244,1026644.76416157,1021438.18550411,1174508.87255472,1208700.27322886,1212630.72115788,1303844.7364448,1301634.91223727,1301652.93662841,870113.14128621,894467.38374513,964439.812089554,678542.645582519,843241.499620436,1303347.55476389,1231406.68922559,1207920.06289078,1199240.75107641,1182467.59799291,1169998.98586535,1186550.9620889,1006845.76590839,942627.774707245,1128462.32808647,1152868.35226844,875641.7043861209,891152.3082939191,907131.732657766,909187.9054037321,913164.724886624,795734.6176039941,920047.472050757,747207.318610818,734924.861300659,762005.7270744409,395571.496934837,543381.490073215,621418.2158965571,627572.895971001,625378.9174406889,646488.171010382,668125.910084625,679433.897304846,510970.404601949,512700.48572326,537757.055221109,546355.00717222,472068.403610226,431500.25984068797,419923.624311089,419377.01819567103,1545604.78119486,1543037.61324769,1526506.52021916,1596501.30671324,1577143.15887019,1677833.60821283,1635362.23007159,1628844.5965767999,1656996.96977549,1672654.40991709,1441290.89734186,1399895.02824074,1396093.79648223,1390262.96425685,1428210.04208317,1318705.50177423,1337626.95246671,1333861.13340718,1349165.9443265
10,120669.972314729,112391.107416289,100428.14049403,89272.7396953108,23854.0595067269,34976.3079327844,52021.642466107696,48875.5597447321,49963.310457740095,0.0,45104.5844784559,140235.146397804,50509.5499941643,61077.8617866554,138397.808898493,100549.74318390401,96674.1457759383,71814.98629130049,50633.886064025,39716.1125171427,96387.0305369167,1180367.48772542,944420.6745044709,995230.9340657891,969802.7334216321,973232.934841064,947999.008287075,915729.833916172,911921.8049457441,919553.0729308521,905629.3728343521,904356.3575489679,903939.735525326,863273.672027022,866393.982700775,809958.751241115,804996.0372726009,814825.217077409,814315.332933886,812969.3641465891,779502.393145674,786045.559617385,802645.34630274,839209.12450468,814841.4888865041,363245.674198249,546487.776020515,586691.078805852,886679.9734958659,746605.7100115991,656259.174735675,674568.15963083,692269.091068575,707689.258934617,607644.9924729139,448323.958381319,446604.662053465,438509.31538393104,434165.23930509604,429008.045670999,421982.95776330796,392600.264000748,447540.46441346203,459076.838567976,526544.88507305,972024.930852565,976731.597370593,971492.940691652,1124686.33163521,1160537.26276192,1164419.19256177,1256678.22275393,1254354.35018651,1254301.11761783,820293.311061964,844687.267179861,914876.243035835,628648.112386983,793340.272434015,1255540.31487531,1183477.78042058,1158323.40354895,1149598.89493146,1132926.16770794,1121044.22630082,1137981.98740194,957362.5224898179,892925.367292145,1079412.97077688,1104334.44009332,825685.019067922,841201.27157239,857184.5327339009,859225.185334295,863204.606856264,745781.21693013,870144.772097435,697405.384170822,685276.299155458,712346.8628712691,345651.241042718,493458.06866160897,571485.21853022,577855.5712909211,575646.64191995,596796.909997958,618397.192360715,629775.164709258,461176.79741909297,462947.615019938,488048.751123334,496676.70884803706,422247.01349879603,381545.08609294,369994.467722601,369525.90041734703,1498735.4513713,1495997.87289643,1480030.58593902,1550418.71029298,1530182.6728488002,1630294.15496965,1587878.93723347,1581311.88036567,1609081.83835411,1624696.43197015,1392866.28163891,1351585.8877097,1347709.74554303,1342196.51087413,1380068.10345279,1269661.67114167,1288959.93157692,1285173.55163929,1300556.97848663
11,157014.780001316,149769.161689948,139605.94468247402,128093.519383441,51499.9803779941,72614.6654060087,89690.6092423603,92652.24450067789,94028.4202341367,45104.5844784559,0.0,100906.66929995599,27686.4268020612,45618.1113546868,178304.475138594,143037.23482605,141560.015070437,99763.4389234143,75892.24262539469,78995.1910264158,131506.728644785,1136148.77535963,900622.254237044,950795.7037902209,925587.157734665,929018.553608788,904913.129106129,872715.125949331,868786.1618222421,877133.8941852759,863185.702507561,861562.8352915441,861742.57654482,821439.1764058679,824491.2162318709,768020.282855216,763422.8587517859,772556.659482412,772014.1485035621,770587.044760437,737273.07078681,745137.597810223,761240.9971423129,796836.007963885,772041.966132737,323432.7702299,506689.284927727,546848.33502306,845265.779716075,707269.829641255,616407.761454021,634630.279653779,652370.188595518,667844.287491385,567683.967584098,409148.529245337,407390.203694249,399157.395435085,394768.40770642104,389596.22365977796,382796.084624074,352954.307038978,409933.27441785706,418688.850907822,486476.274492526,930735.108804551,934366.122209155,928845.074758294,1080710.17902251,1115443.56948097,1119329.63897914,1211623.47333572,1209285.44568114,1209224.43148606,776320.847594705,800611.450189078,870426.950253382,586496.8095320021,749662.299480314,1210436.12016747,1138373.61621972,1113915.97376214,1105256.50442967,1088448.1704672,1076133.0895959,1092947.28585716,912818.796657804,848687.3349512509,1034545.94908749,1059291.88222355,782431.111724892,797866.971760355,813806.1733845059,816263.1982984941,820336.403362721,703063.70987697,826467.957012863,655724.280042453,644212.058797377,671232.719266127,302180.427215271,451158.67302507,529059.150037932,536595.795742452,534328.1419816071,555626.152719486,577066.7313091339,588704.948750195,419681.829365072,421635.718138531,446897.828165496,455635.198492787,380655.749022372,338957.192918754,327746.021228327,327839.217017628,1453722.98848748,1450958.18523464,1435095.66141358,1505576.53347362,1485154.76804499,1585199.71850493,1542788.54649336,1536218.03529964,1563977.79281235,1579593.31225237,1347805.33816382,1306507.89830603,1302642.10839567,1297097.19035907,1334973.64647656,1224793.39162872,1243950.51669587,1240169.7301823,1255532.85435162
12,218234.273135987,214229.08837092,209374.774867386,198707.31525268,132691.451911274,153205.566011681,165646.85095951302,178774.389193468,180753.449634443,140235.146397804,100906.66929995599,0.0,120834.095311186,135038.425771479,278047.509508116,240778.033477755,234217.181910282,200434.33581627603,176626.863938046,178365.265565582,232341.621255887,1069404.91970993,838205.193597669,882567.575670012,859564.108715071,862992.374722151,847547.864566188,815990.120231725,811287.537371224,824067.220492335,810058.963625571,806314.274045762,810062.8083130709,772071.1199718129,774723.623703331,718488.088505116,715936.978321265,721097.014820117,720367.51624828,718472.2040646459,686338.195220669,701284.924530155,714675.313586844,744575.304684768,717357.16642057,295175.408877713,471798.43389998795,510906.757297271,797986.790846737,671286.328438152,579243.664669461,596793.944735321,614475.846051157,630002.530661085,530792.798163831,380004.866817154,378128.658057981,369557.51196116296,365124.914293422,360085.941445717,354627.882971202,323938.412491795,387701.50612726604,383300.78941210604,450754.510557905,883555.367888763,881292.782687255,874120.3679213871,1016188.5525090001,1035896.29497668,1040028.45804173,1127641.12555343,1125734.98217408,1125949.77004849,713174.2905268809,736436.242988697,802375.298174373,537724.958904892,689054.660408642,1129067.0237978997,1057644.54352988,1045462.418933,1037456.19888831,1019349.94598089,1001523.35803865,1015704.5688101,843584.664364376,782802.340107987,960762.3439543729,981896.732104862,724671.63920004,739444.646723468,754971.7297109179,760225.4605649059,764874.6881280909,649475.738380395,765374.702676257,608737.48520064,600671.4395967961,627102.135429749,252289.942271715,404076.739744036,479535.205078033,493683.043811011,491139.67277604796,512847.750090199,533074.68060209,545914.7491597,378291.093471362,381217.964725476,406622.79590900004,415714.078926229,340064.680862549,293848.838604482,285458.654415852,289073.717756432,1368547.94769707,1366371.15921345,1348664.99743142,1417973.59880433,1400275.87994667,1502422.63161195,1459809.59524961,1453439.79058428,1482814.6476192,1498616.0412921999,1269375.29378127,1227491.452266,1224036.01507675,1216853.41145113,1255065.47870975,1150583.74191416,1167080.96580982,1163435.46198646,1178287.74435394
13,170721.377823293,162643.231282285,150905.393450379,139692.569803612,66932.5244135805,84550.6458132741,101950.844889649,98670.6449891941,99486.6803598936,50509.5499941643,27686.4268020612,120834.095311186,0.0,17933.1680434836,166233.605852853,135101.500147224,139250.146730215,81979.5720945263,59220.81586057309,71475.26608054861,116545.785293954,1133655.30890962,896983.612515385,949083.083277945,923136.429376399,926562.9899418509,899617.6118827809,867279.9899747691,863604.4170586871,870553.686822076,856652.7741302779,855687.697257972,854773.71885215,813870.7204093109,817033.780357273,760634.504987018,755450.082183533,765733.10813012,765248.272232265,763966.179174091,730390.4534962409,736176.4970745641,753007.972447435,790191.703113315,766202.9513883259,313141.033300259,496294.353737445,536499.204086408,837031.824808202,696271.3905491029,606054.958530781,624383.938499102,642071.1925543579,657474.6259224539,557480.971780676,398014.05001968297,396303.37831333705,388240.904574802,383908.88116573397,378757.336555268,371684.95681139,342427.46345633303,397042.730728106,409104.86245709704,476435.64984255703,922300.8635683841,927678.404038198,922675.6909055171,1077507.56129083,1117931.27415957,1121708.29274642,1216011.50029899,1213473.00713778,1213283.86931649,773197.210408653,797776.497742719,868793.281810142,579532.396421427,745766.99413699,1213629.7512713,1141349.99195966,1112060.02547402,1103175.61057905,1086856.69017249,1076641.02498425,1094493.54000479,911532.820160755,846334.1798324491,1034782.67817287,1060939.21348622,777530.007140979,793139.207624658,809172.7683848679,810735.404099054,814618.980879422,697088.03057498,822541.469329346,647950.470708565,635499.09741677,662585.93344985,298219.286478479,444538.38856641203,522615.600614515,528209.7945333921,526032.397613509,547098.750056793,568772.267626493,580017.090944401,411726.111222126,413392.00107991794,438392.2990889,446961.317603414,372887.51480177796,333004.915818987,321171.55625793396,320287.329150042,1458523.10884564,1455474.69230375,1440529.27185173,1511576.62631468,1489793.90565534,1588792.65381787,1546496.08776376,1539835.89743156,1566847.13406305,1582371.77322609,1349618.57232779,1308600.37659768,1304563.23842168,1299726.00145258,1337428.68963628,1224989.18543925,1245196.19231684,1241363.28403918,1256923.13741604
14,181540.56629954602,173081.205362731,160606.561079496,149716.930149214,80684.4711410016,96036.7672324202,113066.21776305401,106556.610820418,107029.15425510901,61077.8617866554,45618.1113546868,135038.425771479,17933.1680434836,0.0,160777.978227536,133114.058358357,140964.106531681,74068.85206409861,53829.0407107426,72360.5073999587,109812.809209512,1132099.44283129,894778.564279653,948104.459159775,921690.730574908,925112.510982287,896332.259672489,863920.076281571,860411.69417512,866444.7313730691,852581.96950921,852046.896447457,850419.083903503,809146.552577884,812380.448770747,756062.913067351,750497.24517013,761526.236796255,761079.464132793,759893.104795382,726169.430210275,730588.0106454141,747886.0837411091,786086.376862808,762639.58463337,307338.58111614396,489997.28144720796,530178.500638771,831859.056591729,689369.594010169,599655.303499774,618037.342134195,635674.0165851021,651017.757286796,551232.036606621,391398.92079947604,389724.115004058,381794.73220210604,377511.350256266,372386.292930774,365148.27263386897,336367.112259641,389245.233696271,403504.58333378396,470404.664321224,916955.4727871871,923471.697761935,918809.4962057021,1075510.01406121,1119606.96426387,1123312.2602452,1218885.40262701,1216218.16428535,1215946.34024861,771399.7477070941,796150.602817012,867905.8865603929,575395.868389437,743486.3227786259,1215732.81360938,1143333.97443593,1110924.90695662,1101897.51618567,1085901.72291409,1077050.17569436,1095568.36750638,910848.854870502,844992.088017068,1035031.72860384,1062091.3018633001,774571.480712012,790283.6198561491,806368.692627223,807346.9380928109,811104.397093325,693486.30371373,820189.9093999921,643211.769296555,630153.896064949,657260.265108586,296708.927378924,440832.667449885,518894.898891329,523200.260627115,521085.47687018703,541971.175527344,563772.246401187,574744.68415715,407205.067332713,408675.76575563103,433449.807165669,441890.500278986,368588.110120681,330038.032012991,317834.983687973,316302.078698089,1461608.02430873,1458376.91223489,1444026.89828896,1515427.16065125,1492768.96931052,1591074.2378498001,1548858.85252794,1542141.81395147,1568664.28316071,1584127.538569,1350794.89510752,1309966.94629175,1305819.93780129,1301441.59397198,1339022.9852908,1225149.71342353,1246030.93624741,1242165.32094602,1257848.36589546
15,156730.55077985,148679.602818826,136253.098464603,135426.8842023,151919.872761893,138047.442342572,136554.151189067,114270.83928685599,112017.32345645301,138397.808898493,178304.475138594,278047.509508116,166233.605852853,160777.978227536,0.0,41525.6101563639,65208.0609924396,87317.7981127228,107408.290265227,99690.77720996279,51464.6750361442,1284993.24364886,1046291.13339793,1102650.37453335,1075159.14749779,1078563.44672322,1044560.03194161,1011994.71002984,1009040.3773714,1011916.9867902,998240.508352313,999216.645520775,995042.2005913359,952526.429609883,956020.549236171,900266.989605944,893259.069057079,907049.1837846709,906741.089270046,905900.713334971,871801.57700471,870861.65257782,889988.2087867591,931870.8413753159,910381.184658675,451788.97621974,629392.383644569,668984.467854655,973342.471890705,823956.5813861929,737387.502298733,755836.889263703,773089.564953518,788029.804980243,690115.782968892,531008.537945056,529513.20493364,522275.481764624,518268.87029502896,513348.490911429,505597.84635377297,479252.14903782203,523667.75137933204,546869.026057411,611156.132961477,1057355.98537372,1068397.10446088,1064988.34105909,1227284.66736588,1278696.95589973,1282312.46661671,1379109.04477687,1376347.32584811,1376010.75881674,924282.299140824,949408.7432786591,1022773.88674139,722171.124026238,895166.135456583,1375279.65796025,1302772.09361773,1264903.21033398,1255534.96891181,1240336.13451991,1234280.62179891,1253860.48003163,1066101.1354139,998846.8964459209,1192007.60038089,1220512.02987919,924194.6112439829,940169.8054729371,956362.090638408,955504.898516006,958834.1450589759,841386.469871948,971463.640459778,787407.976227949,772097.473265208,799089.959294101,452465.144878862,590032.839555334,667410.361408768,667315.089130682,665449.120291622,685475.557701425,707567.7199426959,717410.61365807,554243.844807295,555058.510192008,578757.791852802,586646.120270496,516818.19989955396,482376.871409924,469417.41869707,466200.89350022795,1621949.20588374,1618594.51775097,1604592.49220005,1676119.2224343999,1653034.84569711,1750739.60033339,1708610.22129418,1701838.11138175,1727814.80660229,1743199.53914019,1509134.55856599,1468591.78763799,1464291.27587114,1460525.54832694,1497944.08403171,1381833.25851523,1403883.87291361,1399967.21400911,1415839.92891496
16,121334.299019345,112607.16654939801,99137.915404935,96652.91977858961,111784.03644784301,96839.76391006779,95044.5406854917,72755.4323839655,70498.9993987567,100549.74318390401,143037.23482605,240778.033477755,135101.500147224,133114.058358357,41525.6101563639,0.0,28922.6137890738,66370.36505445429,79784.8304630775,64401.7535288046,39631.3362137882,1264306.6305177,1026452.07217463,1080750.29550091,1054030.16530052,1057447.49972971,1026676.75862262,994179.878745927,990911.732167399,995503.909421005,981721.05406707,981892.9604676641,979054.2334198059,937127.3975156579,940495.783979135,884411.8300541029,878106.148208585,890530.5169890809,890150.48422833,889129.4947527329,855195.3887039891,856857.2521442671,875148.919232222,915236.958942035,892686.138425288,434900.286829911,615354.8447632,655300.016769839,958879.8291494279,812376.038789512,724313.163639302,742767.7806505141,760217.92121155,775358.4446565291,676444.1323011661,516572.185937209,514994.58429871604,507432.396580795,503290.879050729,498262.855954343,490702.559066578,463184.99304979603,511323.83346920396,530824.78636701,596473.699241491,1043475.83460522,1052303.72231464,1048236.5841068,1207331.58138972,1252526.49990897,1256258.25990056,1351079.28941661,1348516.67743418,1348308.69017133,903506.592810247,928388.4897467829,1000616.72038794,704809.32802827,875157.0853157621,1348458.10340499,1276119.00342295,1243447.9892398,1234323.52473923,1218541.27383655,1210153.81514698,1228648.92305165,1043655.8042714001,977426.446346337,1168117.6227897,1195157.87005505,905445.888796115,921276.0682771809,937413.773650165,937610.130387776,941178.68863089,823550.6047463829,951744.8336131759,771434.472518309,757185.624297398,784269.809540177,429376.475749907,571184.80044713,649052.393419656,651199.414457486,649209.776351249,669685.437694657,691675.463308445,702073.369695954,536453.359639709,537597.568897024,561880.7203307321,570054.346312504,498329.386441902,461550.877817884,449001.830715339,446702.101490104,1593617.96178305,1590549.62075796,1575620.31622129,1646608.74431473,1624878.61311802,1723704.13443652,1681437.07880298,1674755.92657936,1701536.3384629,1717025.62145739,1483861.88916783,1442990.43567522,1438869.82288276,1434350.4490168998,1471977.6611793998,1358216.18406171,1379139.73520814,1375275.95405751,1390950.0522446998
17,92869.36911176,84355.57349346639,71357.6578197367,70230.94003367401,101782.49847625199,83066.14930499019,76624.7228759684,57016.8850303062,54814.1595735098,96674.1457759383,141560.015070437,234217.181910282,139250.146730215,140964.106531681,65208.0609924396,28922.6137890738,0.0,84454.349703083,91165.207390238,68619.4009627687,65729.79958639019,1272660.01322384,1035614.45159625,1088270.30015106,1062179.10823388,1065603.92516576,1037282.25331264,1004862.09407322,1001370.28293525,1007176.26749613,993331.347470595,992937.0858029621,991035.037429496,949549.169212805,952828.9183786741,896576.0456976871,890754.31046673,902229.9133511159,901800.1610251941,900654.03601102,866873.078071486,870292.08058299,888010.817787977,926830.3128233721,903552.529865362,447318.07490904705,629140.189367233,669234.724258081,971909.819192358,827405.8840473259,738523.173345338,756953.598822669,774504.881250071,789752.034815525,690348.727291202,530346.519021358,528719.813265991,520967.42313576204,516749.724362215,511666.440841956,504256.97007676295,476052.19516670704,526446.653456055,543483.8855829621,609877.668765497,1056820.06417292,1064151.5233858,1059629.27497987,1216279.55628011,1256326.76694809,1260160.54769026,1353112.30247589,1350739.55327784,1350652.84077807,912068.588084014,936734.8034373691,1007996.45905778,716166.799423361,884337.493120438,1351618.77800876,1279470.20824921,1251213.41634975,1242285.68907158,1226052.51389264,1215758.53317312,1233310.99151743,1050767.24260873,985412.231595425,1173948.32402297,1199715.39911614,915534.1641946391,931241.14696635,947322.378503569,948287.042756195,952023.9612549959,834396.4078292041,961064.659373218,783656.384696859,770146.340522537,797254.118173903,437146.220080519,581751.695775311,659799.009758182,663523.056189963,661452.383496499,682196.411501731,704077.460613132,714834.16622637,547879.529930086,549254.228945768,573880.334628025,582230.944976263,509372.790384678,470982.822217508,458799.08705830295,457198.33093284705,1595265.47512928,1592471.46478432,1576652.75416017,1647085.26368439,1626682.9387947,1726526.57311113,1684145.53602259,1677550.36201199,1705053.56628248,1720631.93600522,1488346.68962159,1447203.82744099,1443243.14854919,1438057.46593419,1475855.43152304,1364169.03809143,1384128.07231526,1380311.55712524,1395807.28711905
18,157453.05176511698,148020.239805913,133534.058787093,125755.286366531,93765.14282581401,92250.84860134519,102089.055565922,82592.7469285011,81392.9504877672,71814.98629130049,99763.4389234143,200434.33581627603,81979.5720945263,74068.85206409861,87317.7981127228,66370.36505445429,84454.349703083,0.0,23880.899453770297,38006.0759753729,35930.142207554105,1199823.36837497,961578.493349693,1016839.66313485,989727.6047598241,993139.182956447,961129.468420687,928608.3496028,925432.0603058491,929584.7014150091,915822.891722346,916185.9499922091,913047.9766257,871014.084530155,874403.149822913,818369.084408035,811948.830735245,824619.513514483,824254.99381851,823274.1375485809,789297.6933314471,790565.412108092,808948.5337636559,849354.759728432,827064.747212194,368929.00591553794,549040.126378023,588966.252454065,892642.0075415571,746015.35463033,657955.510281349,676410.839088509,693855.467518836,708991.815150038,610111.640868674,450272.32483147,448701.565561896,441169.183426967,437041.24303305,432024.12795832,424440.224653535,397072.897967354,444958.34731167,464736.49273731397,530213.9585977821,977185.774228869,986325.8078849559,982398.311795383,1142527.27565437,1191524.65125765,1195159.51903585,1291791.4066192,1289030.48699418,1288696.45219711,839013.6227640059,864013.9391392609,936832.8462738559,639058.4993716999,810325.8454909971,1288023.87045387,1215533.18992838,1179327.75883969,1170082.57883056,1154591.61000485,1147599.51159881,1166877.9921856,980038.063217658,913254.590983269,1105400.43542399,1133494.31800009,840150.2540801759,856032.7516168641,872192.237796358,872052.935501817,875554.395681382,757955.578970614,886811.4486654621,705395.3410424241,690979.782525564,718056.1578851141,365949.595351762,505825.786466053,583565.740792392,585160.547979614,583193.665757717,603593.489348366,625605.941153806,635916.752680915,470755.910356272,471813.93344506604,495968.496056611,504084.092032024,432816.259630736,396915.930611444,384173.315896911,381501.08574623,1534635.96576892,1531276.73934198,1517319.54774762,1588911.32211887,1565717.80720219,1663469.73181727,1621327.79970927,1614563.2909025,1640639.92706011,1656042.02854069,1422151.30219552,1381533.31588962,1377271.70319696,1373359.59059939,1410815.35202688,1295336.51385012,1317030.75141158,1313128.55957085,1328948.062646
19,150898.477061123,141622.562879728,127539.685688146,118349.819487231,73854.6960383838,76470.7380833996,89136.82989923311,73123.0937665726,72518.4387580875,50633.886064025,75892.24262539469,176626.863938046,59220.81586057309,53829.0407107426,107408.290265227,79784.8304630775,91165.207390238,23880.899453770297,0.0,27342.5579626488,57325.712008648894,1184588.28639516,946858.053983253,1000967.94033758,974283.9662384359,977702.1035111541,947511.5274329371,915041.869908173,911688.200433452,916820.104506599,903003.81095015,902905.176324454,900536.638401675,858868.158706423,862182.005689343,805990.940973182,799986.509141852,811850.6261968779,811444.50285836,810359.298602952,776500.061069097,779297.600320477,797172.80272859,836504.552531832,813613.1036284979,356542.63445282896,538054.468570861,578130.595750883,881028.17486586,736242.322161956,647390.553053979,665824.5237589721,683366.548995916,698605.273202098,599250.766230823,439249.606248676,437630.226784282,429909.404574309,425705.639671653,420632.557564357,413192.136049062,385142.139845994,435299.40646756295,452657.13914054795,518861.499897091,965859.47062426,973718.382617125,969416.1047764191,1127703.61819291,1173376.24484111,1177071.10147974,1272705.69023232,1270043.98275237,1269774.28445575,823801.539224487,848657.9799621641,920831.988063553,625931.036391196,795556.379326263,1269545.8374648998,1197138.09281924,1163677.13219004,1154565.58417242,1138759.70227531,1130518.59374325,1149226.41298018,963873.422273773,897664.567407765,1088446.92366345,1115768.19174067,826087.3650627991,841880.5601435209,858002.683640293,858464.808141295,862101.8700130009,744460.8367142921,872180.336110649,693034.3258319229,679265.9225083521,706369.914354748,349592.06911671,491939.221892574,569894.129290477,572841.924767542,570802.307182927,591449.483853352,613373.892559588,624007.8743925,457569.820972741,458831.672927797,483310.17134297703,491589.761784225,419255.351317425,381940.079195239,369473.936852719,367390.249792091,1515415.04176387,1512196.7633365,1497784.17236956,1569120.03653869,1546584.51940531,1644896.05108535,1602684.18343406,1595964.91462469,1622446.01234484,1637901.17501609,1404468.30515931,1363680.95704472,1359511.90268194,1355213.20944565,1392776.23687686,1278519.45017393,1299622.02581049,1295747.43347932,1311463.40135845
20,123741.94011459,114428.69897743099,100275.129900889,91278.3334814154,58327.4175898513,54328.970395070304,64370.7977629314,46368.843630158095,45571.8291574053,39716.1125171427,78995.1910264158,178365.265565582,71475.26608054861,72360.5073999587,99690.77720996279,64401.7535288046,68619.4009627687,38006.0759753729,27342.5579626488,0.0,56822.198126599695,1204154.4296956002,967016.724516831,1019909.18161739,993696.9994903959,997120.7739446771,968692.753617515,936279.906571353,932771.353281202,938730.39628954,924874.9796092791,924393.5685558609,922654.3582587709,881283.117810223,884538.5449593241,828249.713823527,822562.706449115,833798.8455674341,833359.401372152,832190.0514694741,798441.539520479,802379.879192083,819887.269895822,858376.4736605041,834992.9157770771,379218.158333678,561470.248896589,601613.631731432,903827.74359043,760299.25583,671003.960926334,689414.160336548,707009.1071245479,722304.96179271,622702.682715745,462740.832679445,461091.686191516,453256.14230933203,449007.175168663,443903.278845625,436569.21389744297,408094.085150339,459622.338843546,475403.14662586706,542048.24054803,988836.732352713,995735.867889668,991131.224389493,1147702.32349266,1189403.2936004999,1193182.41381579,1287281.79233062,1284779.88102714,1284612.27401885,843521.56072719,868216.7785254391,939661.8108504509,647694.6541028221,815735.0326171679,1285064.94019176,1212800.19672307,1182808.75623171,1173843.18616738,1157700.37855609,1147990.4059887,1165949.51529494,982500.73826784,916953.458233838,1106091.52401807,1132401.19279212,846919.4471323191,862623.295928438,878703.6146767859,879706.4732374059,883459.592557342,765838.659347894,892456.613902485,715363.1116544079,702083.099888491,729192.012572563,368653.68862852704,513186.67014868,591244.757136781,595286.59163249,593193.436995585,614010.347757811,635852.411353613,646718.41909205,479455.75698375294,480880.48088080797,505583.297954965,513979.570570934,440888.09125627,402363.513301975,390189.441187117,388647.385271688,1529715.64158542,1526727.85416976,1511558.59579671,1582431.43502819,1561022.72773879,1660194.72508661,1617883.63254349,1611234.26898004,1638308.6094228001,1653837.50236541,1421084.3253462,1380074.29441993,1376033.22937824,1371195.36583815,1408902.47973734,1296278.84949708,1316626.68735375,1312789.12231606,1328365.33174131
21,152973.287791778,143736.125256044,129426.28532055301,124305.62162166901,114588.78095623,106441.741703194,111033.28528324599,88537.67639866911,86650.996391987,96387.0305369167,131506.728644785,232341.621255887,116545.785293954,109812.809209512,51464.6750361442,39631.3362137882,65729.79958639019,35930.142207554105,57325.712008648894,56822.198126599695,0.0,1234390.76141121,995899.68684228,1051740.80412401,1024425.00361626,1027832.85996233,994802.146018823,962256.169570333,959190.556306431,962711.502783549,948990.013538053,949655.703913404,946007.3177483641,903732.66117407,907173.3987305091,851268.033533719,844559.414382243,857781.041441195,857444.340175987,856532.83562019,822490.819099057,822679.806596474,841426.8865930671,882562.273650403,860667.3370997991,402181.01469450205,581109.033252759,620887.110643047,924970.539026705,776988.559096912,689615.863025496,708074.430001095,725431.897949645,740478.49298848,642033.5730681521,482483.427606545,480949.66735841,473561.442902433,469492.483375969,464521.503703496,456848.622920192,429987.237169125,476155.970702852,497660.610169477,562567.244118919,1009272.59774628,1019331.21227381,1015657.13793843,1176879.98487229,1227243.73871024,1230863.584999,1327680.80149341,1324907.5659454,1324564.7303336,873617.7679623541,898686.29508309,971802.539056819,672530.510251456,844703.3852577059,1323815.0363315002,1251308.38411835,1214107.34641238,1204796.87381579,1189460.73871247,1182993.95344703,1202461.56165997,1015076.14165802,948034.57043624,1140750.41537847,1169101.40216452,874121.1750591779,890052.1950619641,906229.7138351109,905728.184605683,909143.909656365,791607.2132579379,921096.928199018,738330.6661139941,723471.1060068691,750512.862106887,401219.28594776295,539833.080943164,617400.609187339,618137.801327109,616220.9742843129,636439.7402556239,658497.792551571,668579.135961266,504378.56502050103,505310.85190582206,529239.488883759,537241.928852989,466696.09748691,431576.49317529204,418710.299006629,415738.521077529,1570538.3536413,1567163.7485288,1553244.42955179,1624841.43675517,1601610.82355,1699275.12703098,1657146.9711876002,1650373.97288942,1676361.50418969,1691750.15493469,1457736.33429474,1417169.16534412,1412880.89114948,1409073.94450494,1446501.54104203,1330624.05288448,1352531.69827445,1348620.43880438,1364473.52394655
22,1285200.26305247,1279937.84103833,1272491.08068787,1261098.70250776,1185739.85980883,1207691.76249067,1223791.90436405,1228769.56409478,1230083.18803121,1180367.48772542,1136148.77535963,1069404.91970993,1133655.30890962,1132099.44283129,1284993.24364886,1264306.6305177,1272660.01322384,1199823.36837497,1184588.28639516,1204154.4296956002,1234390.76141121,0.0,239802.648633358,187275.707752792,210565.425237122,207134.892308827,254442.7645446,285440.718584782,285642.13731663197,300320.814503101,311135.36144201,301834.51905477303,320250.997532033,364247.666421643,359750.54118057,406375.294336787,419262.533346779,394497.468796377,394214.48573922797,393612.282117405,426965.84903615294,450654.166811421,425280.147222229,370444.88164519705,383109.01384621795,835109.50731902,670955.992469525,635713.973282112,358658.32248776796,516879.610667527,577168.430851212,560686.974926109,547060.496033345,535808.899754629,616187.748643851,763173.4093252459,764350.031977529,770350.880305528,773845.077574998,778321.75282227,786353.80012992,809370.0457679321,777895.527410494,743169.09071833,685407.684610222,305618.993142911,257485.253771213,250145.935260679,62588.323920965704,202318.17734862698,197942.89011117103,300812.862437491,291709.193721911,286436.826411533,360815.90626015206,335949.27714898397,267100.902422936,567755.312255826,390047.75945431,251700.21618745397,223589.706836142,33870.8188709757,34915.547208553,59471.75796134269,132876.84305750902,166923.297820215,227107.424614418,287462.886521163,146209.963533982,179580.110849217,364366.24464384204,348070.691923971,331918.379625122,338471.966840772,336964.519927543,449339.227922263,314464.091236008,510997.134333166,532108.796086593,507755.63275805,835513.806267798,695540.03598187,619265.04338745,625665.901223486,627014.918151738,609445.320182608,587742.3073231389,581051.335497923,732408.7659644621,732127.0907401891,709906.091892106,702843.567321808,768785.3835220891,802908.6397035071,815688.460938469,818809.601538722,465358.879357201,453656.163555714,473464.63495335,547021.176767178,484779.208023244,538722.097209076,504621.73891333205,496399.65026409103,501059.45573250396,512955.36328223295,286884.343317915,264647.914739635,256183.936278135,276723.56650755,297280.897658419,145219.197362854,193672.716505793,189497.331607091,206063.10688727
23,1051803.49783336,1046178.38954338,1038170.96262118,1026710.9180527,950789.315736546,972646.689078391,989030.19584531,993057.580625567,994295.970621844,944420.6745044709,900622.254237044,838205.193597669,896983.612515385,894778.564279653,1046291.13339793,1026452.07217463,1035614.45159625,961578.493349693,946858.053983253,967016.724516831,995899.68684228,239802.648633358,0.0,82202.8548854971,46809.0748485675,48696.2756780535,54536.490089087994,64742.2464695961,59406.7751758117,98709.8267773244,100991.69587348301,82287.0311791144,114712.19831513199,148108.865062601,143626.741103877,176410.71423411698,191918.61624454,162018.964591807,161354.43923986802,159824.267039587,191227.004037298,225468.139144823,199043.35038284198,140515.667293441,145926.271792541,595667.808969028,431890.02672819,397555.338320588,158205.658179563,294241.712334448,342228.177816142,326819.717022281,314839.191688731,305369.411596106,378562.717576736,523401.17316613795,524569.473154309,530550.066220063,534042.4476737521,538521.44729622,546552.737526663,569706.389352198,538439.7991228821,503385.59852585796,445900.975867668,163806.288626805,107156.133367104,88634.0279083861,180994.349931765,310240.179269201,310446.405998958,436078.401305955,428916.277495589,425532.231599061,125037.136345056,102638.374549626,70445.02219623889,327984.68856473,151303.064557754,404836.402757237,340779.422108896,223692.74321025398,212961.557858575,202536.27531804898,230525.46836882,268795.12017937104,78142.84489668481,65443.100915997806,191346.265205682,246040.898260922,124928.586024291,108624.73687356699,92644.10264115801,103720.39292145801,104182.008589151,210008.01393558603,74851.6243279153,273127.31545457896,295497.75964575197,272632.062932396,598843.347020271,456368.67065313796,379678.997283776,386022.985838938,387329.93253433896,370047.662826772,348496.789463576,342369.735820861,492923.183281858,492549.37823419704,470163.042708034,463059.018906864,529633.752951246,564918.09586423,577466.315607782,580161.187810589,656521.623683755,647756.476883206,654258.92661223,731267.380308568,681803.750093885,754898.139079442,716811.101046892,708922.2639283041,722013.289820433,735467.423229989,499043.726808951,465857.786445138,459059.62627370603,467945.663649905,498987.431828363,356877.42962306796,392608.145686663,388186.993261251,405890.02475865604
24,1098812.07949919,1093675.47373994,1086447.52510016,1075089.9496263,1000037.94646196,1022020.50685623,1037972.25098703,1043447.88538425,1044805.87655072,995230.9340657891,950795.7037902209,882567.575670012,949083.083277945,948104.459159775,1102650.37453335,1080750.29550091,1088270.30015106,1016839.66313485,1000967.94033758,1019909.18161739,1051740.80412401,187275.707752792,82202.8548854971,0.0,35741.8875501966,33530.8574531442,129459.74061653699,146575.148760259,141596.489210376,178511.49655669302,182385.441300974,164337.474263568,195808.400353211,230306.77484497198,225828.555049877,256157.94940023398,272289.226119575,240943.029269735,240095.212742898,238070.517762391,267370.68083687,306019.00573830603,279622.205035624,220916.85133724398,221683.10719011602,655474.855827568,500258.63336054,468139.139485389,239528.21331797,374804.592569319,417044.28638481203,402601.45150595705,391781.15966427897,383319.794104341,450146.79653331,587799.603175556,588825.607943153,594212.2591593029,597434.11465918,601654.015883436,609698.713309783,630911.0302927879,604908.740984818,566179.447823136,512626.646981115,232109.023014342,171418.553805766,153884.846103245,140197.428381429,228077.475541076,228359.714716464,353889.317149084,346758.316790305,343411.978341131,180584.672430379,154848.747376972,80380.2925457182,393727.26434788294,212932.44258467198,323339.337740332,258608.07061121,163149.918167628,154888.740366053,137797.31168614302,150058.704881816,186948.714255608,40389.5136285637,104520.449266815,109619.46626216301,163862.200697586,196983.92552134898,181345.2661561,166769.44092885,182912.33112928897,184372.556046212,280073.59087430104,144103.427869305,345432.490136252,369180.69114113203,348028.04362195,651413.1276383221,515594.687237097,441338.960826243,452421.52911356604,453422.81826841104,437783.547772016,416969.662206203,412398.38813198,553347.27867323,553491.793108577,532530.93982523,526078.553067602,588459.737170773,620304.331856353,633373.529671105,637191.378025991,576353.303272417,567981.809608766,573118.4102376989,650173.6275600829,602257.665925748,678705.754390748,639811.605628663,632039.079892797,647387.36550663,661299.462721771,423798.517600385,388759.013874334,382379.16409011796,389209.434560314,421534.405004463,284765.094155595,316531.37805863,312181.388125802,329653.520595158
25,1074906.84025979,1069577.46489487,1062043.05747543,1050640.31429264,975213.4151704999,997159.3379842159,1013286.14947621,1018205.58594139,1019518.19995384,969802.7334216321,925587.157734665,859564.108715071,923136.429376399,921690.730574908,1075159.14749779,1054030.16530052,1062179.10823388,989727.6047598241,974283.9662384359,993696.9994903959,1024425.00361626,210565.425237122,46809.0748485675,35741.8875501966,0.0,3433.17599772195,96998.5340263292,111497.897090995,106179.581139187,144549.335736089,147611.55718200302,129095.594405054,161219.191142044,194761.10455696698,190303.604018657,220612.53829295,236653.63494356,205532.45603045,204718.548108468,202788.83213857102,232606.643769723,270367.424346234,243960.066996868,185255.486366068,186910.11072565897,626447.5228290929,468107.060106135,435237.70044709,204833.348582337,339164.53352519,382812.94986523205,368087.64086378703,356948.719270361,348227.842717052,416912.83571797103,557080.862129847,558157.267269384,563756.079114203,567075.701392257,571390.572045226,579438.317968005,601358.572233125,573491.984334923,535997.504249271,481034.708623346,203337.114577329,143603.892391423,125357.14049209199,157126.067707656,263746.417692394,264072.79772095603,389514.37083823205,382424.384535912,379104.429014868,151035.83398199,125752.737349534,60808.979369105495,362279.206476017,181957.86743785898,359053.328281796,294265.406171686,189895.133092827,180375.90260901398,166236.194589094,185473.01337143,222689.951896318,40463.7630381491,76923.768712946,145342.683938635,199337.401682415,162992.606084476,147096.617879299,132113.535466434,147381.323947444,148711.896225371,246984.550263526,110248.54819250699,311843.100631587,335225.569244261,313568.82327947,625043.5126177421,486604.322353147,411363.474664439,420860.60510482296,421965.055058925,405760.781733545,384676.87754375796,379604.600892936,523985.52570283297,523946.45352901,502457.14257151604,495769.34882440104,559714.172177874,592851.233540185,605744.30901828,609154.553473937,611797.913524741,603318.677384536,608785.133312066,685834.197735618,637533.365937039,712912.685511443,674286.4376979,666472.888896919,681032.932591201,694783.542236799,457575.564290913,423187.112367995,416654.706821238,424195.565244124,456101.32046366896,317175.808674643,350537.557330163,346156.82813472603,363730.606604136
26,1078339.54381498,1073010.49232452,1065476.22362414,1054073.46267986,978646.054003355,1000591.86661421,1016719.04606544,1021636.68406253,1022949.07379096,973232.934841064,929018.553608788,862992.374722151,926562.9899418509,925112.510982287,1078563.44672322,1057447.49972971,1065603.92516576,993139.182956447,977702.1035111541,997120.7739446771,1027832.85996233,207134.892308827,48696.2756780535,33530.8574531442,3433.17599772195,0.0,97850.5025042231,113229.05064346199,108102.309881767,145869.23642809,149219.877987986,130916.811216563,162759.768017356,196784.154582282,192310.27156487698,223203.625177843,239174.86037234898,208200.101994258,207402.105151672,205512.72895239698,235482.07085068,272870.673872865,246454.781488782,187757.94263064602,189792.66855422198,629816.426273754,471315.308794466,438379.390983882,206423.90885031,341674.438569481,385781.032371939,371003.605559344,359793.7853007,351001.276583147,420019.467705106,560380.190830234,561459.22801386,567068.68122221,570392.973004246,574712.227220822,582759.910791404,604709.531890341,576749.684417041,539323.879801375,484283.940831134,203542.786636977,143587.738062864,125434.866844949,153727.45676663,261607.58232886,261874.931056037,387418.942305392,380288.32138546795,376936.34248005704,154419.142328718,129155.17615643599,63999.8554639329,365544.399376983,185274.064895432,356660.55867218797,292138.835792531,186514.27911983,176971.790865513,162913.052500442,182887.493011844,220382.92201555698,41840.1839065052,80356.8297773184,142986.159179241,197344.62693375399,166034.159540018,150101.091552998,135042.776589297,149995.885809264,151222.069753964,250123.915372121,113336.85625410001,314914.24306720396,338242.529167909,316500.272730064,628467.4298964461,489977.53287050704,414703.422444217,424114.76457701705,425226.00196817203,408982.43815604295,387878.097686028,382760.544830939,527345.310975819,527299.5355375761,505789.369521441,499091.096488427,563093.034114962,596259.962256023,609149.528863486,612551.029898435,609194.96200192,600669.4125377029,606326.990380798,683368.914865226,634860.110529625,709982.533861741,671405.524787905,663584.324145157,678019.487862905,691748.8691060629,454588.448190052,420306.993702137,413747.538193651,421439.607864981,453246.32800312,314048.284780554,347591.824486312,343206.852171127,360794.670757052
27,1058225.08230185,1052215.6241639,1043586.90739982,1032076.49887677,955677.5613343491,977352.8032417509,994045.0739295841,996830.313582763,997962.080179001,947999.008287075,904913.129106129,847547.864566188,899617.6118827809,896332.259672489,1044560.03194161,1026676.75862262,1037282.25331264,961129.468420687,947511.5274329371,968692.753617515,994802.146018823,254442.7645446,54536.490089087994,129459.74061653699,96998.5340263292,97850.5025042231,0.0,32589.3482953988,36262.3807961362,50753.933142693204,58371.8977204557,47503.8301114422,69949.9904451329,111289.292292897,106696.759903666,152174.89045004098,164820.924468474,141185.728787875,141083.758244497,140999.45414400302,175076.385636375,196482.781879119,170895.947347577,116625.770761759,134197.102357251,592772.49541858,421097.64715120796,384333.240752465,113017.70652178199,263632.952770542,323498.979860894,306689.052949989,292744.903155838,281368.771661289,364237.077247084,516266.59460564604,517583.296339255,524166.496105904,527922.807727216,532641.892713076,540580.741260338,565595.899245583,528763.028264776,498246.119547934,436958.007776925,109363.548064848,55138.886253224504,37624.4197614746,192178.126147291,353801.090906311,353422.428158866,479509.504858881,471947.568657101,468234.001257585,143668.748834458,128114.41014878699,122156.506931906,322424.83391086303,160178.670305455,445013.514027292,384285.374960316,245043.25216366,233142.536903335,228198.101775072,270154.33294506,311006.07528259,132252.368360819,108391.974149129,234178.35536182398,291327.791547946,122900.414760639,108219.064032869,93125.8484172525,89077.4776620159,85837.1245402253,203194.933553515,88925.34337890471,260193.233580812,279706.867434248,254515.566592088,602808.948076021,455582.29268274,377629.09977041295,378418.27484325,380071.932764455,361080.095451834,339019.461899189,330935.108952871,490426.705478405,489516.46402392705,465889.145814199,458165.79312115296,528350.790828913,566613.0656190211,578552.252150045,580149.096231313,692597.312285927,683078.435071419,692591.394061324,769315.356596585,716597.059771452,784191.818215203,747370.03844347,739338.936277495,749339.953223271,762167.1752467729,528304.5000760179,497775.48107110296,490464.168585375,502247.707297705,531176.244940351,384141.46559259295,423847.453941761,419386.961653439,437190.090788785
28,1026222.34518809,1020170.48080167,1011476.44085436,999962.634124767,923528.1293723991,945181.6891183341,961901.6706084041,964570.5953732791,965693.072762153,915729.833916172,872715.125949331,815990.120231725,867279.9899747691,863920.076281571,1011994.71002984,994179.878745927,1004862.09407322,928608.3496028,915041.869908173,936279.906571353,962256.169570333,285440.718584782,64742.2464695961,146575.148760259,111497.897090995,113229.05064346199,32589.3482953988,0.0,8921.18858122967,37027.0095189288,36440.3529831084,18028.804502088,50354.9090327679,84762.9711857974,80184.4992971656,120988.69827683401,134507.465851075,109242.473368871,109054.068737098,108778.540849333,142733.272848569,166993.030649769,140960.12385636198,85006.4302025949,101618.546797133,560205.923599532,388659.21550697,352058.03774502705,93540.4841384927,235022.75352642,291852.480384966,275258.172316332,261679.874766134,250721.3544257,332052.449439607,483699.04182153795,485012.61847638706,491585.713761983,495338.878330878,500055.782498841,507995.899498002,533011.052738208,496296.846351759,465656.994892523,404431.670088943,114989.15351426699,73856.0181715818,60817.5997217067,223484.14935114802,374211.528060865,374237.779071837,500104.85067158,492821.034001268,489332.621910094,117727.83072133099,106073.981096447,120046.73153087801,289847.154126371,130450.76347041699,467697.20617147896,404763.19167822704,274581.740003323,262911.609498743,256471.570514913,292871.433002892,332270.224455797,140547.932836267,98850.2281897927,254873.10379749,310394.523948331,91462.5987421642,77561.54496652429,63504.4006240658,56578.185239931394,53250.9512434968,170655.709552071,65190.8893602208,227772.012397305,247576.26755541,222637.02237608802,570667.949853659,423131.940516873,345148.565127341,345840.268560714,347489.042127976,328531.079845068,306479.400515771,298484.46499194,457886.92147011,456960.154007676,433309.38703467,425579.366586051,495850.517351091,534284.067837656,546174.01465245,547700.601747388,717647.123305187,708484.59604179,716476.001494289,793383.234879764,742264.339554319,812106.4660653421,774808.872535463,766827.2421726891,777901.3167906629,790932.1162153421,556073.7184864971,524521.681970214,517404.23901954,527996.660193662,557845.5780781329,412396.35248665704,450769.762355911,446317.93370541703,464107.432207159
29,1022009.48629116,1016013.9186165001,1007411.50599692,995902.756579525,919522.1010830641,941208.833229212,957886.028337097,960744.838043188,961883.914168946,911921.8049457441,868786.1618222421,811287.537371224,863604.4170586871,860411.69417512,1009040.3773714,990911.732167399,1001370.28293525,925432.0603058491,911688.200433452,932771.353281202,959190.556306431,285642.13731663197,59406.7751758117,141596.489210376,106179.581139187,108102.309881767,36262.3807961362,8921.18858122967,0.0,45480.1484193236,43420.0688687323,23242.780137995,57423.9925760871,88786.5614020207,84278.2058919132,121572.322050005,135825.008251295,108933.065271294,108605.017637192,107974.84483835,141529.72071618598,168791.293331949,142541.777507299,85337.49946943519,99068.493553394,557284.764764211,386964.17564896797,350769.976609627,99902.00143247259,237206.330395965,291555.723885295,275224.184029039,262034.058167111,251465.110202843,330948.767793389,481440.51228591,482729.521702256,489204.117178484,492914.947127201,497594.35541460296,505555.72508184705,530274.164667123,494488.743536556,463043.405655269,402421.67075219104,123909.680833957,81780.3195582285,67874.9886475567,224036.925937243,369573.158459944,369719.585669454,495434.33472215896,488237.309846168,484818.898793581,110163.324409711,97683.50853580699,111786.67743190801,287072.867346878,124382.566041596,463701.081477743,400118.51816409704,273766.147862572,262256.050314082,254978.232628229,289052.510749383,327932.46515973896,133694.016928992,90054.3245416436,250483.82203716302,305446.210048562,86639.65541620139,72035.1082979192,57241.1065802342,53770.788496429006,51460.4922831464,167693.89509781802,56908.979926098,226221.359163589,246631.73048513397,222113.51117791398,566656.453319485,419750.423408941,341871.709238066,343524.50701853196,345114.23372256104,326434.07098709897,304440.221386938,296792.844781327,454822.970011322,453984.59563830297,430519.815478836,422887.21955135604,492619.45172738796,530603.095820228,542598.392497323,544301.858102975,714412.3472475809,705393.900645338,712802.6460599309,789759.594555014,739272.2602212841,810125.9560079171,772599.15954961,764643.0593195941,776268.513756267,789410.2914151091,554084.4821091921,522061.44010997703,515035.084972371,525105.203916651,555337.265021713,410725.814420984,448426.461964554,443981.220482542,461754.27274643205
30,1031806.06362798,1025498.50552519,1016388.97513069,1004861.27184078,928247.601720132,949728.7318322309,966629.6774981859,968428.5767605341,969474.547176246,919553.0729308521,877133.8941852759,824067.220492335,870553.686822076,866444.7313730691,1011916.9867902,995503.909421005,1007176.26749613,929584.7014150091,916820.104506599,938730.39628954,962711.502783549,300320.814503101,98709.8267773244,178511.49655669302,144549.335736089,145869.23642809,50753.933142693204,37027.0095189288,45480.1484193236,0.0,14008.8283846878,27222.0219679131,19980.0705318051,64235.653775043094,59860.5695378431,112239.176141368,122009.46427926699,104974.61457225199,105378.23078118,106588.776920361,140320.326207042,151368.435926648,127094.752785674,80364.8496666157,107116.499185933,560656.444671051,384519.11631766,346440.009223255,62265.9844209161,216590.06764885102,282640.581081703,265147.392332454,250152.45387941698,237762.798633745,325812.210842981,481521.388533502,482935.392684306,489907.63479288295,493829.744738716,498691.92848016,506514.041075498,532734.627146645,492160.788252268,465075.215563645,401538.23788211396,81660.2298979738,57297.79063863809,53691.5723462149,237736.29889779698,404268.80728922295,403967.131867753,530047.884266141,522531.904562824,518852.148714561,143696.189450415,136605.131799687,157071.959318374,291059.407120163,149171.876328448,495764.660849965,434777.53007691295,293202.425610131,281074.829252572,277544.187278,320893.748898473,361609.11853304,176152.62191979898,135329.377503603,284634.14082398696,341423.230494164,106853.629776669,96788.1205480558,86741.577624771,68664.7559201028,62477.1444101895,174671.797195018,96236.7005707478,224570.78839528802,241544.448325352,215246.541139847,575959.956983158,426095.007939951,348092.209222383,344606.608263571,346496.845653626,326492.733981872,304381.200057384,294989.980450795,459299.053240936,457988.43328483705,433626.61520010396,425508.861913851,497858.78496852604,538177.311243283,549560.729374532,550293.200183131,743081.3787751129,733468.000864998,743282.0004196321,819978.481684738,766899.742912882,833304.8058332921,796824.115228827,788763.399671609,797924.864493095,810552.686308855,577627.53870006,547706.649579247,540302.944094929,552573.446142723,581129.191691747,433226.90708846104,473733.891346559,469272.05487636797,487070.472486352
31,1017826.14785266,1011525.13319713,1002427.66131541,990900.161391716,914290.523153897,935778.0440837741,952673.24974135,954504.9321012179,955554.185995476,905629.3728343521,863185.702507561,810058.963625571,856652.7741302779,852581.96950921,998240.508352313,981721.05406707,993331.347470595,915822.891722346,903003.81095015,924874.9796092791,948990.013538053,311135.36144201,100991.69587348301,182385.441300974,147611.55718200302,149219.877987986,58371.8977204557,36440.3529831084,43420.0688687323,14008.8283846878,0.0,20924.421440397,14004.158716283899,53221.2085387847,48676.802250118795,99007.3331376907,109479.992557253,91209.67124643881,91570.62461156551,92693.2455852246,126526.71932761301,139698.42875544901,114885.166868978,66501.8031338987,93173.2736484495,546899.8925977229,371147.001718455,333230.025274764,57224.1872222504,205897.135316967,269917.525204661,252561.178581274,237813.56857903302,225700.944935095,312671.77692831896,467973.018036143,469377.59189812,476313.64011910104,480221.106685155,485071.237881344,492905.78984396,519028.718924185,478827.857575646,451379.961798135,388036.495381285,91999.35087633491,71296.2295365828,66932.7169795352,248606.47136189198,409459.83761658706,409344.28359610296,535340.882123336,527955.591866065,524382.229498244,132732.879212247,127440.714410571,154561.46836714802,277187.28963552,136427.17093875,502054.003910596,440003.99409104604,302979.90295014,290970.643989979,286524.190821392,327118.756216277,367181.954643733,176914.957584852,130784.94521333401,289925.163887325,346007.805891278,93874.55938620481,84659.2563009277,75832.7927542411,55836.868397278304,49389.734327771905,160665.430862932,87939.98057290139,210980.860371201,228295.146352626,202144.73428201102,561974.9310678489,412172.708382144,334156.473033235,330926.11191047303,332797.324005535,312873.704929947,290755.121367415,281494.206417201,445462.104453911,444175.023243049,419855.749362354,411764.07490772294,483993.8789903,524230.996494438,535635.173549921,536404.1828520971,750646.27359951,741221.945902225,750234.46882028,827039.186324288,774803.262720735,842504.822138823,805733.290248198,797699.3361177959,807508.890029607,820267.350093736,586648.381495452,556128.036382189,548828.78636263,560452.080415878,589524.0309662661,442431.109365442,482208.50171095296,477748.298940921,495551.480266252
32,1015557.33553981,1009402.50353697,1000542.67347942,989021.559856945,912503.358114134,934093.4992831809,950887.202924008,953219.3264020729,954312.692401787,904356.3575489679,861562.8352915441,806314.274045762,855687.697257972,852046.896447457,999216.645520775,981892.9604676641,992937.0858029621,916185.9499922091,902905.176324454,924393.5685558609,949655.703913404,301834.51905477303,82287.0311791144,164337.474263568,129095.594405054,130916.811216563,47503.8301114422,18028.804502088,23242.780137995,27222.0219679131,20924.421440397,0.0,34759.4237835138,66736.3107524783,62156.305920542596,104671.48265497599,117528.441855874,93928.1746730299,93903.9064600608,94062.5975907687,128275.056246592,149633.069564392,123779.644982008,69222.2907184823,89521.820357016,547486.990556671,374326.05014497397,337253.238535472,76677.8292459998,217407.301908972,276019.12401529,259185.96169022302,245269.420546033,233999.146149306,317048.80747233104,470053.263628594,471400.15604076796,478107.48957633896,481918.53490851104,486686.330550981,494592.203193613,520026.61994267,482045.55099863705,452526.742391099,390497.24587358796,108845.50476879199,77225.2418137196,67836.5172786364,239641.515740868,392112.839606784,392169.62968241103,518001.216397029,510740.40181326,507268.890187518,117250.47177201901,109408.40597219,133664.575198865,277136.07239646197,125201.84455954301,485713.585279182,422663.958352102,291710.358790798,279946.288365242,273977.01910117303,310896.488894408,350238.176550273,156895.73733630098,109976.73285719,272826.70752277103,328192.341358924,83925.6281944608,72086.11410594679,60564.1736521646,46379.3033192415,41439.7320398522,158599.69954313402,69022.3754181348,213459.09008511898,232489.816261929,207126.26587015,559761.737338373,411230.06860143103,333154.78360147803,332377.992001443,334108.934767518,314783.35366326396,292679.53340345103,284234.34975511197,445445.71892452,444381.44347844896,420462.540540056,412592.155380046,483651.138736706,522812.625949874,534516.141129343,535746.21061793,735646.019314825,726463.330070063,734504.5761521821,811410.820463374,760225.813917982,829762.402510402,792555.1504004041,784564.431141473,795401.6620599859,808376.3505270091,573745.6585886179,542360.953781137,535215.820204051,545943.3434752821,575697.37048029,429945.399911928,468577.57609647,464123.986135967,481917.391964185
33,1016772.27912137,1010374.73996621,1001120.35653017,989591.42625596,912941.3357824209,934354.146842283,951312.537759173,952809.885223742,953829.4948981991,903939.735525326,861742.57654482,810062.8083130709,854773.71885215,850419.083903503,995042.2005913359,979054.2334198059,991035.037429496,913047.9766257,900536.638401675,922654.3582587709,946007.3177483641,320250.997532033,114712.19831513199,195808.400353211,161219.191142044,162759.768017356,69949.9904451329,50354.9090327679,57423.9925760871,19980.0705318051,14004.158716283899,34759.4237835138,0.0,44727.0480757034,40500.1614166483,94784.0542952122,103381.622800067,89233.56397526189,89848.58553089999,91597.05163684051,124470.28005393801,131924.250360042,108112.220859914,65513.260882382405,95407.23794191699,544153.959750713,366906.368537641,328508.952065907,43742.6612934294,196709.798745223,263999.207998781,246356.23190419102,231119.037417027,218504.371738669,307764.440075443,464320.61412562104,465761.389580116,472839.75588545704,476806.326298785,481705.478644309,489485.615692898,516035.95579289,474424.007136943,448357.99133352,384237.88852945896,84019.7381462308,73368.7348874155,72491.8103977432,257663.751244708,422506.48224492796,422318.209048926,548359.723792146,540922.035086081,537305.076204343,142025.13404868598,138530.981486261,168415.156885586,275293.15732163197,142851.435606188,514636.036379564,453040.46663269994,313168.488487519,301047.919986536,297395.38267611,339710.32522317104,380070.48172379704,190881.07062263897,144232.106646456,302912.596623007,359262.29650953104,100108.147564945,92713.8993912118,85685.9748867414,63131.3057644616,56281.9663626761,160757.819015226,99891.1266588799,207677.14775189103,223771.89195955603,197228.542692427,561078.602789497,410584.811065098,332745.95438635,327894.83910860604,329854.56205987,309581.934816519,287511.034547068,277739.057047939,443214.88202665397,441781.887553801,417229.344648649,409002.83004390897,481919.761219795,522834.026188279,534028.695228974,534490.367867583,762541.2399745671,752997.5387995141,762487.1890622459,839233.949228806,786482.4743765959,853215.920943768,816682.596787192,808627.120558913,817883.222867614,830521.378840445,597503.532105612,567441.974687629,560066.029998829,572140.076314262,600858.461835194,453130.50052596704,493480.258382257,489018.62079787796,506819.2599087
34,976974.8313172159,970436.4752081991,960956.671167363,949429.6884053929,872750.4785982029,894047.75254319,911089.978896584,912118.543200619,913097.398693125,863273.672027022,821439.1764058679,772071.1199718129,813870.7204093109,809146.552577884,952526.429609883,937127.3975156579,949549.169212805,871014.084530155,858868.158706423,881283.117810223,903732.66117407,364247.666421643,148108.865062601,230306.77484497198,194761.10455696698,196784.154582282,111289.292292897,84762.9711857974,88786.5614020207,64235.653775043094,53221.2085387847,66736.3107524783,44727.0480757034,0.0,4609.10589671936,53608.1909437608,59442.2255916581,53287.9897084583,54471.5629152064,57630.0197796625,86148.6426979044,87202.5861519796,63649.9589124649,36779.4637803745,70352.27991298049,502332.44586436,323670.451499072,284901.018742571,31341.2810541487,152689.663453432,219658.750305191,201894.78270972,186493.01146785103,173788.497297326,264033.072034761,421557.873290735,423034.518927768,430255.36508725706,434281.438971348,439229.049027695,446943.90706928604,473947.047200742,430955.58702865796,406303.806802644,341409.659538941,112504.46230845699,116940.549384906,117203.21014523301,301690.773816514,458340.408188644,458504.16742513,584186.828324444,577010.9672388979,573602.205333089,136809.960434179,141565.930767425,190046.1048197,235201.032086126,126815.118944306,552364.922239652,488882.655662124,356168.54138212,344177.139481815,339461.95689943,377594.83249103295,416708.52021815,219372.61389393,161743.471434273,339263.670119148,394097.983783006,87313.644460346,87499.2235778976,88509.80395958721,61841.7432616719,56152.6311945404,125836.755130779,110331.84206835699,165940.524311592,180548.338512819,153728.091330707,521830.58351754706,370516.054665111,293170.27723261603,286031.852483902,288097.340601588,267447.112169037,245494.573406219,235154.16730683,402145.21132120705,400519.893948828,375702.316831191,367318.39378363,441029.96028267796,482861.77860574896,493732.86659044103,493757.438299531,802334.53274642,793102.96509021,801236.186452745,878146.064028584,826820.0776045109,895453.22381739,858525.240231388,850507.938252237,860616.6587537309,873413.727841781,639528.004705383,608630.852023421,601408.750139612,612505.573019741,641998.558730227,495422.89965042,534771.483886383,530313.901655323,548114.717337839
35,979941.768092411,973428.093036167,963988.2523799171,952460.5704794871,875784.059532726,897102.9947991341,914130.6034000979,915245.120905458,916231.59998575,866393.982700775,824491.2162318709,774723.623703331,817033.780357273,812380.448770747,956020.549236171,940495.783979135,952828.9183786741,874403.149822913,862182.005689343,884538.5449593241,907173.3987305091,359750.54118057,143626.741103877,225828.555049877,190303.604018657,192310.27156487698,106696.759903666,80184.4992971656,84278.2058919132,59860.5695378431,48676.802250118795,62156.305920542596,40500.1614166483,4609.10589671936,0.0,56483.035489942304,63205.1589582516,54934.4428450925,56014.9701574988,58932.907369883396,88521.8508115677,91514.9905570802,67664.4810972851,36609.0535724936,70319.11278691799,505661.305297585,327309.418658901,288637.930594427,31668.039336398302,157220.963175151,223639.903413765,205930.640088469,190626.134792892,178017.6418348,267804.182885712,425088.513083591,426556.827270208,433745.155484575,437757.941198816,442694.95278775203,450425.24741367204,477330.316692838,434664.585649029,409673.335630961,344948.250158605,110507.74632794,113083.962622212,112990.788053156,297200.122914388,453846.302045996,453997.335622315,579699.539434244,572513.519775161,569096.992434804,134937.90763220802,138953.50250052699,186183.967688379,238133.14000908,126059.10605739099,547812.1228244579,484390.131702891,351597.687376855,339612.91910282697,334862.877566746,373030.791980897,412183.58884990896,215152.857079462,158093.747716981,334741.697760066,389636.75139791,85894.7716318938,85282.4284757954,85579.4099464879,58875.5695081657,52959.00947520231,127712.25358841801,106981.977756538,169175.749766688,184157.27816159,157406.922643806,524674.275892991,373485.028605919,296028.160067602,289341.25036784104,291384.389422205,270812.18971283897,248827.408413579,238615.595869544,405311.19422119705,403723.97829760204,378956.850594436,370604.42005772,444165.761982014,485830.185814205,496762.01841202297,496868.84727175604,797737.5169253009,788501.377221892,796660.336059368,873566.99322403,822215.854151662,890853.0473269409,853919.346201985,845902.4815020821,856029.378024188,868832.096869669,634925.124601629,604021.769451094,596799.976215365,607900.233658768,637389.453044837,490826.045258551,530162.6546300871,525705.091380681,543505.879405546
36,923459.392788366,916945.219545737,907510.9098624509,895983.0851846059,819307.400877915,840632.915770313,857655.7409477241,858813.968144058,859806.209928327,809958.751241115,768020.282855216,718488.088505116,760634.504987018,756062.913067351,900266.989605944,884411.8300541029,896576.0456976871,818369.084408035,805990.940973182,828249.713823527,851268.033533719,406375.294336787,176410.71423411698,256157.94940023398,220612.53829295,223203.625177843,152174.89045004098,120988.69827683401,121572.322050005,112239.176141368,99007.3331376907,104671.48265497599,94784.0542952122,53608.1909437608,56483.035489942304,0.0,17471.4014631985,16777.2584315725,18223.797189305602,22014.3821930965,33582.6023246375,50586.503146321505,25256.0177000617,36257.9114046977,44266.1745638168,449523.99227636796,272300.98441721103,234231.00153785103,80964.4952957993,118909.358725185,171478.943283737,154525.391920819,140695.259104431,129892.90087684199,213665.914228927,369546.20639354,370983.387940197,378055.705012189,382023.46482929797,386925.16855105,394702.376395475,421320.826583851,379924.200797555,353644.692269605,289480.491331112,165565.098211671,168151.741987549,165866.753081975,344275.996725248,482572.328486135,483325.913594615,607581.270069739,600892.449527526,597861.404456889,120829.875563489,134984.970338479,201020.532690176,181652.98997140198,98540.6593398593,579275.511345075,512890.828418111,395308.272043395,383742.294495285,376452.33920459205,406081.711979303,442661.589191169,237429.977407408,169993.023927707,365638.725757038,417328.46223911,72601.8387996829,82639.8482695842,92875.7706723133,73245.6295878414,72228.7064992442,74813.44024658379,117634.73609819998,112977.36453040599,129311.60552409699,103164.67260522301,468235.672906581,317002.03943785,239578.425550826,233213.29523862398,235208.70323729102,214828.73806904,192776.46239553302,182963.159904133,348929.269092365,347387.93508434604,322699.33979248,314404.437318614,387751.821132063,429347.340095066,440285.94738043897,440433.370748931,832398.3767791559,823842.505891254,829194.0431465841,906259.255690805,857986.620919888,930982.077126381,893103.6836117479,885193.663193529,897534.590752226,910768.35090083,674998.4949889589,642225.253641405,635375.179485822,644293.89241191,675380.206894899,532030.036228872,568863.958266675,564433.7734520839,582163.543914874
37,919278.2826581029,912638.73500394,902999.9525582229,891477.202589052,814798.25588106,836007.887777318,853104.452354388,853812.8156478001,854764.739716775,804996.0372726009,763422.8587517859,715936.978321265,755450.082183533,750497.24517013,893259.069057079,878106.148208585,890754.31046673,811948.830735245,799986.509141852,822562.706449115,844559.414382243,419262.533346779,191918.61624454,272289.226119575,236653.63494356,239174.86037234898,164820.924468474,134507.465851075,135825.008251295,122009.46427926699,109479.992557253,117528.441855874,103381.622800067,59442.2255916581,63205.1589582516,17471.4014631985,0.0,34247.8372141073,35674.7187931235,39337.56685131,39782.2101603387,33761.6556255564,7787.64626147004,51436.065481894504,61449.1197572627,443452.16064322396,264255.667738135,225460.973131874,82101.1132170064,102515.370430661,160658.691960542,143141.34481488098,128357.846659797,116572.28789529199,204606.38164593198,362257.30896058,363746.55435770797,371020.977896591,375070.830733356,380037.97604959,387722.78988780704,414931.58775660396,371513.40315946896,347338.084317088,282106.24835412,167738.674783726,176288.848262228,175623.504038136,356949.070092812,499139.310756856,499826.26634597103,624287.167311518,617545.32694865,614472.499543852,137677.986579234,152349.79427386099,218314.72439793398,178236.70153473102,113974.96268082,595560.782205839,529496.9552919021,409086.472861126,397391.176851316,390763.831075039,422047.39739596896,459001.333434247,254346.047489935,187345.483744347,381861.658150186,433965.691759375,89966.2742515432,100098.015372347,110091.34663804699,89559.29820312241,87953.4847435765,80411.3419189876,134866.086965692,107746.947337003,121182.553089334,94301.3156687924,464842.10792345204,313062.08980193303,236422.63570185698,227299.409107671,229436.51237889103,208558.602254046,186726.246361382,176033.56404028102,343828.680646308,342065.791324477,317088.775051957,308607.410855749,382805.110550189,425309.898485222,435908.975118856,435600.51248423604,848297.221447322,839630.00405255,845405.2701087359,922462.194100109,873709.197674329,945868.0570801779,908187.833633685,900253.827154208,912093.203869189,925222.4202877941,689837.74437055,657445.726201614,650518.814877272,659853.604051505,690653.643673203,546550.342890635,583954.85014293,579517.0319515971,597269.263888267
38,927539.604995018,921147.2459382259,911911.201883713,900382.3454661891,823737.82418275,845165.544132065,862111.717829084,863698.52198423,864728.8443465659,814825.217077409,772556.659482412,721097.014820117,765733.10813012,761526.236796255,907049.1837846709,890530.5169890809,902229.9133511159,824619.513514483,811850.6261968779,833798.8455674341,857781.041441195,394497.468796377,162018.964591807,240943.029269735,205532.45603045,208200.101994258,141185.728787875,109242.473368871,108933.065271294,104974.61457225199,91209.67124643881,93928.1746730299,89233.56397526189,53287.9897084583,54934.4428450925,16777.2584315725,34247.8372141073,0.0,1726.4353575749499,6077.658076102541,35357.3167029465,67015.0843171023,42030.3228294153,24921.417746866002,28027.0043294502,455693.87292141205,280635.454418437,243345.627316974,83602.9887269585,134839.623128856,182673.585410088,166294.555033849,153338.49245685,143394.659442784,223120.75141398603,376968.707166765,378355.092184075,385227.694505845,389112.558580743,393945.452219151,401796.776508887,427825.10739113396,388370.684974347,360182.43788692704,297152.97963451897,165431.11845518698,161954.13401351802,157964.90189639598,332685.607463375,466804.760685171,467629.346443858,591653.063959631,585020.8424999911,582034.196406662,104769.34168464801,118310.319539872,184484.137881511,186200.846094944,84334.58584536299,563793.231285264,497077.556148363,382512.97554893896,371091.372586841,363111.94342870294,390972.984367542,427143.689412001,221333.46407304698,153388.698814392,350266.968961595,401495.719744895,55954.9364968568,65896.4181325934,76507.8400812027,58333.416298159806,58216.5758794837,72823.6208433694,101215.18580435199,119991.97383984801,138563.13402905,113395.638789016,471853.485167792,321411.341168112,243527.49910982698,239743.673737857,241600.394205348,221772.190207228,199647.425769567,190688.29888577,354350.630840642,353019.79945906706,328655.954642789,320554.902192936,392954.785312986,433627.399701946,444871.346135115,445448.813322262,817291.932905202,808850.979447571,813766.466597577,890835.7060195641,843058.765384395,916898.7967402859,878823.206848435,870938.33237503,883786.1061641241,897123.973740311,660997.622290125,627839.087571564,621069.404587248,629557.5024483621,660933.858435531,518393.635063343,554627.091119424,550205.904752781,567908.157203445
39,926948.1446046741,920568.041588234,911352.046874816,899823.292883015,823183.4290914191,844621.019278602,861559.1060318759,863189.4688407991,864223.677915873,814315.332933886,772014.1485035621,720367.51624828,765248.272232265,761079.464132793,906741.089270046,890150.48422833,901800.1610251941,824254.99381851,811444.50285836,833359.401372152,857444.340175987,394214.48573922797,161354.43923986802,240095.212742898,204718.548108468,207402.105151672,141083.758244497,109054.068737098,108605.017637192,105378.23078118,91570.62461156551,93903.9064600608,89848.58553089999,54471.5629152064,56014.9701574988,18223.797189305602,35674.7187931235,1726.4353575749499,0.0,4351.42740240696,34957.3658175487,68250.864512521,43447.5283972336,25134.838118945,26374.313196486,455335.104886049,280539.074481142,243349.355896886,84922.0286667005,135914.273884413,182957.137147983,166661.617042314,153833.348301283,144021.450022849,223170.82193876602,376754.610480017,378135.13087553205,384984.653211639,388859.89473665704,393684.676494629,401543.52026893,427504.636907585,388273.40211703704,359872.065367416,296977.517568401,166478.385466612,162430.184989114,158250.485932879,332449.657168764,465816.33531565295,466658.52686643205,590620.943900606,584003.7109053279,581028.5601243321,103115.79909690599,116787.146667001,183263.36647079,185719.874405018,82608.1925650996,562871.1651240521,496076.91079059604,382092.124916968,370693.89031597297,362604.736255492,390137.80410249,426216.62652596104,220266.159017228,152137.48473118,349376.32825450803,400492.399822572,54415.527741168604,64558.7614498507,75378.5012070557,57638.756481706,57715.8133625493,71848.5945985636,100055.816426155,119816.338214256,138626.604575878,113599.744386729,471231.574479484,320882.736954042,242967.483156802,239453.079858212,241294.282492386,221531.829149416,199406.466442273,190546.10780377,353921.74025674706,352613.17067280103,328286.864764482,320207.694525139,392499.035666137,433073.918156174,444347.827229894,444969.23680339,816448.4413825009,808031.246604872,812853.636334312,889923.151066548,842251.57193769,916249.588546893,878139.069620798,870258.8372709829,883195.301795762,896550.617536757,660366.5846390871,627139.276949878,620384.525493835,628791.132911598,660222.234519961,517829.155736042,553956.356863529,549536.92372616,567233.7081877689
40,925395.6169869329,919046.35530722,909880.807698952,898352.4770304629,821725.5292391999,843187.534533823,860105.042242312,861844.748503023,862888.70169312,812969.3641465891,770587.044760437,718472.2040646459,763966.179174091,759893.104795382,905900.713334971,889129.4947527329,900654.03601102,823274.1375485809,810359.298602952,832190.0514694741,856532.83562019,393612.282117405,159824.267039587,238070.517762391,202788.83213857102,205512.72895239698,140999.45414400302,108778.540849333,107974.84483835,106588.776920361,92693.2455852246,94062.5975907687,91597.05163684051,57630.0197796625,58932.907369883396,22014.3821930965,39337.56685131,6077.658076102541,4351.42740240696,0.0,34237.0921078222,71403.05552578981,47069.6002146841,26249.9315094178,22287.2430144071,454381.140339375,280264.04342379,243333.87768369602,88357.1809477365,138620.355649376,183663.988022977,167585.088904595,155083.52598394,145607.007800402,223277.045736362,376170.930033925,377536.54702947795,384327.305686946,388177.96831583296,392981.905867578,400859.05044346704,426648.922428903,387983.048681609,359047.404761574,296500.524574222,169228.704875275,163779.888135286,159128.65182873802,331972.707157363,463409.938503419,464297.341480622,588098.166286587,581519.610987025,578574.0635222939,98983.7688768891,113013.41040998099,180280.76415183302,184497.238169997,78257.0504075326,560631.600761841,493637.906133294,381141.199567805,369803.34060373704,361435.94547875295,388128.919962733,423969.78129977896,217677.171814347,149082.411733472,347228.143628484,398050.881988701,50628.8604538176,61327.3990063245,72699.3326187053,56161.015286467904,56745.437021930804,69453.120056203,97269.58783510051,119404.211016947,138802.663065484,114150.135736817,469614.616572281,319512.335196792,241529.742772358,238696.22090675103,240497.85593016102,220906.10296003,198785.736264868,190177.71806779102,352799.05354665295,351546.702774072,327317.631655233,319294.588597887,391305.26903009,431631.258315784,442979.86209136795,443711.81283039204,814404.396879721,806048.0172477129,810632.38261274,887701.555305028,840299.825035888,914699.404735451,876500.516468568,868632.2226656821,881794.151098332,895193.6182028509,658867.579078845,625465.958057108,618749.473124734,626947.937239899,658517.892114348,516504.52860841,552359.575566081,547944.7792054521,565626.971326077
41,892340.857526736,885923.873811626,876652.113388099,865123.170609368,788471.71535905,809884.320281659,826842.5131302959,828374.7215455971,829401.4428257709,779502.393145674,737273.07078681,686338.195220669,730390.4534962409,726169.430210275,871801.57700471,855195.3887039891,866873.078071486,789297.6933314471,776500.061069097,798441.539520479,822490.819099057,426965.84903615294,191227.004037298,267370.68083687,232606.643769723,235482.07085068,175076.385636375,142733.272848569,141529.72071618598,140320.326207042,126526.71932761301,128275.056246592,124470.28005393801,86148.6426979044,88521.8508115677,33582.6023246375,39782.2101603387,35357.3167029465,34957.3658175487,34237.0921078222,0.0,58038.455008640594,44322.434841981,60072.6367597744,45700.4294121917,420377.84343493,246072.615948096,209334.328046818,114460.493778955,117001.513813393,151042.622724833,135655.953854549,124413.718679427,116534.306809093,189424.30278406802,341945.523694893,343314.628224594,350123.594599797,353983.98988573,358797.17629371205,366666.32773280103,392559.26460575295,353780.207309054,324933.817602677,262263.467909583,198588.372393215,197307.43417457302,193186.88680025103,365545.113031748,490381.43147053797,491521.03705773,614265.972856777,607926.253257832,605158.561289922,111628.883559754,130947.585555469,204492.30884518602,150862.102053934,82481.7186611863,588423.692554199,520389.45320798,413793.58820582397,402598.32240420295,393550.052315044,417209.286158703,451852.907995165,244194.909023018,173105.292772376,375715.23648655205,424910.256609342,72021.42048571129,86521.4458111916,100601.46516221801,88581.281981596,90076.7314707859,41474.0915770165,123936.938654059,85184.8401016296,105144.732702176,81415.1140437101,436738.156596136,286116.577184148,208289.852284805,204535.787874698,206362.090467475,186688.045843225,164565.333758595,155960.088548835,318993.659486818,317668.475780281,293329.681294733,285252.281005067,357600.109412611,398366.045055332,409566.59494029294,410104.21657364204,843057.128549155,834990.536003248,838394.367190747,915436.778690997,869377.58872816,945410.9606683259,906887.0733561291,899066.156082268,913033.264633016,926576.398984318,689820.652729519,655788.028815059,649220.597458342,656579.299773134,688706.2637679221,548083.588368083,583001.470203835,578605.750020519,596226.102945613
42,901558.121712457,894709.203635296,884729.1902183141,873224.4947120559,796609.489077113,817601.002253362,834807.506185393,834752.070577619,835635.1350659941,786045.559617385,745137.597810223,701284.924530155,736176.4970745641,730588.0106454141,870861.65257782,856857.2521442671,870292.08058299,790565.412108092,779297.600320477,802379.879192083,822679.806596474,450654.166811421,225468.139144823,306019.00573830603,270367.424346234,272870.673872865,196482.781879119,166993.030649769,168791.293331949,151368.435926648,139698.42875544901,149633.069564392,131924.250360042,87202.5861519796,91514.9905570802,50586.503146321505,33761.6556255564,67015.0843171023,68250.864512521,71403.05552578981,58038.455008640594,0.0,26428.4590583273,85113.52883599809,92613.6435556232,423252.289749633,241572.8462796,201879.321502794,102832.778028643,68806.3530565744,134368.218942155,116175.031849403,100009.71492977599,86756.2646248215,180755.82721458699,340293.92555403104,341864.45483082,349449.111382401,353620.969739688,358678.66787561704,366177.657310144,394285.883018204,347655.170925338,327117.68700890604,260441.63654203,186620.43489697,203158.337710222,204366.01809947,388187.519431424,532895.801506407,533587.262003054,658019.699439951,651289.938269192,648224.193645871,166851.278543387,183464.33001688198,251499.221929933,165230.87501396402,139885.41384695302,629308.4206881371,563248.875945418,441326.486501553,429523.37818109296,423460.968066571,455723.28164009703,492757.034012395,287982.778264109,220388.34893395897,415603.090843909,467711.721295668,121419.503047,132725.152376112,143442.274965988,123320.476946244,121655.579267399,90129.6137818507,168187.254781171,94154.3156531205,101029.015279245,74237.2269598577,449241.97229387896,297238.627351219,222818.941724657,208750.930972645,211117.097509444,189627.454639136,168579.115676456,156476.704628614,325731.356679794,323588.26625537896,298255.504746373,289502.51790751,364779.619515839,408708.34623436705,418668.159429368,417562.035903249,881934.283158461,873221.0801506441,879137.415924023,956192.0010673209,907269.840285103,978909.7103308829,941373.093824777,933423.000676306,944883.069179613,957925.146400079,722866.661822019,690738.555892372,683763.045442882,693342.088487135,723976.75427024,579360.300153741,617172.022483123,612729.744460347,630494.530156274
43,917261.321720468,910566.726257358,900838.051058628,889318.871902211,812648.153135687,833803.345226294,850930.5398543109,851438.6121795609,852372.4786151029,802645.34630274,761240.9971423129,714675.313586844,753007.972447435,747886.0837411091,889988.2087867591,875148.919232222,888010.817787977,808948.5337636559,797172.80272859,819887.269895822,841426.8865930671,425280.147222229,199043.35038284198,279622.205035624,243960.066996868,246454.781488782,170895.947347577,140960.12385636198,142541.777507299,127094.752785674,114885.166868978,123779.644982008,108112.220859914,63649.9589124649,67664.4810972851,25256.0177000617,7787.64626147004,42030.3228294153,43447.5283972336,47069.6002146841,44322.434841981,26428.4590583273,0.0,58705.809102409694,69115.2958206945,440695.033427524,260730.16441569,221651.707130067,84035.90902423661,95231.14305618471,156009.027187934,138266.372038687,123060.763733267,110822.442416469,200696.10711315103,358994.331611215,360506.18403769704,367867.472303273,371951.976915751,376945.76082529296,384584.59232721705,412045.080842226,367737.880896859,344528.833623522,278868.182202889,169534.186328004,180561.45856368603,180550.236228603,362896.812212779,506619.62330956204,507281.106246938,631817.297728137,625055.35424178,621966.589958498,145169.841592077,160067.45800479,226062.354988531,176989.033063169,120922.31880917099,602929.181798589,536991.2419431789,415469.369901329,403724.16659357294,397365.413494135,429299.979393267,466396.28570447204,261966.799969985,195110.59992876602,389216.692900406,441475.01691077795,97690.6483207618,107885.649604322,117823.410636143,97035.1364228995,95250.5783447086,83734.9803741951,142599.577190004,106004.177025319,117970.009436,90914.2249646175,463276.230554063,311349.033171191,235161.28336767,224800.456766394,226998.706335786,205930.841050026,184248.536045148,173176.79759872,341566.274165766,339704.820121779,314618.010507645,306059.91952274,380585.261490246,423474.368412065,433915.90883828205,433403.119201512,855505.990594562,846794.219595311,852738.7560751409,929791.1906246609,880846.4805178259,952662.35920788,915064.5361884179,907120.927541832,918753.5925742991,931839.154000605,696622.69156924,664387.261427626,657429.595109234,666931.819276229,697615.0633785321,553215.426242085,590848.2235559879,586407.6199011271,604167.7663771771
44,951639.1328254541,945293.483283725,936130.6631136971,924602.340503368,847975.4464837959,869436.851287735,886354.9285677391,888084.37733892,889126.555194431,839209.12450468,796836.007963885,744575.304684768,790191.703113315,786086.376862808,931870.8413753159,915236.958942035,926830.3128233721,849354.759728432,836504.552531832,858376.4736605041,882562.273650403,370444.88164519705,140515.667293441,220916.85133724398,185255.486366068,187757.94263064602,116625.770761759,85006.4302025949,85337.49946943519,80364.8496666157,66501.8031338987,69222.2907184823,65513.260882382405,36779.4637803745,36609.0535724936,36257.9114046977,51436.065481894504,24921.417746866002,25134.838118945,26249.9315094178,60072.6367597744,85113.52883599809,58705.809102409694,0.0,33710.063062329,480440.894934987,305546.081376911,268179.06357763,68032.77724567651,153916.518222929,206912.32536257603,190253.11044346602,176764.213427656,166136.485638202,247894.632383985,401874.150377585,403257.444060379,410115.202393993,413992.609737643,418818.63459227,426676.361237004,452631.05584523705,413280.824043755,385002.058949475,322071.787854397,144892.082944118,137532.281547686,133118.357568662,308468.44178838603,448043.19038215,448661.585508435,573349.836541087,566536.549989715,563412.476376056,102772.376684556,111076.147929318,169661.06002963698,210696.040704994,90213.8607474188,544230.349962825,478441.31840755,359097.198643143,347558.871982264,340194.63148701197,370619.608454904,407712.967799734,203977.494808864,139361.76437428198,330514.76513872604,382966.461729364,52301.015002421904,56087.5012464147,62037.4761548215,38688.6256471663,36544.7698094642,95256.02296556119,86425.15896386809,144909.493568258,163332.12373887,137906.830561905,495848.251998251,345753.882146273,267777.975872571,264587.281733748,266425.969882427,246661.06757195698,224535.728697131,215609.638330347,378960.30793068203,377677.94682016794,353386.664917786,345322.212147119,417498.90631488705,457880.57687570294,469221.99742345704,469928.547364655,796861.4503595,788197.657745541,794032.955130944,871085.4362735959,822284.444159765,894820.3251735021,857010.660194641,849091.038368598,861301.353131098,874522.619090213,638820.05399715,606188.688574705,599302.985360397,608461.242146617,639370.929562232,495787.88625335,532767.798650551,528334.4000406261,546073.8481108471
45,926103.566117535,919925.3057668109,911037.9210031921,899516.049725322,822989.8304786859,844575.0626781309,861374.1710760171,863703.088706983,864798.877387431,814841.4888865041,772041.966132737,717357.16642057,766202.9513883259,762639.58463337,910381.184658675,892686.138425288,903552.529865362,827064.747212194,813613.1036284979,834992.9157770771,860667.3370997991,383109.01384621795,145926.271792541,221683.10719011602,186910.11072565897,189792.66855422198,134197.102357251,101618.546797133,99068.493553394,107116.499185933,93173.2736484495,89521.820357016,95407.23794191699,70352.27991298049,70319.11278691799,44266.1745638168,61449.1197572627,28027.0043294502,26374.313196486,22287.2430144071,45700.4294121917,92613.6435556232,69115.2958206945,33710.063062329,0.0,458592.270686344,288195.360780322,252606.36588881302,101674.23018677301,158494.302417174,196364.97895917398,181258.69757244101,170098.770709436,161905.391267715,233188.02985806103,382372.01874016604,383661.548270349,390148.63081875705,393869.96766286297,398561.298849159,406515.94675354,431402.24064157205,395585.823236355,364081.50229596,303414.34451619,177337.38391879998,164083.070957717,156995.332475135,322169.534397147,445275.34558460396,446328.267486731,569497.2740167989,563057.687892406,560218.759330137,76742.8065504836,91029.9776226227,160417.579157903,188228.75044684802,58047.9324470908,543070.379261568,475370.212696766,369068.022779345,358020.03240961104,348425.05828436103,371562.98370200297,406452.672059567,199134.6610576,129056.138845272,330158.001974191,379827.116726614,28805.8647285613,41399.806196752405,54923.70333495519,45298.997822789104,48492.5529786113,69157.3793965083,78582.0890826544,127890.74746736801,149633.954302632,126851.73434671,470276.486599206,321806.954614622,243755.04090352,244456.672431671,246052.711924965,227403.094827058,205440.52649030398,198098.09353202,356317.759865893,355360.549783188,331692.137991128,323977.230807174,394371.596381906,433300.376565516,445034.163789054,446354.705825313,797511.3364902141,789390.757161823,793071.70550792,870126.4750678879,823757.344703644,899745.619267137,861194.358724825,853376.2862997091,867464.8490761591,881046.193455433,644200.078087116,610094.988265259,603537.700289933,610892.431954726,643007.640728996,502650.376109371,537338.512561045,532945.404768076,550557.492630849
46,480422.055511016,473186.286737365,462649.28283804795,451196.73240696,374897.913667155,395455.37778915704,412796.599129945,411798.841965605,412627.384762269,363245.674198249,323432.7702299,295175.408877713,313141.033300259,307338.58111614396,451788.97621974,434900.286829911,447318.07490904705,368929.00591553794,356542.63445282896,379218.158333678,402181.01469450205,835109.50731902,595667.808969028,655474.855827568,626447.5228290929,629816.426273754,592772.49541858,560205.923599532,557284.764764211,560656.444671051,546899.8925977229,547486.990556671,544153.959750713,502332.44586436,505661.305297585,449523.99227636796,443452.16064322396,455693.87292141205,455335.104886049,454381.140339375,420377.84343493,423252.289749633,440695.033427524,480440.894934987,458592.270686344,0.0,183306.782712742,223495.94168529,524614.585245701,383846.319733859,293070.86286109104,311349.886815689,329065.989796905,344510.37710399,244413.007731121,86163.7009798197,84350.3637339641,75954.7939682174,71526.0871996787,66356.0972534498,60031.267061269806,29583.2100477576,92946.9355747353,96185.0849033217,163302.084149231,609634.002160434,617410.3283366379,613509.7884799311,776562.161123452,845516.6423062191,848543.544150246,954973.44007287,951058.616627906,949977.8899591321,475458.765516631,500964.64614162897,576636.693046486,270390.178892337,445114.81426918204,944469.47636912,871763.7691564759,816310.191511039,806524.088221149,792470.686896355,792936.5339624259,816565.620378481,620491.991573334,551033.0404244111,750105.160822121,784106.413113483,472733.28128415794,488792.081216936,505008.05384000397,503722.452174728,507047.781875568,389609.94680054,520828.138807016,336548.955985176,322864.984163949,349973.919645218,75354.6430182194,139889.086577504,216048.334568845,216324.630154222,214315.65622202898,234907.07659636397,256838.880445446,267518.416587147,102752.00925467,103327.88316839199,127065.380750004,135158.75653991802,67373.74695109071,56452.776729233796,45707.0249258422,34055.357157456805,1197440.49050921,1192465.17406174,1184139.03664679,1258596.38587635,1227299.20297317,1318613.52438761,1277354.1868878,1270173.17035326,1292366.63807778,1307246.77348161,1070545.80045603,1031518.35016023,1026509.17399663,1025977.22401019,1062250.88484696,938120.5090389759,963814.840299355,959725.069043074,976249.3267784241
47,663640.447364625,656455.717660994,645955.70220309,634501.714429241,558169.617965139,578761.42859947,596098.942470332,594964.986738535,595760.995506257,546487.776020515,506689.284927727,471798.43389998795,496294.353737445,489997.28144720796,629392.383644569,615354.8447632,629140.189367233,549040.126378023,538054.468570861,561470.248896589,581109.033252759,670955.992469525,431890.02672819,500258.63336054,468107.060106135,471315.308794466,421097.64715120796,388659.21550697,386964.17564896797,384519.11631766,371147.001718455,374326.05014497397,366906.368537641,323670.451499072,327309.418658901,272300.98441721103,264255.667738135,280635.454418437,280539.074481142,280264.04342379,246072.615948096,241572.8462796,260730.16441569,305546.081376911,288195.360780322,183306.782712742,0.0,40204.8988367556,343950.173583585,200813.893438575,109772.867915877,128089.967417597,145781.49334341,161208.696105331,61236.892032671,98813.06592955369,100424.41438157599,108217.35341655301,112486.69460569699,117611.663286024,124902.078239342,153888.533421557,107735.285284233,88788.5977974544,21151.6389644659,428180.51761444396,440211.01164398796,438075.845065571,610319.522732016,708498.224642687,710707.86378963,826143.2253061429,821055.9992340159,819179.322702818,321170.506285203,346833.789724299,425793.985233929,107787.03902194901,287663.018460143,808344.990409099,736863.4053511459,655511.742827222,644851.48977629,633545.507953749,645624.912298286,674715.898272797,469499.47356048104,396940.72819059103,602770.4442668679,644222.392904302,306962.486831417,323265.289941449,339292.299130616,333315.045747468,335618.017049901,221889.279077175,358487.954230659,160906.666924143,143162.60758845,169955.847957751,221989.423965988,86506.40908766781,80634.94648417679,50410.9123640812,50448.244721943796,62529.254090395305,83469.1481393404,90180.63805767981,95815.22538279349,92094.1259198349,68071.05226767,59259.5652708532,132183.119078841,179362.604509716,186521.855986257,182829.90425719199,1064293.9183644,1057739.82848011,1055165.64452868,1131405.38085833,1092558.26375502,1176349.94395584,1136382.63183674,1128831.79344371,1146674.55672048,1160866.76097886,923134.65686141,886481.763204598,880635.839520975,884117.661739263,918539.696018129,784968.4506093541,815691.9003604971,811414.929676229,828622.341508712
48,703783.0420995591,696616.887428556,686140.505611966,674683.929185997,598333.2021012229,618945.562716142,636278.4842175221,635169.8308740021,635965.367038181,586691.078805852,546848.33502306,510906.757297271,536499.204086408,530178.500638771,668984.467854655,655300.016769839,669234.724258081,588966.252454065,578130.595750883,601613.631731432,620887.110643047,635713.973282112,397555.338320588,468139.139485389,435237.70044709,438379.390983882,384333.240752465,352058.03774502705,350769.976609627,346440.009223255,333230.025274764,337253.238535472,328508.952065907,284901.018742571,288637.930594427,234231.00153785103,225460.973131874,243345.627316974,243349.355896886,243333.87768369602,209334.328046818,201879.321502794,221651.707130067,268179.06357763,252606.36588881302,223495.94168529,40204.8988367556,0.0,304474.955530335,160893.861872477,69575.0103651613,87885.624387445,105578.144098915,121014.50085223,21147.8690487578,138890.045652519,140526.45264407402,148385.164352361,152669.144206897,157800.49733818902,165050.635421053,194091.012679898,146086.488941915,128590.289219206,60546.4346995947,388403.62836315396,401685.13727335294,400093.83183159,574632.8150765529,680427.021829354,682411.7059182221,799748.407338945,794379.8692925429,792306.3937528579,290972.453397132,316337.843881808,395516.25840835297,83245.7181336692,256876.358401136,780142.531816727,709233.7245592279,621220.882108185,610347.784226065,599829.480409835,615052.077533187,645499.56598369,438826.65319027397,365911.074475894,572377.283348276,615671.799395778,272891.804048892,289121.446838185,304941.72775186604,297382.599128535,299315.863767502,188255.540064741,325120.421934182,124716.866010511,104946.38867678099,131281.194827929,260087.757394608,116869.323415873,80508.3626231976,41468.9074655587,43702.3440064504,39414.8443424784,53850.3751694614,55788.0675808609,133290.930370423,129995.12867457801,104947.266547623,95844.5641482469,170876.150895578,217648.35961147398,225451.94906841198,222259.060424813,1036203.97647901,1029274.28692534,1028118.46032769,1104642.44147689,1064025.02237764,1145851.90660784,1106254.7959450001,1098624.59265016,1115379.573078,1129386.02406795,891763.1399192441,855788.482409345,849742.235809262,854238.10282744,888113.322685133,752409.868311417,784370.2683077641,780055.211599611,797397.826930964
49,1001240.68256287,994565.6106705209,984860.0028765091,973340.049883632,896667.127412065,917832.1122266591,934954.477705422,935471.252258072,936403.1610187291,886679.9734958659,845265.779716075,797986.790846737,837031.824808202,831859.056591729,973342.471890705,958879.8291494279,971909.819192358,892642.0075415571,881028.17486586,903827.74359043,924970.539026705,358658.32248776796,158205.658179563,239528.21331797,204833.348582337,206423.90885031,113017.70652178199,93540.4841384927,99902.00143247259,62265.9844209161,57224.1872222504,76677.8292459998,43742.6612934294,31341.2810541487,31668.039336398302,80964.4952957993,82101.1132170064,83602.9887269585,84922.0286667005,88357.1809477365,114460.493778955,102832.778028643,84035.90902423661,68032.77724567651,101674.23018677301,524614.585245701,343950.173583585,304474.955530335,0.0,161537.914673606,237190.75904215,218955.663067176,202524.018200565,188654.64390377898,283388.593561614,442487.45534789294,444025.76980178896,451481.83356088295,455601.01455901295,460619.805308539,468208.713614269,495886.079161891,450398.46708781295,428433.57655913703,362439.83839088294,85639.3673690204,103422.446407954,108517.16604099401,296191.141666802,466196.810778431,465976.62433376396,592033.8925342329,584571.161318424,580930.880670959,165748.85752439,168088.510056567,208594.892289981,260323.093854974,157727.03376649,558016.634511453,496725.47633822204,353461.796886814,341185.10470536,338783.721095923,383128.65501426294,423687.291306559,233571.39011244,182334.87444818302,346586.054209052,403003.755185891,117324.066756959,115664.085295849,114096.484579398,87718.6883633867,81198.61382965969,155183.24305572698,133494.72746996302,189775.83158273,201764.873563653,174658.857591382,546942.254753295,395136.713559835,318502.452600283,308830.300496004,311033.542364381,289939.506101361,268282.78146862,257115.74328399397,425597.040092959,423740.702347812,398646.544943177,390075.16348548,464611.27328986296,507351.904571699,517877.07267635706,517426.61670198204,805129.814381538,795428.883244011,805511.451568629,882184.853419667,828775.677547847,893981.02160808,857855.88388523,849767.126052885,858071.112741545,870488.9859578059,638599.187399317,609264.650636305,601777.106843331,614492.781580525,642699.015618005,494066.50747169397,535274.560910276,530813.196488188,548600.772053426
50,864267.35878092,857006.1017360791,846350.066458467,834920.741165827,758720.8062185141,779174.2265462141,796545.906750277,794898.4810574041,795634.896973765,746605.7100115991,707269.829641255,671286.328438152,696271.3905491029,689369.594010169,823956.5813861929,812376.038789512,827405.8840473259,746015.35463033,736242.322161956,760299.25583,776988.559096912,516879.610667527,294241.712334448,374804.592569319,339164.53352519,341674.438569481,263632.952770542,235022.75352642,237206.330395965,216590.06764885102,205897.135316967,217407.301908972,196709.798745223,152689.663453432,157220.963175151,118909.358725185,102515.370430661,134839.623128856,135914.273884413,138620.355649376,117001.513813393,68806.3530565744,95231.14305618471,153916.518222929,158494.302417174,383846.319733859,200813.893438575,160893.861872477,161537.914673606,0.0,92051.6815242061,74865.3774310298,57582.1163470579,42555.3628774533,140577.430038381,298287.939142231,300015.445000924,308166.470288228,312537.72740464896,317706.065732424,324637.117237428,354315.52450227103,301069.798741089,289475.549161921,221434.97438420603,238439.15743694102,264816.204690858,268243.919760336,454304.357790012,601481.460913867,602225.687391468,726458.5392393409,719790.613202025,716768.2795829191,228561.959471033,247684.955739561,318745.834104985,154241.36441328,198084.23279895898,698064.777774337,631798.777613215,508674.303937215,496744.88548319397,491377.83489055396,524529.629189986,561487.74648031,356172.79450065,287446.392879519,484373.27615281,536233.096660726,186969.88608103103,199588.70372301698,211274.37261435,192010.08902261898,190455.06448067,133395.24724524698,235889.02654643898,97377.1151524903,85596.0144192559,71166.6128847815,419606.65990737797,270628.884045624,205012.710809174,180219.471097117,182978.22379331398,161685.09287027598,144780.667615861,130575.104894641,293026.662741006,290069.718063969,264671.313696539,255575.021300764,331287.03105288197,377535.61963364703,385912.79507134797,383058.03480671,950732.352330401,941997.879398972,947920.198386417,1024977.45746464,976027.629657693,1047129.21280334,1009766.14625355,1001797.9431411999,1012784.85459897,1025709.8606294,791095.307306055,759265.1476122559,752239.321770268,762050.286557626,792532.043538694,647351.9787481161,685626.037847348,681179.516203814,698955.70614656
51,773328.470453829,766176.8953795859,755713.8903111941,744256.3430940609,667895.3858484479,688518.778609572,705849.786426894,704725.0730551841,705514.95932636,656259.174735675,616407.761454021,579243.664669461,606054.958530781,599655.303499774,737387.502298733,724313.163639302,738523.173345338,657955.510281349,647390.553053979,671003.960926334,689615.863025496,577168.430851212,342228.177816142,417044.28638481203,382812.94986523205,385781.032371939,323498.979860894,291852.480384966,291555.723885295,282640.581081703,269917.525204661,276019.12401529,263999.207998781,219658.750305191,223639.903413765,171478.943283737,160658.691960542,182673.585410088,182957.137147983,183663.988022977,151042.622724833,134368.218942155,156009.027187934,206912.32536257603,196364.97895917398,293070.86286109104,109772.867915877,69575.0103651613,237190.75904215,92051.6815242061,0.0,18458.8385209109,36020.881934333396,51440.2893412489,48780.103147149006,208274.05604529,209937.40651461398,217874.376482753,222179.053373458,227320.079012009,234507.233265263,263661.188225056,213766.415277262,197965.399727078,129978.22706742301,320148.227837465,336551.878008818,336279.169706334,515334.0042962,636219.842761008,637751.639133888,758268.4350504009,752380.012211893,749935.597520883,246938.13094583302,270963.089195283,349180.166705113,81840.4796691886,212576.19077098102,735245.208403185,665751.744433168,564706.537757474,553427.3998107229,544592.322262689,566192.425069168,599204.072157762,391100.42061863205,318378.450097848,524127.883582649,570872.713107914,220066.442190328,235755.52263359103,250770.65940091398,239430.87703297602,240405.86994649397,139917.624487842,272943.364335029,74228.8021485533,48696.84852203941,69641.4669476236,327578.736896738,179421.755902129,119742.669467919,89816.99033894269,92657.5273962574,72383.3850712955,60379.34692079519,46723.331210959695,200975.250264535,198033.836456825,172623.122511022,163529.611228313,239282.341966029,285484.20486304304,293904.23589074303,291200.416650426,990807.543909575,983178.33129667,984715.471950043,1061614.26819979,1017731.24162754,1095684.80513632,1056852.87905186,1049083.3499146,1063732.64706544,1077363.79265303,840364.2944270709,805800.928065851,799378.6024780909,805840.8145558691,838564.760251703,699015.352823611,733344.5754020341,728966.909591197,746526.167593241
52,791526.015907839,784398.45349595,773972.694741018,762510.610979269,686122.468661725,706777.255863381,724100.036347422,723054.5834646659,723850.9167644109,674568.15963083,634630.279653779,596793.944735321,624383.938499102,618037.342134195,755836.889263703,742767.7806505141,756953.598822669,676410.839088509,665824.5237589721,689414.160336548,708074.430001095,560686.974926109,326819.717022281,402601.45150595705,368087.64086378703,371003.605559344,306689.052949989,275258.172316332,275224.184029039,265147.392332454,252561.178581274,259185.96169022302,246356.23190419102,201894.78270972,205930.640088469,154525.391920819,143141.34481488098,166294.555033849,166661.617042314,167585.088904595,135655.953854549,116175.031849403,138266.372038687,190253.11044346602,181258.69757244101,311349.886815689,128089.967417597,87885.624387445,218955.663067176,74865.3774310298,18458.8385209109,0.0,17765.1859036469,33302.9922028046,66947.8137579066,226675.758530035,228332.897599895,236245.394129221,240540.852353085,245676.917434656,252891.048972883,281968.77905154397,232204.00160970102,216074.871908473,148156.861427151,301740.826808737,318706.089910823,318729.609828657,498712.202051538,623245.933017291,624660.471423844,745874.1200628009,739858.7034881379,737322.30606365,235129.824125112,258600.557710722,336191.852536299,88634.87803313481,200996.17311539102,722005.723976965,652932.307131184,548718.178057945,537348.8689487,528931.218042574,552109.1793295271,585737.336162374,377610.593425965,305172.215345737,510252.89553768205,557824.366951764,205837.340906139,221270.44435829998,235975.08594194,223598.67530024,224298.479018656,128131.4353266,258618.988188777,64401.7221227017,38758.2456137645,54590.194643208895,344911.10375387303,195807.25189753,132689.986205168,105526.84916918,108313.53899211,87275.841296782,72227.590624164,57923.672864343396,218508.421319365,215672.88493115103,190211.11532975198,181142.28340047898,256987.722906551,302961.729542661,311586.69685973803,309072.9562822,977298.1578439091,969500.4579781891,971700.488739875,1048659.31695655,1003991.23526553,1080984.00486229,1042346.45499108,1034545.89551457,1048689.08717842,1062227.97873122,825457.26843562,791253.122343707,784742.3441909329,791682.96360504,824107.6055273709,683696.893570567,718583.180239505,714192.799582279,731794.736807049
53,809273.2589818209,802138.9503576241,791699.664842346,780239.4338243,703861.036320971,724504.249915406,741830.3949188001,740741.5469790391,741532.9429159791,692269.091068575,652370.188595518,614475.846051157,642071.1925543579,635674.0165851021,773089.564953518,760217.92121155,774504.881250071,693855.467518836,683366.548995916,707009.1071245479,725431.897949645,547060.496033345,314839.191688731,391781.15966427897,356948.719270361,359793.7853007,292744.903155838,261679.874766134,262034.058167111,250152.45387941698,237813.56857903302,245269.420546033,231119.037417027,186493.01146785103,190626.134792892,140695.259104431,128357.846659797,153338.49245685,153833.348301283,155083.52598394,124413.718679427,100009.71492977599,123060.763733267,176764.213427656,170098.770709436,329065.989796905,145781.49334341,105578.144098915,202524.018200565,57582.1163470579,36020.881934333396,17765.1859036469,0.0,15546.1313847335,84687.3720371519,244287.621930779,245953.577379579,253895.175922984,258199.812609264,263340.504984519,270526.467874331,299669.146526035,249422.398868401,233834.70859124398,165903.276051095,284756.63411752303,303039.524299792,303591.115832965,484910.898379949,614038.947673269,615314.363676896,737283.4163973491,731123.8266493491,728481.919285566,227924.98605873898,250637.601180858,327268.212993127,100851.34520676,194246.84735567,712438.4375225729,643890.730128519,535776.964258756,524290.107660953,516438.08289207396,541611.335024065,575966.626462059,368006.883910243,296049.649374297,500038.91296590003,548570.23646232,195744.853444058,210774.195129315,225013.796160067,211243.937966021,211543.729478484,121862.18639644199,248209.10956405898,62742.400554942404,39872.21692371,46073.2659733438,362533.91519075,213087.862865054,148285.239663269,122642.139289286,125397.767535251,104118.13811869301,87792.9241811441,73485.4929465794,236203.19737799,233392.753713237,207922.541248555,198860.301165044,274718.436783435,320633.330995458,329310.134610704,326828.887506074,967336.8122099709,959340.819976157,962321.025051889,1039333.42684453,993750.580618454,1069566.02022047,1031173.37787611,1023336.05888504,1036849.53589755,1050270.55999323,813830.976115098,780082.8091525721,773464.355181742,780990.576030454,813040.095889,671588.042643751,707169.4787793809,702764.6429712321,720414.192365591
54,824758.646070443,817613.4439324541,807154.1628662379,795696.613908604,719332.874422138,739959.060997297,757289.931297205,756143.804043894,756929.106106759,707689.258934617,667844.287491385,630002.530661085,657474.6259224539,651017.757286796,788029.804980243,775358.4446565291,789752.034815525,708991.815150038,698605.273202098,722304.96179271,740478.49298848,535808.899754629,305369.411596106,383319.794104341,348227.842717052,351001.276583147,281368.771661289,250721.3544257,251465.110202843,237762.798633745,225700.944935095,233999.146149306,218504.371738669,173788.497297326,178017.6418348,129892.90087684199,116572.28789529199,143394.659442784,144021.450022849,145607.007800402,116534.306809093,86756.2646248215,110822.442416469,166136.485638202,161905.391267715,344510.37710399,161208.696105331,121014.50085223,188654.64390377898,42555.3628774533,51440.2893412489,33302.9922028046,15546.1313847335,0.0,100177.246331002,259619.39844411,261294.327270203,269266.056602205,273580.348221732,278725.780847095,285880.67776771396,315094.911978309,264379.013542494,249346.745278792,181394.07193225,270213.682134942,289895.087816941,290991.07200081303,473518.045849747,606908.84316576,608055.335092877,730662.720256198,724373.689689418,721636.2468710929,223260.35026813397,245170.245714741,320695.124207583,113170.761357129,190188.285922931,704931.747790334,636897.524998886,525187.603837454,513593.753731426,506286.134523495,533325.9317614189,568336.918173148,360725.66714261397,289356.283166254,492047.02960236795,541435.843252889,188468.32520943802,203030.432865444,216757.240698624,201649.03518798397,201542.940366579,118997.008345088,240413.52803281302,66007.8834631462,47298.924120107,44174.4642568932,378033.850867101,228401.29351204,162573.98612271302,137895.199494378,140631.49198953802,119241.024592589,102254.701214434,88029.37884611131,251737.16643188198,248934.73682546802,223462.332815413,214402.01816417198,290262.812863309,336157.042995676,344852.71136997396,342373.681844801,959396.7264878991,951220.393563311,954914.6416780541,1031960.63529835,985549.0537854229,1060267.51791284,1022106.91462358,1014236.90279347,1027165.42452552,1040475.15492319,804387.0105858,771071.7143919291,764355.033584698,772422.3806617841,804115.5634466129,661733.297455656,697953.899724321,693537.036421611,711225.239109678
55,724586.402623063,717452.488186033,707026.16572614,695563.476889701,619175.572972178,639830.760631962,657152.545825882,656150.883274776,656955.064932744,607644.9924729139,567683.967584098,530792.798163831,557480.971780676,551232.036606621,690115.782968892,676444.1323011661,690348.727291202,610111.640868674,599250.766230823,622702.682715745,642033.5730681521,616187.748643851,378562.717576736,450146.79653331,416912.83571797103,420019.467705106,364237.077247084,332052.449439607,330948.767793389,325812.210842981,312671.77692831896,317048.80747233104,307764.440075443,264033.072034761,267804.182885712,213665.914228927,204606.38164593198,223120.75141398603,223170.82193876602,223277.045736362,189424.30278406802,180755.82721458699,200696.10711315103,247894.632383985,233188.02985806103,244413.007731121,61236.892032671,21147.8690487578,283388.593561614,140577.430038381,48780.103147149006,66947.8137579066,84687.3720371519,100177.246331002,0.0,160002.567929344,161630.72605245598,169453.600199595,173722.95928329698,178845.74522904103,186133.503863825,215054.56340085398,167075.877066126,149186.097454153,81217.5130579733,367262.22053160204,380876.640400671,379487.695656251,554930.25015532,664244.738042572,666118.3979873289,784318.298283321,778814.9168194591,776646.373484952,274249.53248860396,299389.231673237,378522.930842918,73288.9217908572,239954.88166921103,763842.32230879,693249.5815386471,602122.4755175479,591157.3329820479,581001.15097876,597697.085061544,628781.423892438,421575.27822278294,348586.338947991,555137.53784114,599299.028430484,254199.701682793,270360.613294387,286050.935448496,277732.767460072,279489.812143623,170073.483243406,306686.924008928,105436.92833388901,84562.9612621608,110570.00299523599,279459.024614104,133466.358858783,85648.1728242422,48598.0313239646,51381.2117025043,37492.6706590876,42737.817672891804,39822.5559167441,152684.284589272,149602.431190128,124295.61852740901,115182.239517545,190743.151576184,237193.18104933802,245367.389756273,242499.02281972603,1019867.23233172,1012760.52490252,1012283.4613325001,1088923.02767879,1047470.32529149,1128358.78906561,1088940.93179203,1081275.2525139,1097524.28053531,1111443.33281161,873919.556614836,838271.591730759,832133.3117988809,837105.3244332421,870711.985996557,734057.7728668159,766582.152928842,762250.7571603041,779650.750902616
56,566163.040624784,558822.716884032,548084.022168642,536663.7714041771,460555.60872418,480919.668936836,498304.216944449,496662.64170114795,497419.90305978706,448323.958381319,409148.529245337,380004.866817154,398014.05001968297,391398.92079947604,531008.537945056,516572.185937209,530346.519021358,450272.32483147,439249.606248676,462740.832679445,482483.427606545,763173.4093252459,523401.17316613795,587799.603175556,557080.862129847,560380.190830234,516266.59460564604,483699.04182153795,481440.51228591,481521.388533502,467973.018036143,470053.263628594,464320.61412562104,421557.873290735,425088.513083591,369546.20639354,362257.30896058,376968.707166765,376754.610480017,376170.930033925,341945.523694893,340293.92555403104,358994.331611215,401874.150377585,382372.01874016604,86163.7009798197,98813.06592955369,138890.045652519,442487.45534789294,298287.939142231,208274.05604529,226675.758530035,244287.621930779,259619.39844411,160002.567929344,0.0,1892.95790397423,10461.5899968166,14880.6690165505,19946.7740120841,26357.1487371471,56630.8553025099,28390.3284313571,26736.3386774362,80151.3819544501,526914.3312671679,537688.350277022,534868.495503363,703392.634227304,787617.181036268,790245.80884111,901468.273770262,896959.768988051,895479.8095612121,407259.35654768796,433034.674214172,510779.925516735,195418.75325424,375160.98154312704,887293.328728296,815000.06586979,746153.203639742,735882.185425865,723260.379524172,729711.562286025,756161.87538489,554785.462770788,483441.14628310205,686735.0059987861,724577.2007441879,398933.993475485,415197.784985839,431394.73733648396,427670.39225120103,430460.129153672,314313.275596143,448993.262545537,257003.77581871,241089.149272075,268087.17815064604,139615.517878234,85516.8000269461,147401.57441946698,137921.634481007,136387.213070011,155273.649673596,177387.772006869,186583.05191876699,51521.5497250019,47805.3099537008,58031.5288812863,62662.5008001834,57112.0709301743,99120.9555033166,101113.828137994,93814.09206498119,1142269.8358608,1136483.92554064,1131057.87840033,1206535.65553141,1171362.38702079,1258918.56644039,1218282.61288906,1210901.46216535,1230853.33294648,1245387.84383631,1007854.50303257,969992.8439069359,964543.481028828,966072.222653772,1001460.35335186,872219.203095562,900574.991736913,896380.830524326,913288.742375111
57,564404.971861513,557072.174010966,546346.5502200071,534924.123637175,458802.266760775,479179.282622006,496561.418485438,494955.634839665,495716.45404946397,446604.662053465,407390.203694249,378128.658057981,396303.37831333705,389724.115004058,529513.20493364,514994.58429871604,528719.813265991,448701.565561896,437630.226784282,461091.686191516,480949.66735841,764350.031977529,524569.473154309,588825.607943153,558157.267269384,561459.22801386,517583.296339255,485012.61847638706,482729.521702256,482935.392684306,469377.59189812,471400.15604076796,465761.389580116,423034.518927768,426556.827270208,370983.387940197,363746.55435770797,378355.092184075,378135.13087553205,377536.54702947795,343314.628224594,341864.45483082,360506.18403769704,403257.444060379,383661.548270349,84350.3637339641,100424.41438157599,140526.45264407402,444025.76980178896,300015.445000924,209937.40651461398,228332.897599895,245953.577379579,261294.327270203,161630.72605245598,1892.95790397423,0.0,8576.27070384087,13004.133126373,18089.1773699258,24622.1751315308,54805.2963466488,29131.100790676603,26720.069671445097,81644.2635712185,528484.5407017911,539129.844535055,536267.178223085,704606.560991358,788372.561586705,791012.6510819109,902110.947895615,897618.270804005,896149.102867127,408273.266390522,434045.340476709,511738.58478420204,196596.23927431,376225.754975116,888035.959250015,815725.8565791709,747271.3477701141,737015.210869519,724346.9183934979,730615.766208354,756985.945538693,555745.914686677,484450.197402681,687639.627645789,725373.2611461609,400137.560761388,416396.903229426,432597.171151701,428960.470485711,431770.559679035,315553.560785825,450136.758887378,258401.653295812,242586.66422751397,269595.479836732,137761.28812239302,85625.0476572778,148274.425773071,139205.03567237698,137646.007747935,156631.807061238,178750.810832826,188022.440920293,51116.0532468299,47521.289362928,58577.588358411,63436.2680384616,55569.275126149296,97323.3818785014,99251.7215950085,91927.8397490405,1142970.98608623,1137206.93760701,1131702.09243183,1207155.85233843,1172085.62700668,1259748.8874682,1219094.14767887,1211718.32990441,1231734.07714151,1246278.89013771,1008760.50572748,970863.378647466,965426.40869575,966896.305201984,1002311.42842606,873213.096162569,901491.503839982,897300.162564712,914197.804134926
58,556170.46670153,548863.827273439,538184.217144849,526754.280797851,450585.714104749,471007.797318572,488381.104085975,486903.71089231205,487677.498601079,438509.31538393104,399157.395435085,369557.51196116296,388240.904574802,381794.73220210604,522275.481764624,507432.396580795,520967.42313576204,441169.183426967,429909.404574309,453256.14230933203,473561.442902433,770350.880305528,530550.066220063,594212.2591593029,563756.079114203,567068.68122221,524166.496105904,491585.713761983,489204.117178484,489907.63479288295,476313.64011910104,478107.48957633896,472839.75588545704,430255.36508725706,433745.155484575,378055.705012189,371020.977896591,385227.694505845,384984.653211639,384327.305686946,350123.594599797,349449.111382401,367867.472303273,410115.202393993,390148.63081875705,75954.7939682174,108217.35341655301,148385.164352361,451481.83356088295,308166.470288228,217874.376482753,236245.394129221,253895.175922984,269266.056602205,169453.600199595,10461.5899968166,8576.27070384087,0.0,4449.79033033445,9600.839803550942,16729.8851817176,46380.3737773215,32946.2537281092,29071.6042131144,89044.88919111891,536057.631905428,546206.771683511,543175.756566983,710762.919065787,792600.812418168,795289.8526176559,905848.26899733,901424.2077895241,900001.705226111,413630.170388844,439384.741975591,516850.750046034,202686.18048639997,381798.97379414,892204.612785422,819825.672277243,753031.5750777959,742837.4639422391,729977.133925613,735481.0206312409,761509.4738973359,560861.091934007,489776.230420841,692509.278375127,729779.2363389679,406275.513571258,422514.611004111,438726.373284809,435444.41818781104,438335.820102257,321854.246249949,456023.075625801,265338.729866017,249909.78119118,276954.458072163,129601.745255428,87464.8617975001,153171.57321192,145754.407177695,144101.497198136,163455.50557496402,185580.417371372,195140.562426833,50991.4797920333,48020.9977429692,62474.0323986089,68202.3508477966,49491.4087775012,89565.030148834,91044.90530956199,83511.6632412304,1146952.33676585,1141282.62375246,1135437.78834963,1210785.42659303,1176161.36929797,1264281.764241,1223547.61733179,1216194.76777844,1236482.43252126,1251070.73928518,1013621.73314152,975575.258529515,970191.125661834,971410.4737003291,1006939.47429588,878449.822372973,906400.875316318,902221.624984062,919075.159790989
59,551780.148932097,544481.655533392,533816.87947365,522384.548108512,446201.45782361296,466637.85429815,484008.18214135204,482574.35364552296,483352.723174375,434165.23930509604,394768.40770642104,365124.914293422,383908.88116573397,377511.350256266,518268.87029502896,503290.879050729,516749.724362215,437041.24303305,425705.639671653,449007.175168663,469492.483375969,773845.077574998,534042.4476737521,597434.11465918,567075.701392257,570392.973004246,527922.807727216,495338.878330878,492914.947127201,493829.744738716,480221.106685155,481918.53490851104,476806.326298785,434281.438971348,437757.941198816,382023.46482929797,375070.830733356,389112.558580743,388859.89473665704,388177.96831583296,353983.98988573,353620.969739688,371951.976915751,413992.609737643,393869.96766286297,71526.0871996787,112486.69460569699,152669.144206897,455601.01455901295,312537.72740464896,222179.053373458,240540.852353085,258199.812609264,273580.348221732,173722.95928329698,14880.6690165505,13004.133126373,4449.79033033445,0.0,5174.154417095399,12684.6914776384,41947.2576057725,35145.2135659081,31610.041898355,93187.8496928437,540220.7206587871,550170.776370368,547069.731533321,714327.61487652,795275.477417462,797987.64957606,908285.181865698,903894.193861428,902494.112623253,416849.50447245396,442593.98843494,519950.72980723204,206262.535024056,385118.932527555,894848.168779776,822438.445594282,756418.049097585,746252.148797733,733305.3287879209,738457.105773385,764324.684798596,563960.01073186,492975.83982003,695488.862548226,732540.113638675,409844.24337532796,426073.36142657296,442289.16172269796,439161.781496321,442087.963359084,325500.930047594,459477.365053668,269259.284002993,253986.366151543,281042.903069751,125600.755263189,89238.3754425469,156249.09280952901,149542.62680063,147852.147033098,167348.27076968,189469.77649696,199143.42224497898,52024.2090550921,49395.128780813,65284.0327716287,71355.7862555196,47099.6149875478,85884.3047470854,87020.6370067838,79308.3441320479,1149501.43316178,1143876.92633388,1137869.12257208,1213164.4061315001,1178755.16877098,1267091.64815858,1226320.43822217,1218978.55347803,1239394.16592201,1254002.72254121,1016589.49133482,978473.7392014291,973114.4871387641,974215.9867703159,1009797.9785939001,881594.499414363,909393.122965358,905219.597153833,922052.207994135
60,546607.668959263,539310.933098934,528650.508563848,517217.39449711295,441030.27134154295,461470.666960718,478840.046631867,477423.899977417,478204.52479435,429008.045670999,389596.22365977796,360085.941445717,378757.336555268,372386.292930774,513348.490911429,498262.855954343,511666.440841956,432024.12795832,420632.557564357,443903.278845625,464521.503703496,778321.75282227,538521.44729622,601654.015883436,571390.572045226,574712.227220822,532641.892713076,500055.782498841,497594.35541460296,498691.92848016,485071.237881344,486686.330550981,481705.478644309,439229.049027695,442694.95278775203,386925.16855105,380037.97604959,393945.452219151,393684.676494629,392981.905867578,358797.17629371205,358678.66787561704,376945.76082529296,418818.63459227,398561.298849159,66356.0972534498,117611.663286024,157800.49733818902,460619.805308539,317706.065732424,227320.079012009,245676.917434656,263340.504984519,278725.780847095,178845.74522904103,19946.7740120841,18089.1773699258,9600.839803550942,5174.154417095399,0.0,8047.8234829740695,36779.8835811199,37614.2896621818,35521.6507503546,98237.59195902859,545270.81067167,555066.968251791,551907.587365875,718870.628192265,798944.9837621921,801680.71445689,911707.488722144,907350.905793102,905974.079550918,421073.524250364,446807.00657365896,524054.165122649,210837.543364507,389441.002964932,898483.980451772,826044.0142594641,760793.1860563541,750654.226711155,737625.1030832559,742432.087879388,768137.66253445,568060.906007056,497177.417311119,699468.247150236,736298.778214438,414397.53165888204,430616.915829165,446835.878066946,443848.269466493,446805.131508952,330128.589708295,463922.925316746,274125.903552042,258976.813800386,286041.46042312897,121364.57834391699,92141.71813667279,160374.992055687,154310.827228529,152589.10323874198,172199.95427273802,194316.21766131802,204079.933358638,54317.3632141091,52057.2986810313,69252.9398303133,75621.22336609151,45389.845652908094,82174.7423741176,82773.3677594293,74763.4051449592,1153036.62576348,1147458.81432582,1141282.32336517,1216522.19669944,1182336.18016992,1270892.87199755,1230084.32922339,1222753.657694,1243298.52819474,1257927.33696312,1020552.06738391,982367.2663328041,977033.0781126859,978015.7025508591,1013650.8516256,885734.019318055,913381.430599137,909213.665909151,926025.184402522
61,539810.20764605,532466.2676999411,521728.431666729,510307.443027337,434200.196795763,454563.131942084,471947.22950270295,470339.29016648396,471102.734728509,421982.95776330796,382796.084624074,354627.882971202,371684.95681139,365148.27263386897,505597.84635377297,490702.559066578,504256.97007676295,424440.224653535,413192.136049062,436569.21389744297,456848.622920192,786353.80012992,546552.737526663,609698.713309783,579438.317968005,582759.910791404,540580.741260338,507995.899498002,505555.72508184705,506514.041075498,492905.78984396,494592.203193613,489485.615692898,446943.90706928604,450425.24741367204,394702.376395475,387722.78988780704,401796.776508887,401543.52026893,400859.05044346704,366666.32773280103,366177.657310144,384584.59232721705,426676.361237004,406515.94675354,60031.267061269806,124902.078239342,165050.635421053,468208.713614269,324637.117237428,234507.233265263,252891.048972883,270526.467874331,285880.67776771396,186133.503863825,26357.1487371471,24622.1751315308,16729.8851817176,12684.6914776384,8047.8234829740695,0.0,30710.2511085537,38248.0586481136,43549.5134992093,105773.747325118,552786.987940977,562850.60028856,559754.242873969,726886.832429047,806843.893634872,809589.3577726609,919488.300764371,915149.63092072,913784.632217964,429118.75718507206,454851.396142468,532085.0257028771,218841.617774721,397488.567250093,906367.90013412,833914.9775891979,768838.483239228,758697.1693677091,745672.803130074,750435.259947045,776091.854584757,576091.204299814,505220.770452619,707472.6725033001,744233.5192623909,422410.067874369,438632.37568257604,454850.47654059104,451805.714277734,454744.957858077,338113.833617365,471959.94478515896,281943.47979013604,266623.38806732197,293672.667425589,118764.66093768699,99700.5263073557,168412.66153791,162214.611891846,160514.232486789,180032.949990953,202154.383757323,211812.798725228,61561.6449163409,59550.607395514104,77274.3053680555,83668.97389495559,48405.112882614405,81031.75011934151,80301.9986343126,71482.22451626419,1160873.13527693,1155317.40945263,1149056.95175875,1224266.38621069,1190194.24669592,1278841.39775587,1238019.2344156,1230692.76947426,1251281.04731878,1265915.78961169,1028551.36538399,990347.002884973,985020.281479311,985964.403136487,1021617.64681113,893769.711619462,921387.501378169,917221.156045978,934027.370739605
62,509954.63420213,502695.32106613205,492108.605713295,480663.728025391,404408.265864716,424918.70392551704,442271.96280780795,441096.85270047706,441904.61410231,392600.264000748,352954.307038978,323938.412491795,342427.46345633303,336367.112259641,479252.14903782203,463184.99304979603,476052.19516670704,397072.897967354,385142.139845994,408094.085150339,429987.237169125,809370.0457679321,569706.389352198,630911.0302927879,601358.572233125,604709.531890341,565595.899245583,533011.052738208,530274.164667123,532734.627146645,519028.718924185,520026.61994267,516035.95579289,473947.047200742,477330.316692838,421320.826583851,414931.58775660396,427825.10739113396,427504.636907585,426648.922428903,392559.26460575295,394285.883018204,412045.080842226,452631.05584523705,431402.24064157205,29583.2100477576,153888.533421557,194091.012679898,495886.079161891,354315.52450227103,263661.188225056,281968.77905154397,299669.146526035,315094.911978309,215054.56340085398,56630.8553025099,54805.2963466488,46380.3737773215,41947.2576057725,36779.8835811199,30710.2511085537,0.0,66037.216674812,67677.9999163004,134054.451200847,580772.355052422,589349.1439442689,585745.109241884,750433.792577884,824083.770251098,826988.176203665,934992.990534726,930887.595924717,929679.755611874,450548.466966193,476168.23769349797,552541.946660511,243203.00536463602,419656.56623482896,923322.5987603059,850703.83435244,791096.347760349,781160.440986817,767530.723489345,769818.38519174,794333.736736671,596486.895513049,526396.711625898,726913.84303641,762123.20080351,446227.01290947,462359.858654085,478586.17309362,476616.543006647,479796.001696471,362591.57846959797,494927.49563428,308360.775445781,294124.202825773,321227.795089436,92528.3473024304,116055.45350813301,190134.13054959898,188151.29084573,186237.99751549802,206521.41386379302,228545.69784451698,238907.39239615103,77669.6271546598,77427.7766821283,99776.2351639358,107442.665194456,48014.4201226979,60291.8245331143,55504.17848415361,44879.942596926296,1177039.45761064,1171804.00070859,1164400.97083801,1239212.45841185,1206663.95739789,1296809.55545003,1255736.99509582,1248490.50277578,1269980.58458181,1284755.28584299,1047723.928068,1009046.5021855999,1003897.70986988,1004011.11220312,1040021.2763688,914252.986403504,940780.823896782,936656.8988410041,953307.343116755
63,566657.487943067,559026.963145615,547799.451056721,536477.6554163271,461028.386351916,480851.16685979994,498297.783048305,495356.38924897206,495989.71050364,447540.46441346203,409933.27441785706,387701.50612726604,397042.730728106,389245.233696271,523667.75137933204,511323.83346920396,526446.653456055,444958.34731167,435299.40646756295,459622.338843546,476155.970702852,777895.527410494,538439.7991228821,604908.740984818,573491.984334923,576749.684417041,528763.028264776,496296.846351759,494488.743536556,492160.788252268,478827.857575646,482045.55099863705,474424.007136943,430955.58702865796,434664.585649029,379924.200797555,371513.40315946896,388370.684974347,388273.40211703704,387983.048681609,353780.207309054,347655.170925338,367737.880896859,413280.824043755,395585.823236355,92946.9355747353,107735.285284233,146086.488941915,450398.46708781295,301069.798741089,213766.415277262,232204.00160970102,249422.398868401,264379.013542494,167075.877066126,28390.3284313571,29131.100790676603,32946.2537281092,35145.2135659081,37614.2896621818,38248.0586481136,66037.216674812,0.0,54389.5168995659,92550.89667218029,533882.259553988,547669.807800702,545749.042246681,717533.754651402,808026.76286406,810525.154062217,923055.57330082,918384.9611607341,916792.852565108,424734.638620833,450516.717661014,528872.001222112,211233.331539112,391978.837485174,907816.012048685,835729.246540441,761807.3836278559,751311.8350517041,739405.097063542,748364.3950642829,775788.994386813,572815.0028864329,500882.92515603796,705403.2487367941,744545.9155559579,413582.58880282,429889.332738843,446004.596570142,440784.652221815,443200.581962735,328558.2483536,464515.654122149,268599.660937218,250661.081595967,277261.026811135,156828.99784237,112059.067446399,167592.96969656198,152641.641904905,151532.66540914698,168450.590450165,190224.628471728,197832.989849574,79738.3658374035,75834.83407734349,82459.2312024416,85233.0372802069,82224.71473972259,119172.63059338,118466.246079405,109305.403600001,1163196.88241903,1157173.21675921,1152587.73534976,1228300.40739142,1192043.7990923,1278350.80382736,1237945.99508965,1230502.46720264,1249667.82738945,1264069.65542168,1026391.97044325,988987.6749156021,983384.7687223491,985634.5587298521,1020687.67449397,889627.2256630841,919006.4419006921,914777.115388696,931812.286155661
64,575510.0111476571,568438.545762445,558147.121571551,546667.023823548,470188.575644575,490961.870355846,508245.50302676705,507721.89031835203,508582.20303263795,459076.838567976,418688.850907822,383300.78941210604,409104.86245709704,403504.58333378396,546869.026057411,530824.78636701,543483.8855829621,464736.49273731397,452657.13914054795,475403.14662586706,497660.610169477,743169.09071833,503385.59852585796,566179.447823136,535997.504249271,539323.879801375,498246.119547934,465656.994892523,463043.405655269,465075.215563645,451379.961798135,452526.742391099,448357.99133352,406303.806802644,409673.335630961,353644.692269605,347338.084317088,360182.43788692704,359872.065367416,359047.404761574,324933.817602677,327117.68700890604,344528.833623522,385002.058949475,364081.50229596,96185.0849033217,88788.5977974544,128590.289219206,428433.57655913703,289475.549161921,197965.399727078,216074.871908473,233834.70859124398,249346.745278792,149186.097454153,26736.3386774362,26720.069671445097,29071.6042131144,31610.041898355,35521.6507503546,43549.5134992093,67677.9999163004,54389.5168995659,0.0,68043.8546152374,513454.50061473,521672.58322891203,518119.979195762,683869.652867315,763671.406554889,766380.19783212,876792.057175482,872377.758095318,870963.276770059,385605.10833490704,411330.796081326,488535.528778002,176037.807012011,354064.168595623,863250.97338556,790850.159902757,725469.716761367,715370.40122985,702233.689559256,706924.996043464,732721.986791258,532541.778922395,461693.482132151,663959.709976121,700930.583874695,379452.62098512205,395643.495662191,411868.259563135,409336.47696237103,412420.007494661,295433.573632128,428727.10388144,240682.850296018,226680.25694407398,253789.227540696,135626.158015653,58938.29128017309,124869.396015362,120477.809495515,118582.710040992,138861.27769532902,160871.691769058,171354.507014182,25764.5408815806,21546.0663528595,33733.4369064275,40326.7197417437,46072.1566862188,93132.01255863991,98703.9651384427,94227.0776496558,1117939.75053931,1112295.70988173,1106380.45871824,1181718.14743093,1147174.18318864,1235487.24938034,1194711.44062353,1187370.54050454,1207822.32483843,1222440.90955165,985049.588559901,946896.734409744,941549.2360770929,942611.1257226809,978205.877995356,850222.028262389,877870.722715395,873701.4393065141,890519.0516812041
65,643370.089306843,636243.578614373,625844.497475437,614377.497305888,537969.970511221,558649.8874776129,575963.378995675,575097.7577623479,575920.314779405,526544.88507305,486476.274492526,450754.510557905,476435.64984255703,470404.664321224,611156.132961477,596473.699241491,609877.668765497,530213.9585977821,518861.499897091,542048.24054803,562567.244118919,685407.684610222,445900.975867668,512626.646981115,481034.708623346,484283.940831134,436958.007776925,404431.670088943,402421.67075219104,401538.23788211396,388036.495381285,390497.24587358796,384237.88852945896,341409.659538941,344948.250158605,289480.491331112,282106.24835412,297152.97963451897,296977.517568401,296500.524574222,262263.467909583,260441.63654203,278868.182202889,322071.787854397,303414.34451619,163302.084149231,21151.6389644659,60546.4346995947,362439.83839088294,221434.97438420603,129978.22706742301,148156.861427151,165903.276051095,181394.07193225,81217.5130579733,80151.3819544501,81644.2635712185,89044.88919111891,93187.8496928437,98237.59195902859,105773.747325118,134054.451200847,92550.89667218029,68043.8546152374,0.0,447034.417645205,457601.03130826703,454955.53643324104,625154.4486822489,717966.607600659,720318.47355264,834454.34666671,829547.759219744,827796.6492973721,332708.019439993,358468.367191115,437078.359292498,118907.39258305401,299708.105259104,817818.556378676,746025.0609772321,669257.395842475,658762.245717795,646887.951841251,656783.809181575,684954.324030153,480953.72844856797,408777.49490397103,613854.156434941,654061.213211555,321065.045656503,337369.775792067,353497.528677609,348671.578556045,351248.20451289,236073.45388829,371969.24194454,177162.928089341,160942.438078432,187955.275319873,200839.06783590102,68873.3471081148,81560.5977194593,60205.5290558513,59262.6340455588,76036.7349338433,97981.4555449127,106548.271528356,74793.4574670314,70999.2760632773,47372.513357523894,38818.8537134242,111041.826846736,158210.966884249,165419.51718007,161865.498638776,1073558.91713769,1067252.20787251,1063762.81105416,1139790.34847481,1102101.34269174,1187176.93576775,1146970.7393129999,1139476.0060329,1158058.08888102,1172375.27239966,934652.61144408,897553.712307165,891846.821551915,894643.953893432,929415.2493314409,797383.895251056,827230.290395731,822981.888836425,840086.9042656991
66,1086794.92426188,1080093.52916755,1070337.2804092,1058819.8307116998,982153.9986861991,1003284.20417272,1020425.69423152,1020792.92586725,1021708.89802244,972024.930852565,930735.108804551,883555.367888763,922300.8635683841,916955.4727871871,1057355.98537372,1043475.83460522,1056820.06417292,977185.774228869,965859.47062426,988836.732352713,1009272.59774628,305618.993142911,163806.288626805,232109.023014342,203337.114577329,203542.786636977,109363.548064848,114989.15351426699,123909.680833957,81660.2298979738,91999.35087633491,108845.50476879199,84019.7381462308,112504.46230845699,110507.74632794,165565.098211671,167738.674783726,165431.11845518698,166478.385466612,169228.704875275,198588.372393215,186620.43489697,169534.186328004,144892.082944118,177337.38391879998,609634.002160434,428180.51761444396,388403.62836315396,85639.3673690204,238439.15743694102,320148.227837465,301740.826808737,284756.63411752303,270213.682134942,367262.22053160204,526914.3312671679,528484.5407017911,536057.631905428,540220.7206587871,545270.81067167,552786.987940977,580772.355052422,533882.259553988,513454.50061473,447034.417645205,0.0,60858.0614296934,78275.4347674218,245662.905069598,444760.16427222796,443486.328592945,568353.854327026,560209.393957327,555988.845668836,224724.868700687,218253.63605755699,230678.99986406302,345942.39671234,226861.972731533,528893.837398638,474606.19412040897,307579.63452028396,295023.52069832303,298545.656424653,357619.540632845,400890.74072466796,240772.77535163102,213046.968581718,327340.806684623,386155.90840709396,184123.21687134,176321.73086689602,167787.171145586,146947.304125074,140173.123076567,238218.83462028397,177755.081185043,275400.494904049,286819.81103321,259722.371495679,632580.7658486629,480769.824206372,404113.61447714,394187.071418007,396425.268384376,375228.05535354,353677.716699481,342285.047014816,511053.370372526,509138.905911159,483978.868699839,475354.909513758,550085.035190469,592967.504103923,603448.629276424,602906.723218415,766144.641254254,755340.8795086441,770266.424572681,845859.505126534,787560.406237042,844275.5673632559,810186.248074983,801973.350669208,806099.1529693321,817608.830815289,591879.525886633,566626.105020547,558573.935449437,575149.380280448,599867.467753179,448159.64223776205,493270.311620025,488866.31725942896,506362.126105288
67,1089092.0392374,1082775.44816126,1073645.80652671,1062117.7729727,985496.938138963,1006965.53231408,1023877.60525007,1025606.46168135,1026644.76416157,976731.597370593,934366.122209155,881292.782687255,927678.404038198,923471.697761935,1068397.10446088,1052303.72231464,1064151.5233858,986325.8078849559,973718.382617125,995735.867889668,1019331.21227381,257485.253771213,107156.133367104,171418.553805766,143603.892391423,143587.738062864,55138.886253224504,73856.0181715818,81780.3195582285,57297.79063863809,71296.2295365828,77225.2418137196,73368.7348874155,116940.549384906,113083.962622212,168151.741987549,176288.848262228,161954.13401351802,162430.184989114,163779.888135286,197307.43417457302,203158.337710222,180561.45856368603,137532.281547686,164083.070957717,617410.3283366379,440211.01164398796,401685.13727335294,103422.446407954,264816.204690858,336551.878008818,318706.089910823,303039.524299792,289895.087816941,380876.640400671,537688.350277022,539129.844535055,546206.771683511,550170.776370368,555066.968251791,562850.60028856,589349.1439442689,547669.807800702,521672.58322891203,457601.03130826703,60858.0614296934,0.0,18567.4662728451,195563.553457655,385217.716661666,384123.670137031,509467.435658769,501449.326664563,497344.435193935,191557.586938058,179284.742493623,176632.264628707,348148.169220961,202285.522396664,471192.837775888,415248.20923415205,255305.266048745,242813.39469141,243619.377188415,298567.973610918,341468.58780791896,182062.776047189,163467.38643537,267147.585493104,325844.400199875,161130.926541766,149074.055135609,136403.716955935,123303.345741799,117785.93347221699,231956.120926357,138658.926437486,281006.289743068,297054.938453637,270417.861365623,633252.172510977,483281.46164755797,405309.628566157,401199.188951666,403139.886926824,382926.789472401,360846.815088121,351107.429616593,516280.638242448,514909.343091289,490438.521404289,482251.99042076,554907.498158347,595409.565976201,606749.816074567,607398.023767944,712020.41149102,701640.741597808,714785.0144742541,790830.011886272,734358.9473723121,795209.4579700191,760010.1378952409,751853.652990205,758288.941083227,770349.803985135,540945.811701671,513716.533341805,505900.000388009,520881.16312528396,547105.5779747029,396494.424979435,439916.57302639104,435476.154862017,453143.605103377
68,1083076.37340476,1076875.03119092,1067933.00679497,1056408.99549018,979852.721466314,1001404.83071971,1018238.4133734001,1020364.63133845,1021438.18550411,971492.940691652,928845.074758294,874120.3679213871,922675.6909055171,918809.4962057021,1064988.34105909,1048236.5841068,1059629.27497987,982398.311795383,969416.1047764191,991131.224389493,1015657.13793843,250145.935260679,88634.0279083861,153884.846103245,125357.14049209199,125434.866844949,37624.4197614746,60817.5997217067,67874.9886475567,53691.5723462149,66932.7169795352,67836.5172786364,72491.8103977432,117203.21014523301,112990.788053156,165866.753081975,175623.504038136,157964.90189639598,158250.485932879,159128.65182873802,193186.88680025103,204366.01809947,180550.236228603,133118.357568662,156995.332475135,613509.7884799311,438075.845065571,400093.83183159,108517.16604099401,268243.919760336,336279.169706334,318729.609828657,303591.115832965,290991.07200081303,379487.695656251,534868.495503363,536267.178223085,543175.756566983,547069.731533321,551907.587365875,559754.242873969,585745.109241884,545749.042246681,518119.979195762,454955.53643324104,78275.4347674218,18567.4662728451,0.0,187707.486509004,370346.516814833,369423.678223998,495086.333460025,487175.75920623704,483165.780009484,178009.46614009302,164257.837955803,158292.18667706198,343487.566362735,191079.129142641,457739.945592305,400525.391002049,245755.734591463,233374.011068401,232526.548156786,284261.998088917,326757.616030854,163590.367326257,145934.68897837802,251685.68877751,310161.096266264,151083.471114789,137970.582464327,124298.020980154,114132.97920345301,109261.585589065,225789.87088182103,124115.673144826,277865.631295617,295177.559179872,268927.020602412,627225.822784727,478137.875337951,400060.640320972,397701.85669981,399544.288118543,379723.339108465,357600.33822169603,348417.699255203,511846.841584293,510641.09830327897,486446.15654327103,478415.775369394,550256.7705889479,589969.839265474,601540.10501766,602538.009589282,700589.634285814,690447.778729041,702583.256092806,778851.81376969,723412.2324905591,786274.926967138,750571.9948897491,742448.425587067,749961.9631061329,762263.8525923741,531343.299732601,503121.947135952,495442.11134884396,509528.123029091,536549.466295848,386768.710409086,429188.715299091,424735.703627487,442468.475893041
69,1230980.97562484,1225524.84761767,1217771.94757252,1206339.42745517,1130646.5333181003,1152549.89711242,1168814.87198834,1173240.50466671,1174508.87255472,1124686.33163521,1080710.17902251,1016188.5525090001,1077507.56129083,1075510.01406121,1227284.66736588,1207331.58138972,1216279.55628011,1142527.27565437,1127703.61819291,1147702.32349266,1176879.98487229,62588.323920965704,180994.349931765,140197.428381429,157126.067707656,153727.45676663,192178.126147291,223484.14935114802,224036.925937243,237736.29889779698,248606.47136189198,239641.515740868,257663.751244708,301690.773816514,297200.122914388,344275.996725248,356949.070092812,332685.607463375,332449.657168764,331972.707157363,365545.113031748,388187.519431424,362896.812212779,308468.44178838603,322169.534397147,776562.161123452,610319.522732016,574632.8150765529,296191.141666802,454304.357790012,515334.0042962,498712.202051538,484910.898379949,473518.045849747,554930.25015532,703392.634227304,704606.560991358,710762.919065787,714327.61487652,718870.628192265,726886.832429047,750433.792577884,717533.754651402,683869.652867315,625154.4486822489,245662.905069598,195563.553457655,187707.486509004,0.0,227655.54938918198,224462.048378449,340024.215554065,331190.732584494,326295.413582841,304395.755921395,280218.677890625,216592.00139267102,508076.747217742,332201.843378435,294519.74583985,253673.445497487,63128.994308764006,50844.684474154405,63554.6959418013,143953.185996255,186105.26336591897,180505.98587628198,233478.20280493802,138196.29743342698,187528.44089346103,304487.41231558,288254.72972831,272038.565520385,277250.224843743,275470.44464159396,389161.743818112,255834.04389593302,449954.58308316,470666.372635826,446046.35653403704,779294.523378478,637351.553494455,560528.440355291,565643.312081539,567067.782602672,549128.509725989,527309.471334185,520263.51601206296,673810.39966327,673377.538142264,650784.710743822,643552.0700050821,710614.6671067959,745780.8122930491,758382.5300829259,761142.552631398,521440.10090161295,510303.693367814,527287.843499239,602049.5933422,542201.939977042,599777.635585523,564974.771332305,556788.532680755,562727.880901526,574833.106951925,346309.83613254,321303.85172345396,313144.603408472,330999.786172822,354436.969628616,202521.23794905,248427.87945440898,244073.381121188,261363.23762436898
70,1254066.13611197,1250110.77273249,1244746.80151713,1233786.00871994,1161833.88951839,1183742.22264699,1198487.33701073,1207097.12128617,1208700.27322886,1160537.26276192,1115443.56948097,1035896.29497668,1117931.27415957,1119606.96426387,1278696.95589973,1252526.49990897,1256326.76694809,1191524.65125765,1173376.24484111,1189403.2936004999,1227243.73871024,202318.17734862698,310240.179269201,228077.475541076,263746.417692394,261607.58232886,353801.090906311,374211.528060865,369573.158459944,404268.80728922295,409459.83761658706,392112.839606784,422506.48224492796,458340.408188644,453846.302045996,482572.328486135,499139.310756856,466804.760685171,465816.33531565295,463409.938503419,490381.43147053797,532895.801506407,506619.62330956204,448043.19038215,445275.34558460396,845516.6423062191,708498.224642687,680427.021829354,466196.810778431,601481.460913867,636219.842761008,623245.933017291,614038.947673269,606908.84316576,664244.738042572,787617.181036268,788372.561586705,792600.812418168,795275.477417462,798944.9837621921,806843.893634872,824083.770251098,808026.76286406,763671.406554889,717966.607600659,444760.16427222796,385217.716661666,370346.516814833,227655.54938918198,0.0,5834.92028487282,125895.277506227,118680.871757052,115395.886512075,390172.99764555896,365473.22451734205,287076.026616532,600739.780909935,424595.532436954,99857.3106465669,30551.6694515685,174069.552929613,182747.04154876,164180.342530747,87909.113332297,43967.5713309654,246188.18404875198,318090.09302484,119635.19581752,65475.806860207005,418467.88129646104,403961.768988618,390854.66194890003,409587.654147551,411598.1717797,496485.899667776,366703.68506204797,562586.025130692,587592.840714416,568910.926682141,827756.098023798,708328.031830922,640588.361701643,658680.22461645,659184.9977181411,646443.231805653,627236.123086985,625002.109533546,747028.3217331441,748075.2322732579,730132.9975837129,724954.8202701791,778333.4074432141,802936.484746682,816621.803564298,822456.257516319,355837.56812651205,349290.158802276,348495.939960455,425419.415946425,384135.25107418705,473319.716488665,431866.702657442,424739.088020569,449117.853992375,464528.946059757,233945.40192928602,191653.14940286198,188542.17198305897,181839.467238752,219532.613419378,144914.801976852,138328.999375404,135661.822694253,147186.131020821
71,1258216.06252108,1254232.41751048,1248823.29078066,1237850.44541854,1165804.6862441,1187720.66822754,1202499.18344715,1211033.36985582,1212630.72115788,1164419.19256177,1119329.63897914,1040028.45804173,1121708.29274642,1123312.2602452,1282312.46661671,1256258.25990056,1260160.54769026,1195159.51903585,1177071.10147974,1193182.41381579,1230863.584999,197942.89011117103,310446.405998958,228359.714716464,264072.79772095603,261874.931056037,353422.428158866,374237.779071837,369719.585669454,403967.131867753,409344.28359610296,392169.62968241103,422318.209048926,458504.16742513,453997.335622315,483325.913594615,499826.26634597103,467629.346443858,466658.52686643205,464297.341480622,491521.03705773,533587.262003054,507281.106246938,448661.585508435,446328.267486731,848543.544150246,710707.86378963,682411.7059182221,465976.62433376396,602225.687391468,637751.639133888,624660.471423844,615314.363676896,608055.335092877,666118.3979873289,790245.80884111,791012.6510819109,795289.8526176559,797987.64957606,801680.71445689,809589.3577726609,826988.176203665,810525.154062217,766380.19783212,720318.47355264,443486.328592945,384123.670137031,369423.678223998,224462.048378449,5834.92028487282,0.0,126087.09948598199,118611.308289809,115102.051117921,391955.483822291,367149.201170436,288571.74905389897,602932.552135516,426355.897384021,97732.3524154973,31126.3881524187,170111.948697868,179012.45681599897,160926.64850069198,86110.6009076328,42667.4066217189,247345.992310259,319489.097330056,119419.11993563801,66890.1691648506,419662.913333696,405054.560714596,391810.61482794705,410266.970856559,412183.426938056,498096.32998731296,367746.350936439,564209.152800079,589150.697189584,570277.7389224321,831208.3281988329,711179.5906561221,643143.854573914,660952.225914868,661480.001940268,648593.36521099,629293.0868234771,626935.187718877,749871.206198547,750885.552654997,732817.482791495,727585.8523189259,781330.369401322,806185.613482152,819859.214034983,825632.231475611,353792.320171265,347032.794393261,347044.110114248,424029.120343089,381851.494500185,470143.758593065,428812.040453519,421635.812230464,445533.35074517,460887.227851705,229575.254580415,187463.151559271,184175.447324353,178236.65017568,215722.36755523898,139102.83276801,133080.058965467,130347.322917728,142130.166458317
72,1344829.42623471,1341461.15227203,1337015.28396019,1326318.52225986,1256341.50532227,1278051.64268689,1292126.28517883,1302138.20969244,1303844.7364448,1256678.22275393,1211623.47333572,1127641.12555343,1216011.50029899,1218885.40262701,1379109.04477687,1351079.28941661,1353112.30247589,1291791.4066192,1272705.69023232,1287281.79233062,1327680.80149341,300812.862437491,436078.401305955,353889.317149084,389514.37083823205,387418.942305392,479509.504858881,500104.85067158,495434.33472215896,530047.884266141,535340.882123336,518001.216397029,548359.723792146,584186.828324444,579699.539434244,607581.270069739,624287.167311518,591653.063959631,590620.943900606,588098.166286587,614265.972856777,658019.699439951,631817.297728137,573349.836541087,569497.2740167989,954973.44007287,826143.2253061429,799748.407338945,592033.8925342329,726458.5392393409,758268.4350504009,745874.1200628009,737283.4163973491,730662.720256198,784318.298283321,901468.273770262,902110.947895615,905848.26899733,908285.181865698,911707.488722144,919488.300764371,934992.990534726,923055.57330082,876792.057175482,834454.34666671,568353.854327026,509467.435658769,495086.333460025,340024.215554065,125895.277506227,126087.09948598199,0.0,9163.97348974622,14698.689813166699,511418.75390684104,487348.02835583396,410037.51124456,718751.819289005,545850.628348383,52535.6352266666,95344.2862030271,279777.525676274,290726.918794318,277490.79961020604,210901.042792696,168587.120425951,370453.851132155,441327.379889171,245448.51580876,190408.294609875,542248.3751413621,528107.137159105,515423.663865275,534797.118559274,536980.455957041,618350.85569458,491055.26394886203,684268.149777861,709572.8347486709,691813.866957634,931756.5797792459,820136.815102465,755508.447005832,775945.9697927859,776267.5413407029,764663.236265402,746162.8003391691,744763.981872354,858812.2313280641,860199.297061982,843581.559782192,838934.848232347,888324.9690746029,909778.1016513909,923570.475542303,930167.8959424379,243136.003635233,239492.057695705,229592.11308667602,305336.606936272,273945.720008149,375330.522645114,332559.54446084396,326459.04086075,359664.53462941205,375921.319675421,179851.000082498,140381.649545008,143617.774714061,116365.71550678,151333.966646781,184481.3549673,142719.211028613,143994.042153944,140171.99454486
73,1343074.12480326,1339646.45342162,1335107.21854132,1324381.53354177,1254187.57010351,1275922.88945943,1290069.41608315,1299938.78792539,1301634.91223727,1254354.35018651,1209285.44568114,1125734.98217408,1213473.00713778,1216218.16428535,1376347.32584811,1348516.67743418,1350739.55327784,1289030.48699418,1270043.98275237,1284779.88102714,1324907.5659454,291709.193721911,428916.277495589,346758.316790305,382424.384535912,380288.32138546795,471947.568657101,492821.034001268,488237.309846168,522531.904562824,527955.591866065,510740.40181326,540922.035086081,577010.9672388979,572513.519775161,600892.449527526,617545.32694865,585020.8424999911,584003.7109053279,581519.610987025,607926.253257832,651289.938269192,625055.35424178,566536.549989715,563057.687892406,951058.616627906,821055.9992340159,794379.8692925429,584571.161318424,719790.613202025,752380.012211893,739858.7034881379,731123.8266493491,724373.689689418,778814.9168194591,896959.768988051,897618.270804005,901424.2077895241,903894.193861428,907350.905793102,915149.63092072,930887.595924717,918384.9611607341,872377.758095318,829547.759219744,560209.393957327,501449.326664563,487175.75920623704,331190.732584494,118680.871757052,118611.308289809,9163.97348974622,0.0,5636.11868262755,505621.79723604897,481422.04641616397,403855.701849625,713578.423072833,540065.8366669579,43632.5805800859,88162.8278247477,270811.08980669803,281803.8030972,268757.43456911197,202924.995286642,160945.247301585,363948.621400046,435100.06651396,238030.428196639,183580.431562081,535922.038795555,521681.248434196,508872.30427412,528022.496116507,530129.7495097329,612471.0497717761,484563.66414377,678440.605355593,703690.0321094721,685727.801855585,928486.869959658,815880.6305243041,750808.1948647,770905.538820328,771255.40766452,759469.3317142,740848.496001088,739307.058106347,854571.4579315209,855914.0887725941,839113.2634641121,834391.954265966,884323.8887385679,906170.064475621,919954.004537587,926461.5494929791,246536.05373547302,242368.87676266898,234229.973400426,310357.10171708197,276985.834556958,376818.991466186,334127.18429934,327875.423707684,360075.652204295,376274.18620188,175668.246585659,135353.137681458,138134.48518336698,112128.98470708,148082.484152333,175636.655782216,134459.112503565,135615.42956750802,132328.83266652
74,1343377.57208906,1339912.76261534,1335315.00441235,1324571.37829141,1254242.22038593,1275992.91659415,1290184.52601288,1299963.4507443998,1301652.93662841,1254301.11761783,1209224.43148606,1125949.77004849,1213283.86931649,1215946.34024861,1376010.75881674,1348308.69017133,1350652.84077807,1288696.45219711,1269774.28445575,1284612.27401885,1324564.7303336,286436.826411533,425532.231599061,343411.978341131,379104.429014868,376936.34248005704,468234.001257585,489332.621910094,484818.898793581,518852.148714561,524382.229498244,507268.890187518,537305.076204343,573602.205333089,569096.992434804,597861.404456889,614472.499543852,582034.196406662,581028.5601243321,578574.0635222939,605158.561289922,648224.193645871,621966.589958498,563412.476376056,560218.759330137,949977.8899591321,819179.322702818,792306.3937528579,580930.880670959,716768.2795829191,749935.597520883,737322.30606365,728481.919285566,721636.2468710929,776646.373484952,895479.8095612121,896149.102867127,900001.705226111,902494.112623253,905974.079550918,913784.632217964,929679.755611874,916792.852565108,870963.276770059,827796.6492973721,555988.845668836,497344.435193935,483165.780009484,326295.413582841,115395.886512075,115102.051117921,14698.689813166699,5636.11868262755,0.0,503264.065646341,478973.23574390705,401229.868972601,711647.5740378491,537712.987566819,37997.9840912082,84975.6076386998,265754.15592975303,276802.823039226,263981.368675239,198905.81850843102,157245.455294075,361086.840962136,432435.104193755,234479.47483445,180539.263822657,533170.640042203,518856.55767962296,505954.050924064,524931.5466884039,526979.7981802679,610042.284094835,481693.422223241,676044.910582161,701252.545350215,683142.755575233,927834.352757892,814576.586035629,749204.4369774921,769064.347740283,769433.9677833429,757521.1609672529,738816.479245893,737173.8860545179,853275.7758653021,854588.2143602341,837663.613183074,832891.518848056,883188.374938295,905295.6644829509,919073.367699443,925520.9616182459,247475.34939453602,242974.32109658103,235990.953204753,312339.533419825,277675.314678434,376488.70676724205,333860.16467778303,327516.788425691,359089.05101953296,375247.382742104,172125.972383988,131392.92061251198,133927.498285416,108646.573253883,145093.591130048,170003.20004988,128966.218141135,130084.273357904,126991.16152320801
75,926996.905192203,921434.365892944,913543.574294802,902097.481463561,826310.543522461,848200.8051685259,864505.615228835,868845.0804145171,870113.14128621,820293.311061964,776320.847594705,713174.2905268809,773197.210408653,771399.7477070941,924282.299140824,903506.592810247,912068.588084014,839013.6227640059,823801.539224487,843521.56072719,873617.7679623541,360815.90626015206,125037.136345056,180584.672430379,151035.83398199,154419.142328718,143668.748834458,117727.83072133099,110163.324409711,143696.189450415,132732.879212247,117250.47177201901,142025.13404868598,136809.960434179,134937.90763220802,120829.875563489,137677.986579234,104769.34168464801,103115.79909690599,98983.7688768891,111628.883559754,166851.278543387,145169.841592077,102772.376684556,76742.8065504836,475458.765516631,321170.506285203,290972.453397132,165748.85752439,228561.959471033,246938.13094583302,235129.824125112,227924.98605873898,223260.35026813397,274249.53248860396,407259.35654768796,408273.266390522,413630.170388844,416849.50447245396,421073.524250364,429118.75718507206,450548.466966193,424734.638620833,385605.10833490704,332708.019439993,224724.868700687,191557.586938058,178009.46614009302,304395.755921395,390172.99764555896,391955.483822291,511418.75390684104,505621.79723604897,503264.065646341,0.0,25787.820445573798,104662.371064053,213869.919660081,34450.4763250161,489658.11315467104,419395.33999893296,340930.948653911,331333.602022975,317027.014175797,324473.24925888,354570.88799579703,148336.516794261,76191.40677789999,281656.928503883,325101.95574227103,50585.2403970488,50311.4255756246,56979.9204397032,79672.5570447571,86604.68902875809,107093.499354014,54940.9989168088,172855.86910155698,198248.169504805,181910.047794451,474979.33560691896,335593.98163441,260785.13552666397,272564.313442417,273446.06893522,258655.23797952698,238483.186955463,235293.21296279802,373081.356411464,373121.08329976205,351970.03106375,345494.02179152897,408682.167521801,442097.695406305,454907.517261772,458185.559913005,745647.145667969,738511.114165549,738492.352745919,815271.69508332,773223.9856371479,855266.305677635,815459.445796142,807866.2331386609,825530.9765358979,839769.240648234,602032.827145468,565330.608563459,559465.61784518,563329.5189893179,597461.387698579,465009.61925364,494594.358389503,490332.09552954,507493.354287219
76,950800.18301553,945318.241759198,937553.968431378,926122.610113665,850463.053464905,872376.64457098,888615.3019814041,893181.090000865,894467.38374513,844687.267179861,800611.450189078,736436.242988697,797776.497742719,796150.602817012,949408.7432786591,928388.4897467829,936734.8034373691,864013.9391392609,848657.9799621641,868216.7785254391,898686.29508309,335949.27714898397,102638.374549626,154848.747376972,125752.737349534,129155.17615643599,128114.41014878699,106073.981096447,97683.50853580699,136605.131799687,127440.714410571,109408.40597219,138530.981486261,141565.930767425,138953.50250052699,134984.970338479,152349.79427386099,118310.319539872,116787.146667001,113013.41040998099,130947.585555469,183464.33001688198,160067.45800479,111076.147929318,91029.9776226227,500964.64614162897,346833.789724299,316337.843881808,168088.510056567,247684.955739561,270963.089195283,258600.557710722,250637.601180858,245170.245714741,299389.231673237,433034.674214172,434045.340476709,439384.741975591,442593.98843494,446807.00657365896,454851.396142468,476168.23769349797,450516.717661014,411330.796081326,358468.367191115,218253.63605755699,179284.742493623,164257.837955803,280218.677890625,365473.22451734205,367149.201170436,487348.02835583396,481422.04641616397,478973.23574390705,25787.820445573798,0.0,79178.7374471393,239611.88073498398,59466.4840205238,464799.338603571,394864.758445315,315594.650219671,306126.95069359604,291511.182083893,298878.363036227,329407.751157197,122674.913110476,50407.8558372861,256107.520242658,300264.496214053,62385.831160377194,55008.3542161939,54071.358166200494,80408.174154767,86894.6657264748,131077.854395106,40925.8194257289,197136.719147683,222279.539725625,204824.442964165,499593.592614008,361081.55864381604,286492.555782174,298313.897667417,299207.89377733803,284309.48653213197,264032.098217206,260606.254728882,398662.065428737,398741.01155868,377683.46426478896,371238.231183376,434110.769860127,467118.836302768,479996.225993144,483411.45494172,720702.5979319059,713449.854075082,713917.13771392,790761.7762792921,748133.9861624759,829700.809011479,789964.4630493191,782355.433824728,799843.658313251,814060.52099773,576323.974667492,539724.061641949,533823.402657753,537900.986776617,571907.477943051,439223.36560193397,468882.6423966,464615.057290015,481796.01868762396
77,1018485.66639592,1013329.17957086,1006078.87092492,994718.834083019,919657.674740096,941640.358189971,957593.088670758,963079.1914251121,964439.812089554,914876.243035835,870426.950253382,802375.298174373,868793.281810142,867905.8865603929,1022773.88674139,1000616.72038794,1007996.45905778,936832.8462738559,920831.988063553,939661.8108504509,971802.539056819,267100.902422936,70445.02219623889,80380.2925457182,60808.979369105495,63999.8554639329,122156.506931906,120046.73153087801,111786.67743190801,157071.959318374,154561.46836714802,133664.575198865,168415.156885586,190046.1048197,186183.967688379,201020.532690176,218314.72439793398,184484.137881511,183263.36647079,180280.76415183302,204492.30884518602,251499.221929933,226062.354988531,169661.06002963698,160417.579157903,576636.693046486,425793.985233929,395516.25840835297,208594.892289981,318745.834104985,349180.166705113,336191.852536299,327268.212993127,320695.124207583,378522.930842918,510779.925516735,511738.58478420204,516850.750046034,519950.72980723204,524054.165122649,532085.0257028771,552541.946660511,528872.001222112,488535.528778002,437078.359292498,230678.99986406302,176632.264628707,158292.18667706198,216592.00139267102,287076.026616532,288571.74905389897,410037.51124456,403855.701849625,401229.868972601,104662.371064053,79178.7374471393,0.0,318357.996601398,138643.997009776,386092.7743073,316744.875888546,243529.688281326,235160.96343682898,218069.516647032,219830.92776469898,250369.862002843,44010.369095178605,31397.4749596293,176995.782982082,221696.277059601,132527.217101107,119161.943675957,108269.959931345,131534.560909424,135545.809013617,209614.910550965,83506.6893777299,275731.244563299,300589.17097569304,281928.166562714,571247.6541508089,436864.185294856,363701.644225663,377004.880725055,377824.65997889795,363290.85058325296,343142.055945559,339784.056534978,474887.95225828397,475202.16131962603,454817.587988879,448648.706186793,509462.014467036,540528.365699434,553673.403346515,557701.849291651,641837.03957658,634460.219954168,635563.870587264,712495.0318404159,669115.278394616,750604.955667877,710810.388744222,703210.872196699,720998.794914432,735296.995756098,497575.879174375,460688.234543565,454860.064247971,458723.861758616,492799.199610355,361747.306320112,390160.82262275,385920.505814405,403008.548666341
78,741811.311171795,735314.5251497441,725935.772915332,714407.136768768,637740.038129454,659111.286935211,676100.4098760879,677519.194276061,678542.645582519,628648.112386983,586496.8095320021,537724.958904892,579532.396421427,575395.868389437,722171.124026238,704809.32802827,716166.799423361,639058.4993716999,625931.036391196,647694.6541028221,672530.510251456,567755.312255826,327984.68856473,393727.26434788294,362279.206476017,365544.399376983,322424.83391086303,289847.154126371,287072.867346878,291059.407120163,277187.28963552,277136.07239646197,275293.15732163197,235201.032086126,238133.14000908,181652.98997140198,178236.70153473102,186200.846094944,185719.874405018,184497.238169997,150862.102053934,165230.87501396402,176989.033063169,210696.040704994,188228.75044684802,270390.178892337,107787.03902194901,83245.7181336692,260323.093854974,154241.36441328,81840.4796691886,88634.87803313481,100851.34520676,113170.761357129,73288.9217908572,195418.75325424,196596.23927431,202686.18048639997,206262.535024056,210837.543364507,218841.617774721,243203.00536463602,211233.331539112,176037.807012011,118907.39258305401,345942.39671234,348148.169220961,343487.566362735,508076.747217742,600739.780909935,602932.552135516,718751.819289005,713578.423072833,711647.5740378491,213869.919660081,239611.88073498398,318357.996601398,0.0,180802.26062536897,700581.085983268,629162.5276846039,550912.131423317,540559.515962563,528279.6281402439,538152.923747667,566953.399000151,362174.865795132,289890.717993226,495257.20001768897,536435.8299828289,203589.360315605,219830.509844547,236040.694527615,233417.879792783,236665.031547414,119407.723561619,253648.003084171,71325.0580456357,69607.2760396005,92716.1402425928,286719.813814373,135371.09415761402,58190.4969873401,58713.21862048809,59704.19124522639,45945.332259004404,30559.7490276085,37850.624054270804,168367.975590729,167246.716609738,143466.35378732,135825.403915831,206808.187014525,247706.57699681897,258756.24958429,259249.854871221,956552.259297154,949965.340600131,947613.368596106,1023934.89150589,984780.633440716,1068759.82472604,1028711.88375116,1021177.60003034,1039352.72873667,1053622.42266233,815888.450227106,778984.2165484129,773207.198669099,776421.616998204,810958.987334009,678479.791234163,708454.0769428691,704195.9759660941,721337.478141655
79,901475.97626987,895721.8786848009,887525.4835286479,876048.148208579,799979.34280721,821799.303235338,838263.211760387,842021.655964848,843241.499620436,793340.272434015,749662.299480314,689054.660408642,745766.99413699,743486.3227786259,895166.135456583,875157.0853157621,884337.493120438,810325.8454909971,795556.379326263,815735.0326171679,844703.3852577059,390047.75945431,151303.064557754,212932.44258467198,181957.86743785898,185274.064895432,160178.670305455,130450.76347041699,124382.566041596,149171.876328448,136427.17093875,125201.84455954301,142851.435606188,126815.118944306,126059.10605739099,98540.6593398593,113974.96268082,84334.58584536299,82608.1925650996,78257.0504075326,82481.7186611863,139885.41384695302,120922.31880917099,90213.8607474188,58047.9324470908,445114.81426918204,287663.018460143,256876.358401136,157727.03376649,198084.23279895898,212576.19077098102,200996.17311539102,194246.84735567,190188.285922931,239954.88166921103,375160.98154312704,376225.754975116,381798.97379414,385118.932527555,389441.002964932,397488.567250093,419656.56623482896,391978.837485174,354064.168595623,299708.105259104,226861.972731533,202285.522396664,191079.129142641,332201.843378435,424595.532436954,426355.897384021,545850.628348383,540065.8366669579,537712.987566819,34450.4763250161,59466.4840205238,138643.997009776,180802.26062536897,0.0,524047.256116282,453839.470924406,371468.26047686103,361505.337256954,348186.75460973,358261.75599951,388826.54378639604,182024.00239783397,109285.766822155,315530.021553314,359491.72394632705,42746.4570606641,53224.7526267049,67141.70721863389,80597.6290026122,87089.19733903429,72868.4028166405,76806.99357540191,138446.944828407,163900.435523245,148176.89349724198,447703.92116449896,305492.337670438,229549.23365284398,239506.10808272,240492.508616677,225135.931182911,204685.93007447198,201140.10388665102,342470.479326984,342297.297782255,320558.021810538,313820.397559066,378740.64288496703,413616.98330099205,426184.770353205,428979.403343025,780012.612185446,772828.075290624,772935.342611633,849719.508021088,807526.960466058,889092.180028323,849402.313824486,841785.3855663709,859056.6169169309,873216.525302827,635490.960301413,599080.799746603,593132.939643639,597361.928326806,631312.774261745,497677.80432419706,528049.88395321,523766.73823382,541000.89468603
80,1346970.46180155,1343257.96972427,1338269.33707225,1327410.2523982,1256207.59308277,1278050.35470521,1292537.92497626,1301703.58135734,1303347.55476389,1255540.31487531,1210436.12016747,1129067.0237978997,1213629.7512713,1215732.81360938,1375279.65796025,1348458.10340499,1351618.77800876,1288023.87045387,1269545.8374648998,1285064.94019176,1323815.0363315002,251700.21618745397,404836.402757237,323339.337740332,359053.328281796,356660.55867218797,445013.514027292,467697.20617147896,463701.081477743,495764.660849965,502054.003910596,485713.585279182,514636.036379564,552364.922239652,547812.1228244579,579275.511345075,595560.782205839,563793.231285264,562871.1651240521,560631.600761841,588423.692554199,629308.4206881371,602929.181798589,544230.349962825,543070.379261568,944469.47636912,808344.990409099,780142.531816727,558016.634511453,698064.777774337,735245.208403185,722005.723976965,712438.4375225729,704931.747790334,763842.32230879,887293.328728296,888035.959250015,892204.612785422,894848.168779776,898483.980451772,906367.90013412,923322.5987603059,907816.012048685,863250.97338556,817818.556378676,528893.837398638,471192.837775888,457739.945592305,294519.74583985,99857.3106465669,97732.3524154973,52535.6352266666,43632.5805800859,37997.9840912082,489658.11315467104,464799.338603571,386092.7743073,700581.085983268,524047.256116282,0.0,72763.7334362986,232851.09312780199,244321.79820428,233372.642082374,174936.516992458,136662.500293202,344451.748429304,416890.081269861,213721.48812006103,164556.393317952,516704.627258429,501906.090316159,488371.118263389,506069.20639202,507690.87979761604,595682.336834426,464520.083704076,661800.152837079,686677.221114404,667561.604380008,925258.8166835791,807685.105795748,740341.289529997,758536.7655322021,759042.308072019,746269.236523113,727009.349258881,724667.1485130771,846396.365155583,847500.6682237791,829746.865324948,824631.7334963421,877371.421747483,901235.332986216,914956.904307457,920990.262784633,256061.87986246397,249434.48171799,250014.407805521,327079.699665158,284283.438105758,375514.689350489,333594.856613959,326681.303189234,353764.23128973204,369549.215666839,150750.822711095,107808.374843901,108208.306812695,90088.6019733182,128720.04500181599,132006.199670892,92098.5859387392,92879.5315266508,91525.602768955
81,1275676.03775486,1271868.23861318,1266735.52898391,1255837.26959451,1184357.23537237,1206224.77517375,1220805.26062044,1229776.49199806,1231406.68922559,1183477.78042058,1138373.61621972,1057644.54352988,1141349.99195966,1143333.97443593,1302772.09361773,1276119.00342295,1279470.20824921,1215533.18992838,1197138.09281924,1212800.19672307,1251308.38411835,223589.706836142,340779.422108896,258608.07061121,294265.406171686,292138.835792531,384285.374960316,404763.19167822704,400118.51816409704,434777.53007691295,440003.99409104604,422663.958352102,453040.46663269994,488882.655662124,484390.131702891,512890.828418111,529496.9552919021,497077.556148363,496076.91079059604,493637.906133294,520389.45320798,563248.875945418,536991.2419431789,478441.31840755,475370.212696766,871763.7691564759,736863.4053511459,709233.7245592279,496725.47633822204,631798.777613215,665751.744433168,652932.307131184,643890.730128519,636897.524998886,693249.5815386471,815000.06586979,815725.8565791709,819825.672277243,822438.445594282,826044.0142594641,833914.9775891979,850703.83435244,835729.246540441,790850.159902757,746025.0609772321,474606.19412040897,415248.20923415205,400525.391002049,253673.445497487,30551.6694515685,31126.3881524187,95344.2862030271,88162.8278247477,84975.6076386998,419395.33999893296,394864.758445315,316744.875888546,629162.5276846039,453839.470924406,72763.7334362986,0.0,197453.698016826,207000.294234411,190143.565890537,117146.944292726,73783.3951445128,276239.489305943,347860.55400366,150146.653232611,95587.0558676479,448432.218012314,434027.14987566,421038.96083071706,439956.15446407,442015.11411079206,525931.8495748771,396820.514290485,592001.017851984,617095.730114528,598662.273088794,852557.789714077,735128.6876396999,668189.465919173,686924.811911225,687380.276803518,674941.220885698,655918.737739086,653910.940051204,773843.2420214559,774981.308254054,757383.677123115,752345.124790743,804688.2951246391,828471.647857893,842193.190239682,848232.060968477,327536.445942112,321486.215619527,319097.909976574,395899.125658615,356364.018828518,448159.385474509,406316.73633691797,399366.820322835,425604.814605854,441248.23699251603,215228.58034810898,172155.83659227198,170187.464887092,159292.51057062,197718.25569196802,145600.542043669,128364.260070715,126542.40480237699,134968.52579774198
82,1261894.2572491001,1256785.79085604,1249587.2545751,1238232.58115044,1163186.04146,1185167.69847166,1201122.13548469,1206567.44304165,1207920.06289078,1158323.40354895,1113915.97376214,1045462.418933,1112060.02547402,1110924.90695662,1264903.21033398,1243447.9892398,1251213.41634975,1179327.75883969,1163677.13219004,1182808.75623171,1214107.34641238,33870.8188709757,223692.74321025398,163149.918167628,189895.133092827,186514.27911983,245043.25216366,274581.740003323,273766.147862572,293202.425610131,302979.90295014,291710.358790798,313168.488487519,356168.54138212,351597.687376855,395308.272043395,409086.472861126,382512.97554893896,382092.124916968,381141.199567805,413793.58820582397,441326.486501553,415469.369901329,359097.198643143,369068.022779345,816310.191511039,655511.742827222,621220.882108185,353461.796886814,508674.303937215,564706.537757474,548718.178057945,535776.964258756,525187.603837454,602122.4755175479,746153.203639742,747271.3477701141,753031.5750777959,756418.049097585,760793.1860563541,768838.483239228,791096.347760349,761807.3836278559,725469.716761367,669257.395842475,307579.63452028396,255305.266048745,245755.734591463,63128.994308764006,174069.552929613,170111.948697868,279777.525676274,270811.08980669803,265754.15592975303,340930.948653911,315594.650219671,243529.688281326,550912.131423317,371468.26047686103,232851.09312780199,197453.698016826,0.0,12557.0413938953,27418.6628096328,99964.55323409369,136276.555381261,201894.1925169,266075.42797636,112509.507293246,146649.13913691198,348573.65142948,332282.18101281,316336.55363077397,325280.33001695,324420.20507359994,433626.585599209,297304.591828816,496694.138967021,518664.51911819604,495082.219902049,814216.22560625,676484.8844297329,601014.305648013,609235.822401868,610461.8995751471,593535.720259224,572079.297313145,566061.98964196,713797.2511484991,713707.179517632,692007.722791777,685189.9598992771,749607.216806384,782540.5470990959,795491.842849331,798998.9117287259,458767.475730632,447811.21275514294,464218.969767725,539114.683968789,479983.804175872,540567.102487087,504854.758303379,496720.621284721,504739.148369022,517354.986754567,285684.035167324,259055.335070691,251044.69666571397,268080.925267013,292328.470264467,141189.196664733,185761.561860489,181375.461690267,198807.623444184
83,1253645.05026252,1248476.65710875,1241182.96150997,1229813.49943978,1154646.54839722,1176618.41142534,1192627.62267111,1197902.07254737,1199240.75107641,1149598.89493146,1105256.50442967,1037456.19888831,1103175.61057905,1101897.51618567,1255534.96891181,1234323.52473923,1242285.68907158,1170082.57883056,1154565.58417242,1173843.18616738,1204796.87381579,34915.547208553,212961.557858575,154888.740366053,180375.90260901398,176971.790865513,233142.536903335,262911.609498743,262256.050314082,281074.829252572,290970.643989979,279946.288365242,301047.919986536,344177.139481815,339612.91910282697,383742.294495285,397391.176851316,371091.372586841,370693.89031597297,369803.34060373704,402598.32240420295,429523.37818109296,403724.16659357294,347558.871982264,358020.03240961104,806524.088221149,644851.48977629,610347.784226065,341185.10470536,496744.88548319397,553427.3998107229,537348.8689487,524290.107660953,513593.753731426,591157.3329820479,735882.185425865,737015.210869519,742837.4639422391,746252.148797733,750654.226711155,758697.1693677091,781160.440986817,751311.8350517041,715370.40122985,658762.245717795,295023.52069832303,242813.39469141,233374.011068401,50844.684474154405,182747.04154876,179012.45681599897,290726.918794318,281803.8030972,276802.823039226,331333.602022975,306126.95069359604,235160.96343682898,540559.515962563,361505.337256954,244321.79820428,207000.294234411,12557.0413938953,0.0,25448.8147775402,105233.530516827,143653.673967995,194198.452837193,256907.58847484397,113040.973141379,151561.104644832,337889.30939645803,321586.244030983,305582.305411167,314041.617525459,313063.305416952,422966.89266409294,286911.514827749,485751.07378936704,507556.620773224,483823.38064757205,805205.1089283021,666752.136588998,591040.471358326,598795.875675683,600051.951614633,582969.325248882,561451.287645779,555282.7176269661,703944.170961405,703800.6757645829,681955.901531575,675072.186377884,739921.585278051,773221.2551162741,786120.15412395,789508.42655054,471303.41121301,460360.643383152,476655.41928926297,551605.180344376,492540.608868438,552910.6175101721,517289.463888273,509149.878613144,516935.31144218,529487.800817342,298147.531297005,271612.373699687,263600.376356495,280582.30682073697,304884.732894511,153688.266205839,198305.678051215,193917.025159157,211358.50349261198
84,1235990.39041345,1230940.18119379,1223836.99590506,1212498.07065214,1137582.60217424,1159573.25554115,1175468.26352178,1181099.34028048,1182467.59799291,1132926.16770794,1088448.1704672,1019349.94598089,1086856.69017249,1085901.72291409,1240336.13451991,1218541.27383655,1226052.51389264,1154591.61000485,1138759.70227531,1157700.37855609,1189460.73871247,59471.75796134269,202536.27531804898,137797.31168614302,166236.194589094,162913.052500442,228198.101775072,256471.570514913,254978.232628229,277544.187278,286524.190821392,273977.01910117303,297395.38267611,339461.95689943,334862.877566746,376452.33920459205,390763.831075039,363111.94342870294,362604.736255492,361435.94547875295,393550.052315044,423460.968066571,397365.413494135,340194.63148701197,348425.05828436103,792470.686896355,633545.507953749,599829.480409835,338783.721095923,491377.83489055396,544592.322262689,528931.218042574,516438.08289207396,506286.134523495,581001.15097876,723260.379524172,724346.9183934979,729977.133925613,733305.3287879209,737625.1030832559,745672.803130074,767530.723489345,739405.097063542,702233.689559256,646887.951841251,298545.656424653,243619.377188415,232526.548156786,63554.6959418013,164180.342530747,160926.64850069198,277490.79961020604,268757.43456911197,263981.368675239,317027.014175797,291511.182083893,218069.516647032,528279.6281402439,348186.75460973,233372.642082374,190143.565890537,27418.6628096328,25448.8147775402,0.0,82442.8303861142,123157.507019436,175835.63516854,241611.194822762,87595.40062978519,128020.60218945,326940.89757999,310709.28894852,294950.948509791,305339.65096113604,304897.612114801,411814.503951439,275058.116411431,475585.09110356396,498029.26736059703,474957.457801789,789209.845580182,652591.165882975,577583.11700226,586766.912682757,587924.569145698,571370.615965119,550076.593008628,544449.723711657,690102.5481102089,690109.114525617,668689.9748895561,662003.929728182,725612.394679887,757964.731174814,770990.4890495391,774677.413196363,468401.980920234,458055.85934642603,471736.219572548,547476.948610321,490908.606979965,555994.467299356,519287.341460355,511234.036726453,521433.323394232,534473.889549835,300134.097214292,270653.973891904,263060.484067075,277261.946035469,304089.906653707,155987.821884814,196688.436406378,192232.42401493603,209984.40441390398
85,1219504.75468962,1214994.55541035,1208753.81527529,1197580.96922628,1123992.61204226,1145995.88853075,1161343.78277493,1168507.32611058,1169998.98586535,1121044.22630082,1076133.0895959,1001523.35803865,1076641.02498425,1077050.17569436,1234280.62179891,1210153.81514698,1215758.53317312,1147599.51159881,1130518.59374325,1147990.4059887,1182993.95344703,132876.84305750902,230525.46836882,150058.704881816,185473.01337143,182887.493011844,270154.33294506,292871.433002892,289052.510749383,320893.748898473,327118.756216277,310896.488894408,339710.32522317104,377594.83249103295,373030.791980897,406081.711979303,422047.39739596896,390972.984367542,390137.80410249,388128.919962733,417209.286158703,455723.28164009703,429299.979393267,370619.608454904,371562.98370200297,792936.5339624259,645624.912298286,615052.077533187,383128.65501426294,524529.629189986,566192.425069168,552109.1793295271,541611.335024065,533325.9317614189,597697.085061544,729711.562286025,730615.766208354,735481.0206312409,738457.105773385,742432.087879388,750435.259947045,769818.38519174,748364.3950642829,706924.996043464,656783.809181575,357619.540632845,298567.973610918,284261.998088917,143953.185996255,87909.113332297,86110.6009076328,210901.042792696,202924.995286642,198905.81850843102,324473.24925888,298878.363036227,219830.92776469898,538152.923747667,358261.75599951,174936.516992458,117146.944292726,99964.55323409369,105233.530516827,82442.8303861142,0.0,44075.0382784368,176239.75551449103,249149.70113595,42976.743994861405,46714.8214207637,346276.02668447,330909.96929795604,316641.858413174,332854.318943162,334094.894779411,427936.12204897,293509.752444043,493797.879150889,518017.869716666,497519.52289327205,781825.816388615,653791.4148022779,582360.131056812,596766.5120838811,597550.522595608,583120.267260347,562910.215153752,559274.363467241,692194.990713504,692782.998888959,673194.826031361,667323.327164007,725570.127751098,753864.9228790641,767313.023302105,772181.848107302,426326.50003924296,417925.261089535,423773.250711227,500760.505572582,452223.43909745297,530830.447247591,491244.66282089,483588.93026525,501306.05516392,515724.46443522203,278145.511339705,240858.258053563,235063.74117390602,239657.16088657398,273061.786302957,149072.31036563098,170974.948633027,166839.32980067,183595.148613363
86,1233926.87838731,1229702.63604928,1223914.66071835,1212846.13061612,1140068.55193733,1162035.39821242,1177077.67406786,1185000.22041418,1186550.9620889,1137981.98740194,1092947.28585716,1015704.5688101,1094493.54000479,1095568.36750638,1253860.48003163,1228648.92305165,1233310.99151743,1166877.9921856,1149226.41298018,1165949.51529494,1202461.56165997,166923.297820215,268795.12017937104,186948.714255608,222689.951896318,220382.92201555698,311006.07528259,332270.224455797,327932.46515973896,361609.11853304,367181.954643733,350238.176550273,380070.48172379704,416708.52021815,412183.58884990896,442661.589191169,459001.333434247,427143.689412001,426216.62652596104,423969.78129977896,451852.907995165,492757.034012395,466396.28570447204,407712.967799734,406452.672059567,816565.620378481,674715.898272797,645499.56598369,423687.291306559,561487.74648031,599204.072157762,585737.336162374,575966.626462059,568336.918173148,628781.423892438,756161.87538489,756985.945538693,761509.4738973359,764324.684798596,768137.66253445,776091.854584757,794333.736736671,775788.994386813,732721.986791258,684954.324030153,400890.74072466796,341468.58780791896,326757.616030854,186105.26336591897,43967.5713309654,42667.4066217189,168587.120425951,160945.247301585,157245.455294075,354570.88799579703,329407.751157197,250369.862002843,566953.399000151,388826.54378639604,136662.500293202,73783.3951445128,136276.555381261,143653.673967995,123157.507019436,44075.0382784368,0.0,208135.238780101,280863.18280654604,77453.5064489036,33835.3822683365,380222.51223640103,365331.516942046,351723.468835043,369478.755508381,371186.053056144,459925.71147842205,327926.096392281,526024.046429775,550721.530071305,531236.1303138661,801886.2983310471,678326.098087311,608814.136865121,625271.987140942,625902.518587658,612390.370043547,592713.63743438,589856.909625039,716937.114435553,717774.733578383,699059.46040947,693559.41653534,749230.017608999,775571.887233431,789161.519725607,794552.759800707,391604.030309445,384095.24276051705,386672.662671944,463739.864208577,418745.70510272,502772.680560222,462168.031627036,454753.994635995,475813.574425373,490763.040642366,255274.795508818,215136.141350319,210513.411234309,209910.458398763,245700.343896425,142702.22633719,151389.897041824,147797.010551782,162651.978872295
87,1060155.23971695,1055106.46389182,1048023.57946673,1036690.19795287,961843.256537125,983838.965981917,999697.571714699,1005463.26605461,1006845.76590839,957362.5224898179,912818.796657804,843584.664364376,911532.820160755,910848.854870502,1066101.1354139,1043655.8042714001,1050767.24260873,980038.063217658,963873.422273773,982500.73826784,1015076.14165802,227107.424614418,78142.84489668481,40389.5136285637,40463.7630381491,41840.1839065052,132252.368360819,140547.932836267,133694.016928992,176152.62191979898,176914.957584852,156895.73733630098,190881.07062263897,219372.61389393,215152.857079462,237429.977407408,254346.047489935,221333.46407304698,220266.159017228,217677.171814347,244194.909023018,287982.778264109,261966.799969985,203977.494808864,199134.6610576,620491.991573334,469499.47356048104,438826.65319027397,233571.39011244,356172.79450065,391100.42061863205,377610.593425965,368006.883910243,360725.66714261397,421575.27822278294,554785.462770788,555745.914686677,560861.091934007,563960.01073186,568060.906007056,576091.204299814,596486.895513049,572815.0028864329,532541.778922395,480953.72844856797,240772.77535163102,182062.776047189,163590.367326257,180505.98587628198,246188.18404875198,247345.992310259,370453.851132155,363948.621400046,361086.840962136,148336.516794261,122674.913110476,44010.369095178605,362174.865795132,182024.00239783397,344451.748429304,276239.489305943,201894.1925169,194198.452837193,175835.63516854,176239.75551449103,208135.238780101,0.0,72999.2092200821,133567.60066296198,180720.707340715,172317.836680431,157788.318624035,144984.058210999,165288.946546073,168131.734332541,252087.522735636,120615.04630284199,318114.890797104,342667.446274583,323129.122354829,614286.98486205,480759.96969033295,407710.991721784,420848.49386025703,421693.609233451,406978.469328564,386689.30815034104,383055.055698311,518826.548256947,519163.290482679,498822.524290775,492659.025021915,553283.198472192,583985.964636062,597181.057867293,601329.310551889,599729.61983277,592086.304219124,594316.056760689,671335.193395937,626661.645460809,707069.214330575,667432.5123558961,659798.041596874,677195.299251995,691447.56581435,453713.949326975,417061.65621229995,411148.48960925796,415532.939132154,449297.774080308,317773.974039105,346282.179239687,342029.41493806604,359164.11731387
88,998008.90124281,992666.642849924,985120.7626748721,973717.328958878,898293.300490453,920240.691687974,936363.192064333,941310.988000448,942627.774707245,892925.367292145,848687.3349512509,782802.340107987,846334.1798324491,844992.088017068,998846.8964459209,977426.446346337,985412.231595425,913254.590983269,897664.567407765,916953.458233838,948034.57043624,287462.886521163,65443.100915997806,104520.449266815,76923.768712946,80356.8297773184,108391.974149129,98850.2281897927,90054.3245416436,135329.377503603,130784.94521333401,109976.73285719,144232.106646456,161743.471434273,158093.747716981,169993.023927707,187345.483744347,153388.698814392,152137.48473118,149082.411733472,173105.292772376,220388.34893395897,195110.59992876602,139361.76437428198,129056.138845272,551033.0404244111,396940.72819059103,365911.074475894,182334.87444818302,287446.392879519,318378.450097848,305172.215345737,296049.649374297,289356.283166254,348586.338947991,483441.14628310205,484450.197402681,489776.230420841,492975.83982003,497177.417311119,505220.770452619,526396.711625898,500882.92515603796,461693.482132151,408777.49490397103,213046.968581718,163467.38643537,145934.68897837802,233478.20280493802,318090.09302484,319489.097330056,441327.379889171,435100.06651396,432435.104193755,76191.40677789999,50407.8558372861,31397.4749596293,289890.717993226,109285.766822155,416890.081269861,347860.55400366,266075.42797636,256907.58847484397,241611.194822762,249149.70113595,280863.18280654604,72999.2092200821,0.0,206551.44444004897,252654.944011905,101130.59721963,87862.7710016368,77536.5387220484,101773.536392007,106281.89913071699,179128.66049785897,52937.042170788896,245192.460601066,269862.867781186,250821.950670855,548306.568334675,411144.951603801,336840.251314211,348602.328501523,349523.78030690004,334411.912255735,313952.776007973,310129.439593689,448844.933667002,448975.410912819,428033.55826774205,421620.82283317205,484078.190175874,516474.782580316,529450.409100082,533071.57171651,672450.942558071,664925.319649391,666528.326285088,743491.6372917291,699532.471946857,779942.398998392,740384.252055867,732736.927958556,749773.232314929,763931.4816047759,526205.199549732,489889.62001711,483893.7191389,488529.04261753,522206.39446655294,388818.973306963,418764.155567021,414481.155426629,431718.260144853
89,1178596.56769676,1173995.83337229,1167615.10152076,1156412.92180248,1082601.30914464,1104609.77548001,1120043.43422849,1126987.39176023,1128462.32808647,1079412.97077688,1034545.94908749,960762.3439543729,1034782.67817287,1035031.72860384,1192007.60038089,1168117.6227897,1173948.32402297,1105400.43542399,1088446.92366345,1106091.52401807,1140750.41537847,146209.963533982,191346.265205682,109619.46626216301,145342.683938635,142986.159179241,234178.35536182398,254873.10379749,250483.82203716302,284634.14082398696,289925.163887325,272826.70752277103,302912.596623007,339263.670119148,334741.697760066,365638.725757038,381861.658150186,350266.968961595,349376.32825450803,347228.143628484,375715.23648655205,415603.090843909,389216.692900406,330514.76513872604,330158.001974191,750105.160822121,602770.4442668679,572377.283348276,346586.054209052,484373.27615281,524127.883582649,510252.89553768205,500038.91296590003,492047.02960236795,555137.53784114,686735.0059987861,687639.627645789,692509.278375127,695488.862548226,699468.247150236,707472.6725033001,726913.84303641,705403.2487367941,663959.709976121,613854.156434941,327340.806684623,267147.585493104,251685.68877751,138196.29743342698,119635.19581752,119419.11993563801,245448.51580876,238030.428196639,234479.47483445,281656.928503883,256107.520242658,176995.782982082,495257.20001768897,315530.021553314,213721.48812006103,150146.653232611,112509.507293246,113040.973141379,87595.40062978519,42976.743994861405,77453.5064489036,133567.60066296198,206551.44444004897,0.0,58931.355420975495,304446.20534755,289264.747707215,275291.95376924,292407.19710712304,293973.309572769,385529.949668982,251829.929976063,451478.89981679706,475842.962063565,455678.31597775104,739542.8417645909,610897.347083395,539385.173265115,553854.47767825,554627.650931321,540276.6045525371,520128.08075670706,516611.668449677,649281.7527782529,649853.989889342,630228.887674327,624349.5031213879,682744.3708618621,711289.634532192,724712.465612722,729503.5849355629,467353.33868741104,459307.165042372,463558.402457976,540621.912523636,493752.638516991,573609.3964025071,533877.870995771,526255.547219706,544264.584651953,558696.766671131,321121.088903153,283727.160620498,277998.340797266,281989.015030196,315805.675400811,190248.714610416,213919.978766672,209768.273736466,226565.925725429
90,1200121.77692007,1195908.36668143,1190140.9636352,1179078.08967891,1106352.83557216,1128316.09662397,1143337.70486788,1151313.0471387,1152868.35226844,1104334.44009332,1059291.88222355,981896.732104862,1060939.21348622,1062091.3018633001,1220512.02987919,1195157.87005505,1199715.39911614,1133494.31800009,1115768.19174067,1132401.19279212,1169101.40216452,179580.110849217,246040.898260922,163862.200697586,199337.401682415,197344.62693375399,291327.791547946,310394.523948331,305446.210048562,341423.230494164,346007.805891278,328192.341358924,359262.29650953104,394097.983783006,389636.75139791,417328.46223911,433965.691759375,401495.719744895,400492.399822572,398050.881988701,424910.256609342,467711.721295668,441475.01691077795,382966.461729364,379827.116726614,784106.413113483,644222.392904302,615671.799395778,403003.755185891,536233.096660726,570872.713107914,557824.366951764,548570.23646232,541435.843252889,599299.028430484,724577.2007441879,725373.2611461609,729779.2363389679,732540.113638675,736298.778214438,744233.5192623909,762123.20080351,744545.9155559579,700930.583874695,654061.213211555,386155.90840709396,325844.400199875,310161.096266264,187528.44089346103,65475.806860207005,66890.1691648506,190408.294609875,183580.431562081,180539.263822657,325101.95574227103,300264.496214053,221696.277059601,536435.8299828289,359491.72394632705,164556.393317952,95587.0558676479,146649.13913691198,151561.104644832,128020.60218945,46714.8214207637,33835.3822683365,180720.707340715,252654.944011905,58931.355420975495,0.0,352992.292042487,338502.389923134,325457.04165504896,344442.63311537396,346578.926866518,431206.33702295704,301263.686900144,497318.994555771,522266.288757653,503467.628913163,768677.55208864,646176.534751202,577328.659650884,594567.211503975,595132.573594981,582033.449193904,562625.778665604,560156.833140932,684827.308590026,685738.8291571679,667309.170862618,661937.000542479,716804.648437047,742678.7371436179,756293.79715235,761797.281622232,420570.734765519,413630.656959852,413879.854440969,490836.69578646,448411.389530426,534699.215559313,493785.769726374,486467.169012186,508493.04704469704,523555.78128976,288704.133932132,248173.885087579,243779.504542505,241895.778532859,278265.84146877,175186.722037404,185216.375667645,181631.579419396,196416.79800830397
91,935447.109532316,929481.4957217191,920937.9818048279,909433.275027127,833097.118530888,854810.084146377,871451.422059074,874485.003006814,875641.7043861209,825685.019067922,782431.111724892,724671.63920004,777530.007140979,774571.480712012,924194.6112439829,905445.888796115,915534.1641946391,840150.2540801759,826087.3650627991,846919.4471323191,874121.1750591779,364366.24464384204,124928.586024291,196983.92552134898,162992.606084476,166034.159540018,122900.414760639,91462.5987421642,86639.65541620139,106853.629776669,93874.55938620481,83925.6281944608,100108.147564945,87313.644460346,85894.7716318938,72601.8387996829,89966.2742515432,55954.9364968568,54415.527741168604,50628.8604538176,72021.42048571129,121419.503047,97690.6483207618,52301.015002421904,28805.8647285613,472733.28128415794,306962.486831417,272891.804048892,117324.066756959,186969.88608103103,220066.442190328,205837.340906139,195744.853444058,188468.32520943802,254199.701682793,398933.993475485,400137.560761388,406275.513571258,409844.24337532796,414397.53165888204,422410.067874369,446227.01290947,413582.58880282,379452.62098512205,321065.045656503,184123.21687134,161130.926541766,151083.471114789,304487.41231558,418467.88129646104,419662.913333696,542248.3751413621,535922.038795555,533170.640042203,50585.2403970488,62385.831160377194,132527.217101107,203589.360315605,42746.4570606641,516704.627258429,448432.218012314,348573.65142948,337889.30939645803,326940.89757999,346276.02668447,380222.51223640103,172317.836680431,101130.59721963,304446.20534755,352992.292042487,0.0,16308.7049605949,32461.8241383027,38198.6283085772,44484.8464692588,85080.4020993271,52880.7336733233,148928.14453928,172258.93264346302,151250.338181657,480260.368222983,334325.497364474,256791.87895077397,261305.33292503603,262674.14845131,245155.59980195801,223571.397550948,217540.527672895,370044.47777961794,369422.250336139,346489.056542532,339151.240335807,407426.026507195,444597.05962529103,456743.595524811,458743.78761316603,771642.9582134379,763737.4794289221,766619.91016941,843646.109172368,798198.588322454,875668.269801212,836787.076973123,829020.235549931,844017.135266691,857775.955101487,620526.1591352221,585742.89133299,579347.500506395,585875.360620409,618498.389445019,479946.23107001104,513392.619076166,509025.520116044,526550.954800204
92,950651.3206901221,944731.4187804491,936259.970112595,924760.0095489359,848471.090136265,870206.64712381,886814.728441294,889984.3615860791,891152.3082939191,841201.27157239,797866.971760355,739444.646723468,793139.207624658,790283.6198561491,940169.8054729371,921276.0682771809,931241.14696635,856032.7516168641,841880.5601435209,862623.295928438,890052.1950619641,348070.691923971,108624.73687356699,181345.2661561,147096.617879299,150101.091552998,108219.064032869,77561.54496652429,72035.1082979192,96788.1205480558,84659.2563009277,72086.11410594679,92713.8993912118,87499.2235778976,85282.4284757954,82639.8482695842,100098.015372347,65896.4181325934,64558.7614498507,61327.3990063245,86521.4458111916,132725.152376112,107885.649604322,56087.5012464147,41399.806196752405,488792.081216936,323265.289941449,289121.446838185,115664.085295849,199588.70372301698,235755.52263359103,221270.44435829998,210774.195129315,203030.432865444,270360.613294387,415197.784985839,416396.903229426,422514.611004111,426073.36142657296,430616.915829165,438632.37568257604,462359.858654085,429889.332738843,395643.495662191,337369.775792067,176321.73086689602,149074.055135609,137970.582464327,288254.72972831,403961.768988618,405054.560714596,528107.137159105,521681.248434196,518856.55767962296,50311.4255756246,55008.3542161939,119161.943675957,219830.509844547,53224.7526267049,501906.090316159,434027.14987566,332282.18101281,321586.244030983,310709.28894852,330909.96929795604,365331.516942046,157788.318624035,87862.7710016368,289264.747707215,338502.389923134,16308.7049605949,0.0,16227.029536755,29673.886964833102,36606.0997660041,101387.23265556699,37435.7939461949,165026.524758459,188144.08717018,166688.884106524,495686.58357817703,350226.669349425,272801.457621251,277596.437259264,278957.457432976,261463.93531953,239878.649250306,233809.046173855,386081.086907179,385495.57772337,362639.61952560704,355334.962084071,423370.07980998704,460269.987536512,472479.221285825,474581.89023464604,756578.237175536,748567.6626463679,751884.322346444,828930.3258025671,782986.345039714,859929.319250328,821143.221366734,813360.4356524929,828120.4687913009,841841.4055618241,604671.718599912,570069.746336626,563626.145183599,570428.083820982,602876.333435302,463885.18630206,497598.688960964,493224.360679675,510774.35740911704
93,966449.960406427,960558.2265531641,952130.3685242641,940633.433209818,864373.7257869741,886121.988519812,902710.4145339209,905957.5936209509,907131.732657766,857184.5327339009,813806.1733845059,754971.7297109179,809172.7683848679,806368.692627223,956362.090638408,937413.773650165,947322.378503569,872192.237796358,858002.683640293,878703.6146767859,906229.7138351109,331918.379625122,92644.10264115801,166769.44092885,132113.535466434,135042.776589297,93125.8484172525,63504.4006240658,57241.1065802342,86741.577624771,75832.7927542411,60564.1736521646,85685.9748867414,88509.80395958721,85579.4099464879,92875.7706723133,110091.34663804699,76507.8400812027,75378.5012070557,72699.3326187053,100601.46516221801,143442.274965988,117823.410636143,62037.4761548215,54923.70333495519,505008.05384000397,339292.299130616,304941.72775186604,114096.484579398,211274.37261435,250770.65940091398,235975.08594194,225013.796160067,216757.240698624,286050.935448496,431394.73733648396,432597.171151701,438726.373284809,442289.16172269796,446835.878066946,454850.47654059104,478586.17309362,446004.596570142,411868.259563135,353497.528677609,167787.171145586,136403.716955935,124298.020980154,272038.565520385,390854.66194890003,391810.61482794705,515423.663865275,508872.30427412,505954.050924064,56979.9204397032,54071.358166200494,108269.959931345,236040.694527615,67141.70721863389,488371.118263389,421038.96083071706,316336.55363077397,305582.305411167,294950.948509791,316641.858413174,351723.468835043,144984.058210999,77536.5387220484,275291.95376924,325457.04165504896,32461.8241383027,16227.029536755,0.0,26703.957659248797,32922.9590690642,117459.74393334199,24776.3817282861,180646.13362527802,203446.79976669198,181458.29403651302,511629.951191503,366399.059283256,289008.410242372,293761.746604336,295134.60515638697,277565.320918066,255940.08640559102,249725.638808101,402292.89804248104,401714.80637441797,378866.634205253,371560.510066323,439555.54376561794,476342.80177494,488580.900933533,490727.58837029705,742639.545563402,734486.437486668,738384.91685175,815447.792755165,768843.4117776059,845022.1931176741,806381.4575902671,798575.325016104,812966.915587636,826625.2715496491,589599.422820468,555284.510340553,548767.704300209,555977.837796592,588164.559635135,448470.99247794104,482634.60070767795,478249.331550232,495836.02817238704
94,969940.943208365,963848.368252066,955094.692488811,943578.1707010521,867114.807824318,888749.7707266359,905492.526204365,908071.6586661241,909187.9054037321,859225.185334295,816263.1982984941,760225.4605649059,810735.404099054,807346.9380928109,955504.898516006,937610.130387776,948287.042756195,872052.935501817,858464.808141295,879706.4732374059,905728.184605683,338471.966840772,103720.39292145801,182912.33112928897,147381.323947444,149995.885809264,89077.4776620159,56578.185239931394,53770.788496429006,68664.7559201028,55836.868397278304,46379.3033192415,63131.3057644616,61841.7432616719,58875.5695081657,73245.6295878414,89559.29820312241,58333.416298159806,57638.756481706,56161.015286467904,88581.281981596,123320.476946244,97035.1364228995,38688.6256471663,45298.997822789104,503722.452174728,333315.045747468,297382.599128535,87718.6883633867,192010.08902261898,239430.87703297602,223598.67530024,211243.937966021,201649.03518798397,277732.767460072,427670.39225120103,428960.470485711,435444.41818781104,439161.781496321,443848.269466493,451805.714277734,476616.543006647,440784.652221815,409336.47696237103,348671.578556045,146947.304125074,123303.345741799,114132.97920345301,277250.224843743,409587.654147551,410266.970856559,534797.118559274,528022.496116507,524931.5466884039,79672.5570447571,80408.174154767,131534.560909424,233417.879792783,80597.6290026122,506069.20639202,439956.15446407,325280.33001695,314041.617525459,305339.65096113604,332854.318943162,369478.755508381,165288.946546073,101773.536392007,292407.19710712304,344442.63311537396,38198.6283085772,29673.886964833102,26703.957659248797,0.0,6942.11529720361,114123.053830384,49189.360173855595,172717.03924475302,193675.00834072602,169802.041284728,514277.577462572,366553.96524604794,288572.455285722,289755.640742491,291350.33312069,272674.04047227197,250691.378818143,243166.12358972698,401351.14380482,400452.440997855,376882.350207035,369206.89555446897,439281.55884088104,477749.01808602206,489613.820633819,491122.596095873,759178.219985104,750662.7731577309,755965.4923317779,833029.042658732,784837.0477045779,858618.485728855,820501.469720539,812620.394477705,825640.095473892,839033.2272355871,602751.623324256,569508.317608241,562746.996511739,571260.116070198,602600.528460523,460344.28888745,496317.86170769297,491898.67321538104,509594.95907466795
95,974212.107480179,968078.650950562,959258.13654458,947738.675696063,871241.1559182941,892849.822439828,909623.0568828641,912060.927532668,913164.724886624,863204.606856264,820336.403362721,764874.6881280909,814618.980879422,811104.397093325,958834.1450589759,941178.68863089,952023.9612549959,875554.395681382,862101.8700130009,883459.592557342,909143.909656365,336964.519927543,104182.008589151,184372.556046212,148711.896225371,151222.069753964,85837.1245402253,53250.9512434968,51460.4922831464,62477.1444101895,49389.734327771905,41439.7320398522,56281.9663626761,56152.6311945404,52959.00947520231,72228.7064992442,87953.4847435765,58216.5758794837,57715.8133625493,56745.437021930804,90076.7314707859,121655.579267399,95250.5783447086,36544.7698094642,48492.5529786113,507047.781875568,335618.017049901,299315.863767502,81198.61382965969,190455.06448067,240405.86994649397,224298.479018656,211543.729478484,201542.940366579,279489.812143623,430460.129153672,431770.559679035,438335.820102257,442087.963359084,446805.131508952,454744.957858077,479796.001696471,443200.581962735,412420.007494661,351248.20451289,140173.123076567,117785.93347221699,109261.585589065,275470.44464159396,411598.1717797,412183.426938056,536980.455957041,530129.7495097329,526979.7981802679,86604.68902875809,86894.6657264748,135545.809013617,236665.031547414,87089.19733903429,507690.87979761604,442015.11411079206,324420.20507359994,313063.305416952,304897.612114801,334094.894779411,371186.053056144,168131.734332541,106281.89913071699,293973.309572769,346578.926866518,44484.8464692588,36606.0997660041,32922.9590690642,6942.11529720361,0.0,117641.380100511,54239.831622622194,174807.798026926,195199.84894305,170862.279351635,518455.302792618,370273.328597146,292232.553173835,292592.38555037,294238.392361462,275317.807247965,253280.321372673,245437.95824839998,404804.42752018204,403833.83355237,380114.219299763,372358.825984227,442863.139284183,481679.04073128296,493459.029741834,494828.585682039,760359.163840205,751728.914705536,757488.1966941591,834540.6932986891,785839.324295103,858870.53730349,820916.93651687,813014.398387442,825623.616698836,838937.159632244,602923.753174729,570010.84519841,563177.978561725,572086.341664282,603157.4635987161,460199.478233265,496685.061469334,492257.66488232603,509979.2411314
96,857354.827822768,851118.492274652,842146.100330685,830621.69578652,754062.8516142841,775618.064732947,792448.54259384,794647.698967373,795734.6176039941,745781.21693013,703063.70987697,649475.738380395,697088.03057498,693486.30371373,841386.469871948,823550.6047463829,834396.4078292041,757955.578970614,744460.8367142921,765838.659347894,791607.2132579379,449339.227922263,210008.01393558603,280073.59087430104,246984.550263526,250123.915372121,203194.933553515,170655.709552071,167693.89509781802,174671.797195018,160665.430862932,158599.69954313402,160757.819015226,125836.755130779,127712.25358841801,74813.44024658379,80411.3419189876,72823.6208433694,71848.5945985636,69453.120056203,41474.0915770165,90129.6137818507,83734.9803741951,95256.02296556119,69157.3793965083,389609.94680054,221889.279077175,188255.540064741,155183.24305572698,133395.24724524698,139917.624487842,128131.4353266,121862.18639644199,118997.008345088,170073.483243406,314313.275596143,315553.560785825,321854.246249949,325500.930047594,330128.589708295,338113.833617365,362591.57846959797,328558.2483536,295433.573632128,236073.45388829,238218.83462028397,231956.120926357,225789.87088182103,389161.743818112,496485.899667776,498096.32998731296,618350.85569458,612471.0497717761,610042.284094835,107093.499354014,131077.854395106,209614.910550965,119407.723561619,72868.4028166405,595682.336834426,525931.8495748771,433626.585599209,422966.89266409294,411814.503951439,427936.12204897,459925.71147842205,252087.522735636,179128.66049785897,385529.949668982,431206.33702295704,85080.4020993271,101387.23265556699,117459.74393334199,114123.053830384,117641.380100511,0.0,136889.56189629599,66118.2465974603,91222.2122384759,75860.6534197007,401484.59424746205,252654.66495039998,174598.03318705698,176486.536631358,177938.389866477,160111.171116809,138491.504450948,132680.875406226,287232.827627071,286330.831561207,262829.67367758,255233.074331405,325227.28602179803,364236.87191590003,375916.48145515,377198.23873653397,851448.7831045841,844016.327414375,844960.4944214509,921823.174210228,878641.211293163,958407.54987717,919120.943415688,911427.023100085,927452.1532962259,941371.628576069,703849.915440421,668326.885181974,662137.213607064,667506.914828094,700845.436861932,564159.55498257,596524.036850756,592189.237532285,609602.89620284
97,978175.552058235,972451.594218866,964293.4407920421,952819.002091253,876771.7499573609,898596.364670319,915050.234056225,918828.311659026,920047.472050757,870144.772097435,826467.957012863,765374.702676257,822541.469329346,820189.9093999921,971463.640459778,951744.8336131759,961064.659373218,886811.4486654621,872180.336110649,892456.613902485,921096.928199018,314464.091236008,74851.6243279153,144103.427869305,110248.54819250699,113336.85625410001,88925.34337890471,65190.8893602208,56908.979926098,96236.7005707478,87939.98057290139,69022.3754181348,99891.1266588799,110331.84206835699,106981.977756538,117634.73609819998,134866.086965692,101215.18580435199,100055.816426155,97269.58783510051,123936.938654059,168187.254781171,142599.577190004,86425.15896386809,78582.0890826544,520828.138807016,358487.954230659,325120.421934182,133494.72746996302,235889.02654643898,272943.364335029,258618.988188777,248209.10956405898,240413.52803281302,306686.924008928,448993.262545537,450136.758887378,456023.075625801,459477.365053668,463922.925316746,471959.94478515896,494927.49563428,464515.654122149,428727.10388144,371969.24194454,177755.081185043,138658.926437486,124115.673144826,255834.04389593302,366703.68506204797,367746.350936439,491055.26394886203,484563.66414377,481693.422223241,54940.9989168088,40925.8194257289,83506.6893777299,253648.003084171,76806.99357540191,464520.083704076,396820.514290485,297304.591828816,286911.514827749,275058.116411431,293509.752444043,327926.096392281,120615.04630284199,52937.042170788896,251829.929976063,301263.686900144,52880.7336733233,37435.7939461949,24776.3817282861,49189.360173855595,54239.831622622194,136889.56189629599,0.0,201598.745293107,225115.97234407603,204029.576402573,524504.64447795,381519.859396961,304862.327477475,311931.294251143,313161.46825695,296336.616482999,275018.864300912,269569.265715637,418087.467570835,417734.52083814604,395442.45385134,388404.811973914,454784.33621521,490248.77689011797,502744.13959105103,505361.99726963,719143.229304429,711134.24727945,714511.505477987,791562.679068213,745557.19225425,822790.598342896,783909.5507321609,776140.960946143,791206.867521372,804998.315119215,567690.7730114079,532862.441401471,526468.478114011,533064.045687916,565623.573104794,427371.661706349,460530.54939232,456166.222777474,473683.05738156
98,811532.84697148,804901.0614822421,795289.24920103,783765.3136816879,707084.780636672,728317.9814296409,745399.7947950009,746239.206585481,747207.318610818,697405.384170822,655724.280042453,608737.48520064,647950.470708565,643211.769296555,787407.976227949,771434.472518309,783656.384696859,705395.3410424241,693034.3258319229,715363.1116544079,738330.6661139941,510997.134333166,273127.31545457896,345432.490136252,311843.100631587,314914.24306720396,260193.233580812,227772.012397305,226221.359163589,224570.78839528802,210980.860371201,213459.09008511898,207677.14775189103,165940.524311592,169175.749766688,112977.36453040599,107746.947337003,119991.97383984801,119816.338214256,119404.211016947,85184.8401016296,94154.3156531205,106004.177025319,144909.493568258,127890.74746736801,336548.955985176,160906.666924143,124716.866010511,189775.83158273,97377.1151524903,74228.8021485533,64401.7221227017,62742.400554942404,66007.8834631462,105436.92833388901,257003.77581871,258401.653295812,265338.729866017,269259.284002993,274125.903552042,281943.47979013604,308360.775445781,268599.660937218,240682.850296018,177162.928089341,275400.494904049,281006.289743068,277865.631295617,449954.58308316,562586.025130692,564209.152800079,684268.149777861,678440.605355593,676044.910582161,172855.86910155698,197136.719147683,275731.244563299,71325.0580456357,138446.944828407,661800.152837079,592001.017851984,496694.138967021,485751.07378936704,475585.09110356396,493797.879150889,526024.046429775,318114.890797104,245192.460601066,451478.89981679706,497318.994555771,148928.14453928,165026.524758459,180646.13362527802,172717.03924475302,174807.798026926,66118.2465974603,201598.745293107,0.0,25853.670074988902,26446.6857482214,357273.26640475704,205375.630330206,129340.898533924,120236.38212967,122236.329429723,101935.319742719,79841.9303040706,70775.3177988305,236237.251757685,234581.33195150603,209781.13341317602,201444.894542118,275164.889069595,317577.570334524,328164.930712883,327934.10895223,917561.436849682,910108.2897637709,911049.483185045,987898.486895025,944723.5477598809,1024041.40123764,984886.85062636,977170.5973369791,992761.945646295,1006585.12737609,769206.8558668371,733992.224364325,727728.1638887209,733419.932848308,766589.375336465,628874.09720289,661963.807773659,657613.442269549,675080.121989022
99,800565.7797206759,793740.8529778529,783813.3456771891,772304.5466411479,695672.424579569,716705.286387516,733892.428651827,734020.671891542,734924.861300659,685276.299155458,644212.058797377,600671.4395967961,635499.09741677,630153.896064949,772097.473265208,757185.624297398,770146.340522537,690979.782525564,679265.9225083521,702083.099888491,723471.1060068691,532108.796086593,295497.75964575197,369180.69114113203,335225.569244261,338242.529167909,279706.867434248,247576.26755541,246631.73048513397,241544.448325352,228295.146352626,232489.816261929,223771.89195955603,180548.338512819,184157.27816159,129311.60552409699,121182.553089334,138563.13402905,138626.604575878,138802.663065484,105144.732702176,101029.015279245,117970.009436,163332.12373887,149633.954302632,322864.984163949,143162.60758845,104946.38867678099,201764.873563653,85596.0144192559,48696.84852203941,38758.2456137645,39872.21692371,47298.924120107,84562.9612621608,241089.149272075,242586.66422751397,249909.78119118,253986.366151543,258976.813800386,266623.38806732197,294124.202825773,250661.081595967,226680.25694407398,160942.438078432,286819.81103321,297054.938453637,295177.559179872,470666.372635826,587592.840714416,589150.697189584,709572.8347486709,703690.0321094721,701252.545350215,198248.169504805,222279.539725625,300589.17097569304,69607.2760396005,163900.435523245,686677.221114404,617095.730114528,518664.51911819604,507556.620773224,498029.26736059703,518017.869716666,550721.530071305,342667.446274583,269862.867781186,475842.962063565,522266.288757653,172258.93264346302,188144.08717018,203446.79976669198,193675.00834072602,195199.84894305,91222.2122384759,225115.97234407603,25853.670074988902,0.0,27108.981474185497,348480.130437862,196617.828857769,124274.859317879,107723.55264729801,110089.36878363401,88613.6818661759,67637.0351886946,55510.482163156295,224711.522854935,222604.03801492,197315.45072768102,188615.56973925,263762.755835042,307751.869986071,317645.425973276,316555.818676102,942313.808999268,934750.5778027909,936084.927019917,1012971.04773762,969328.580107405,1047886.42369,1008901.95394204,1001156.73974502,1016258.24883897,1029985.26565095,792783.127317692,757908.916745323,751559.5886256229,757674.317553499,790598.5327104679,651917.460953453,685646.259105981,681281.05420772,698798.361367053
100,827537.0982612959,820733.3302668859,810836.80074782,799326.177981853,722686.2071418021,743738.398435285,760916.8506064321,761097.977588252,762005.7270744409,712346.8628712691,671232.719266127,627102.135429749,662585.93344985,657260.265108586,799089.959294101,784269.809540177,797254.118173903,718056.1578851141,706369.914354748,729192.012572563,750512.862106887,507755.63275805,272632.062932396,348028.04362195,313568.82327947,316500.272730064,254515.566592088,222637.02237608802,222113.51117791398,215246.541139847,202144.73428201102,207126.26587015,197228.542692427,153728.091330707,157406.922643806,103164.67260522301,94301.3156687924,113395.638789016,113599.744386729,114150.135736817,81415.1140437101,74237.2269598577,90914.2249646175,137906.830561905,126851.73434671,349973.919645218,169955.847957751,131281.194827929,174658.857591382,71166.6128847815,69641.4669476236,54590.194643208895,46073.2659733438,44174.4642568932,110570.00299523599,268087.17815064604,269595.479836732,276954.458072163,281042.903069751,286041.46042312897,293672.667425589,321227.795089436,277261.026811135,253789.227540696,187955.275319873,259722.371495679,270417.861365623,268927.020602412,446046.35653403704,568910.926682141,570277.7389224321,691813.866957634,685727.801855585,683142.755575233,181910.047794451,204824.442964165,281928.166562714,92716.1402425928,148176.89349724198,667561.604380008,598662.273088794,495082.219902049,483823.38064757205,474957.457801789,497519.52289327205,531236.1303138661,323129.122354829,250821.950670855,455678.31597775104,503467.628913163,151250.338181657,166688.884106524,181458.29403651302,169802.041284728,170862.279351635,75860.6534197007,204029.576402573,26446.6857482214,27108.981474185497,0.0,375016.574221404,223033.18428060898,149344.177441166,134668.367659351,136991.164147315,115606.80201275699,94372.4803738486,82572.4179011968,251661.059629227,249603.59424616,224349.161229565,215673.917390035,290715.324965364,334481.135748035,344496.175970994,343522.778593772,922770.9232572591,914942.025992774,917321.4481354479,994300.027186348,949423.4440547059,1026480.2731576,987796.385395484,980001.859499348,994312.994830668,1007897.58317011,771019.037073594,736708.107761901,730217.2003708009,737093.611699155,769546.482785784,629465.320456611,664091.497178105,659704.998838422,677294.296019695
101,455871.31340234296,449650.520257845,440817.119390076,429300.834375939,352868.631151831,374555.362218373,391237.548807981,394372.60519832704,395571.496934837,345651.241042718,302180.427215271,252289.942271715,298219.286478479,296708.927378924,452465.144878862,429376.475749907,437146.220080519,365949.595351762,349592.06911671,368653.68862852704,401219.28594776295,835513.806267798,598843.347020271,651413.1276383221,625043.5126177421,628467.4298964461,602808.948076021,570667.949853659,566656.453319485,575959.956983158,561974.9310678489,559761.737338373,561078.602789497,521830.58351754706,524674.275892991,468235.672906581,464842.10792345204,471853.485167792,471231.574479484,469614.616572281,436738.156596136,449241.97229387896,463276.230554063,495848.251998251,470276.486599206,75354.6430182194,221989.423965988,260087.757394608,546942.254753295,419606.65990737797,327578.736896738,344911.10375387303,362533.91519075,378033.850867101,279459.024614104,139615.517878234,137761.28812239302,129601.745255428,125600.755263189,121364.57834391699,118764.66093768699,92528.3473024304,156828.99784237,135626.158015653,200839.06783590102,632580.7658486629,633252.172510977,627225.822784727,779294.523378478,827756.098023798,831208.3281988329,931756.5797792459,928486.869959658,927834.352757892,474979.33560691896,499593.592614008,571247.6541508089,286719.813814373,447703.92116449896,925258.8166835791,852557.789714077,814216.22560625,805205.1089283021,789209.845580182,781825.816388615,801886.2983310471,614286.98486205,548306.568334675,739542.8417645909,768677.55208864,480260.368222983,495686.58357817703,511629.951191503,514277.577462572,518455.302792618,401484.59424746205,524504.64447795,357273.26640475704,348480.130437862,375016.574221404,0.0,152039.175075289,228660.814396975,241393.92687932603,238849.945756033,260557.807853825,280855.34170574,293631.557361404,126816.316987126,130123.31742815,155198.297223959,164313.982839709,90056.19910633631,42674.8141363576,38591.6090797821,47745.7702393346,1174888.21288377,1170805.05729203,1159433.86620171,1232586.09200615,1205468.22448103,1300704.90547628,1258852.94598838,1251924.37897837,1276680.81764094,1291932.00938466,1057106.6257474,1016848.67285624,1012392.73232178,1009424.29553059,1046563.5593251999,929408.449368338,951578.4154654279,947640.34647466,963601.204798006
102,606460.455561895,599946.775715371,590571.234341457,579042.448655864,502379.236938243,523771.222214917,540743.777714922,542333.580424027,543381.490073215,493458.06866160897,451158.67302507,404076.739744036,444538.38856641203,440832.667449885,590032.839555334,571184.80044713,581751.695775311,505825.786466053,491939.221892574,513186.67014868,539833.080943164,695540.03598187,456368.67065313796,515594.687237097,486604.322353147,489977.53287050704,455582.29268274,423131.940516873,419750.423408941,426095.007939951,412172.708382144,411230.06860143103,410584.811065098,370516.054665111,373485.028605919,317002.03943785,313062.08980193303,321411.341168112,320882.736954042,319512.335196792,286116.577184148,297238.627351219,311349.033171191,345753.882146273,321806.954614622,139889.086577504,86506.40908766781,116869.323415873,395136.713559835,270628.884045624,179421.755902129,195807.25189753,213087.862865054,228401.29351204,133466.358858783,85516.8000269461,85625.0476572778,87464.8617975001,89238.3754425469,92141.71813667279,99700.5263073557,116055.45350813301,112059.067446399,58938.29128017309,68873.3471081148,480769.824206372,483281.46164755797,478137.875337951,637351.553494455,708328.031830922,711179.5906561221,820136.815102465,815880.6305243041,814576.586035629,335593.98163441,361081.55864381604,436864.185294856,135371.09415761402,305492.337670438,807685.105795748,735128.6876396999,676484.8844297329,666752.136588998,652591.165882975,653791.4148022779,678326.098087311,480759.96969033295,411144.951603801,610897.347083395,646176.534751202,334325.497364474,350226.669349425,366399.059283256,366553.96524604794,370273.328597146,252654.66495039998,381519.859396961,205375.630330206,196617.828857769,223033.18428060898,152039.175075289,0.0,78083.854191588,90550.58628264429,87859.9171340825,109483.94064048,129085.595154987,142215.568840333,38716.0086914649,40159.929437325896,31918.470454256603,34839.400428028704,73266.16248188571,112346.43158584699,123468.364180904,124568.682050694,1061800.11075389,1056397.06989265,1049670.07784904,1124771.42765937,1091267.51963047,1180875.24339105,1139862.6142509,1132594.93447965,1153937.53448379,1168704.26459325,931672.1611571609,892999.5898546759,887843.3577162109,888048.546012483,924002.681645278,798473.9471946909,824746.767256574,820627.4102131409,837263.243398011
103,684058.812105663,677634.028224392,668385.186088798,656856.388058563,580216.142978039,601662.0641263879,618592.37949297,620360.392267944,621418.2158965571,571485.21853022,529059.150037932,479535.205078033,522615.600614515,518894.898891329,667410.361408768,649052.393419656,659799.009758182,583565.740792392,569894.129290477,591244.757136781,617400.609187339,619265.04338745,379678.997283776,441338.960826243,411363.474664439,414703.422444217,377629.09977041295,345148.565127341,341871.709238066,348092.209222383,334156.473033235,333154.78360147803,332745.95438635,293170.27723261603,296028.160067602,239578.425550826,236422.63570185698,243527.49910982698,242967.483156802,241529.742772358,208289.852284805,222818.941724657,235161.28336767,267777.975872571,243755.04090352,216048.334568845,80634.94648417679,80508.3626231976,318502.452600283,205012.710809174,119742.669467919,132689.986205168,148285.239663269,162573.98612271302,85648.1728242422,147401.57441946698,148274.425773071,153171.57321192,156249.09280952901,160374.992055687,168412.66153791,190134.13054959898,167592.96969656198,124869.396015362,81560.5977194593,404113.61447714,405309.628566157,400060.640320972,560528.440355291,640588.361701643,643143.854573914,755508.447005832,750808.1948647,749204.4369774921,260785.13552666397,286492.555782174,363701.644225663,58190.4969873401,229549.23365284398,740341.289529997,668189.465919173,601014.305648013,591040.471358326,577583.11700226,582360.131056812,608814.136865121,407710.991721784,336840.251314211,539385.173265115,577328.659650884,256791.87895077397,272801.457621251,289008.410242372,288572.455285722,292232.553173835,174598.03318705698,304862.327477475,129340.898533924,124274.859317879,149344.177441166,228660.814396975,78083.854191588,0.0,39042.4855750502,36860.915308838,49191.683301850804,60527.8472808077,74858.5069070288,113302.34906592901,112872.19630699599,91193.31293825961,84977.4596809716,150749.604234795,190108.199173563,201495.684693173,202600.68241507397,995628.018289133,989656.181354636,985020.032651681,1060784.67012437,1024529.96561872,1111550.78636706,1070962.40725057,1063565.85539323,1083459.65869465,1098007.34283013,860505.5728047959,822592.302740877,817152.1083704929,818720.7182219791,854064.40023034,725360.350165486,753257.7240130691,749073.163347022,765948.658322308
104,692868.7740239489,686069.161113445,676201.703134967,664688.5703561,588039.488953074,609121.2444475021,626283.983244325,626641.725281002,627572.895971001,577855.5712909211,536595.795742452,493683.043811011,528209.7945333921,523200.260627115,667315.089130682,651199.414457486,663523.056189963,585160.547979614,572841.924767542,595286.59163249,618137.801327109,625665.901223486,386022.985838938,452421.52911356604,420860.60510482296,424114.76457701705,378418.27484325,345840.268560714,343524.50701853196,344606.608263571,330926.11191047303,332377.992001443,327894.83910860604,286031.852483902,289341.25036784104,233213.29523862398,227299.409107671,239743.673737857,239453.079858212,238696.22090675103,204535.787874698,208750.930972645,224800.456766394,264587.281733748,244456.672431671,216324.630154222,50410.9123640812,41468.9074655587,308830.300496004,180219.471097117,89816.99033894269,105526.84916918,122642.139289286,137895.199494378,48598.0313239646,137921.634481007,139205.03567237698,145754.407177695,149542.62680063,154310.827228529,162214.611891846,188151.29084573,152641.641904905,120477.809495515,60205.5290558513,394187.071418007,401199.188951666,397701.85669981,565643.312081539,658680.22461645,660952.225914868,775945.9697927859,770905.538820328,769064.347740283,272564.313442417,298313.897667417,377004.880725055,58713.21862048809,239506.10808272,758536.7655322021,686924.811911225,609235.822401868,598795.875675683,586766.912682757,596766.5120838811,625271.987140942,420848.49386025703,348602.328501523,553854.47767825,594567.211503975,261305.33292503603,277596.437259264,293761.746604336,289755.640742491,292592.38555037,176486.536631358,311931.294251143,120236.38212967,107723.55264729801,134668.367659351,241393.92687932603,90550.58628264429,39042.4855750502,0.0,2869.50675320958,19186.0868263202,40573.411006448,52363.4188538209,116995.106723754,114962.11938896199,89817.8247702761,81310.2106064426,156048.885800315,200248.67892602898,209956.866943761,208854.413074437,1014413.00459394,1007961.02526587,1005055.29675808,1081238.61889093,1042794.16201365,1127287.23872146,1087167.57422625,1079651.12188863,1098003.18054093,1112291.64965721,874561.0079838929,837575.147546281,831828.3799104621,834854.998771256,869500.2058924941,737179.8643134821,767130.66654757,762876.253034465,780003.6545319791
105,690557.103146675,683773.811990985,673933.749512225,662419.068873917,585764.0445645179,606864.39068403,624017.920671403,624441.6170674771,625378.9174406889,575646.64191995,534328.1419816071,491139.67277604796,526032.397613509,521085.47687018703,665449.120291622,649209.776351249,661452.383496499,583193.665757717,570802.307182927,593193.436995585,616220.9742843129,627014.918151738,387329.93253433896,453422.81826841104,421965.055058925,425226.00196817203,380071.932764455,347489.042127976,345114.23372256104,346496.845653626,332797.324005535,334108.934767518,329854.56205987,288097.340601588,291384.389422205,235208.70323729102,229436.51237889103,241600.394205348,241294.282492386,240497.85593016102,206362.090467475,211117.097509444,226998.706335786,266425.969882427,246052.711924965,214315.65622202898,50448.244721943796,43702.3440064504,311033.542364381,182978.22379331398,92657.5273962574,108313.53899211,125397.767535251,140631.49198953802,51381.2117025043,136387.213070011,137646.007747935,144101.497198136,147852.147033098,152589.10323874198,160514.232486789,186237.99751549802,151532.66540914698,118582.710040992,59262.6340455588,396425.268384376,403139.886926824,399544.288118543,567067.782602672,659184.9977181411,661480.001940268,776267.5413407029,771255.40766452,769433.9677833429,273446.06893522,299207.89377733803,377824.65997889795,59704.19124522639,240492.508616677,759042.308072019,687380.276803518,610461.8995751471,600051.951614633,587924.569145698,597550.522595608,625902.518587658,421693.609233451,349523.78030690004,554627.650931321,595132.573594981,262674.14845131,278957.457432976,295134.60515638697,291350.33312069,294238.392361462,177938.389866477,313161.46825695,122236.329429723,110089.36878363401,136991.164147315,238849.945756033,87859.9171340825,36860.915308838,2869.50675320958,0.0,21712.7609681598,42751.546377827,54823.5579436757,114680.30240469999,112714.739134765,87652.2632336996,79221.5776016083,153733.48113780198,197777.73804947198,207558.90260708198,206549.53494754602,1014885.69611001,1008472.57357006,1005423.81757953,1081574.87878757,1043310.51590414,1128006.85696922,1087849.32932693,1080341.90607669,1098812.73718403,1113121.26897861,875396.3109854159,838338.176153452,832614.26320714,835529.362729477,870230.697694052,738168.910094929,767972.068270405,763722.5121150409,780832.48557563
106,711952.599461697,705133.617311501,695230.533195409,683719.648089473,607079.52324555,628135.420049183,645310.812205027,645567.4097812771,646488.171010382,596796.909997958,555626.152719486,512847.750090199,547098.750056793,541971.175527344,685475.557701425,669685.437694657,682196.411501731,603593.489348366,591449.483853352,614010.347757811,636439.7402556239,609445.320182608,370047.662826772,437783.547772016,405760.781733545,408982.43815604295,361080.095451834,328531.079845068,326434.07098709897,326492.733981872,312873.704929947,314783.35366326396,309581.934816519,267447.112169037,270812.18971283897,214828.73806904,208558.602254046,221772.190207228,221531.829149416,220906.10296003,186688.045843225,189627.454639136,205930.841050026,246661.06757195698,227403.094827058,234907.07659636397,62529.254090395305,39414.8443424784,289939.506101361,161685.09287027598,72383.3850712955,87275.841296782,104118.13811869301,119241.024592589,37492.6706590876,155273.649673596,156631.807061238,163455.50557496402,167348.27076968,172199.95427273802,180032.949990953,206521.41386379302,168450.590450165,138861.27769532902,76036.7349338433,375228.05535354,382926.789472401,379723.339108465,549128.509725989,646443.231805653,648593.36521099,764663.236265402,759469.3317142,757521.1609672529,258655.23797952698,284309.48653213197,363290.85058325296,45945.332259004404,225135.931182911,746269.236523113,674941.220885698,593535.720259224,582969.325248882,571370.615965119,583120.267260347,612390.370043547,406978.469328564,334411.912255735,540276.6045525371,582033.449193904,245155.59980195801,261463.93531953,277565.320918066,272674.04047227197,275317.807247965,160111.171116809,296336.616482999,101935.319742719,88613.6818661759,115606.80201275699,260557.807853825,109483.94064048,49191.683301850804,19186.0868263202,21712.7609681598,0.0,22125.3687610218,33187.9451157937,136104.005656464,133998.452859035,108756.90490519401,100137.515916387,175152.506381345,219434.745382214,229121.42180399998,227942.200087878,1002274.49681481,995619.010832199,993474.831985519,1069823.14137233,1030422.66705498,1113870.47580162,1073943.71251648,1066382.74963461,1084147.40637472,1098337.52920814,860605.574225654,823978.414505105,818120.100443365,821701.393633284,856059.699970065,722517.129606968,753162.8358062521,748885.6972407929,766094.4654230641
107,733255.355846848,726490.059335907,716671.6042818159,705156.0218540459,628497.441833017,649608.223717724,666757.046470094,667190.395935328,668125.910084625,618397.192360715,577066.7313091339,533074.68060209,568772.267626493,563772.246401187,707567.7199426959,691675.463308445,704077.460613132,625605.941153806,613373.892559588,635852.411353613,658497.792551571,587742.3073231389,348496.789463576,416969.662206203,384676.87754375796,387878.097686028,339019.461899189,306479.400515771,304440.221386938,304381.200057384,290755.121367415,292679.53340345103,287511.034547068,245494.573406219,248827.408413579,192776.46239553302,186726.246361382,199647.425769567,199406.466442273,198785.736264868,164565.333758595,168579.115676456,184248.536045148,224535.728697131,205440.52649030398,256838.880445446,83469.1481393404,53850.3751694614,268282.78146862,144780.667615861,60379.34692079519,72227.590624164,87792.9241811441,102254.701214434,42737.817672891804,177387.772006869,178750.810832826,185580.417371372,189469.77649696,194316.21766131802,202154.383757323,228545.69784451698,190224.628471728,160871.691769058,97981.4555449127,353677.716699481,360846.815088121,357600.33822169603,527309.471334185,627236.123086985,629293.0868234771,746162.8003391691,740848.496001088,738816.479245893,238483.186955463,264032.098217206,343142.055945559,30559.7490276085,204685.93007447198,727009.349258881,655918.737739086,572079.297313145,561451.287645779,550076.593008628,562910.215153752,592713.63743438,386689.30815034104,313952.776007973,520128.08075670706,562625.778665604,223571.397550948,239878.649250306,255940.08640559102,250691.378818143,253280.321372673,138491.504450948,275018.864300912,79841.9303040706,67637.0351886946,94372.4803738486,280855.34170574,129085.595154987,60527.8472808077,40573.411006448,42751.546377827,22125.3687610218,0.0,14331.0273193835,157397.208280872,155465.317351965,130381.377015526,121881.750250968,196444.237617918,240135.50797156,250127.69640539397,249265.903998643,983062.60746164,976256.376567148,974690.235365271,1051155.2823714002,1011033.55806171,1093731.31352189,1053940.24299088,1046349.32966788,1063718.98097849,1077844.37547478,840134.6479066999,803750.4778010659,797818.0280151791,801779.485225151,835933.2701131371,701620.819914058,732699.113138405,728407.8177966421,745667.128942008
108,745083.251829832,738245.37152921,728305.244848327,716796.9402862929,640167.487226347,661195.3730431279,678384.147768789,678525.590622964,679433.897304846,629775.164709258,588704.948750195,545914.7491597,580017.090944401,574744.68415715,717410.61365807,702073.369695954,714834.16622637,635916.752680915,624007.8743925,646718.41909205,668579.135961266,581051.335497923,342369.735820861,412398.38813198,379604.600892936,382760.544830939,330935.108952871,298484.46499194,296792.844781327,294989.980450795,281494.206417201,284234.34975511197,277739.057047939,235154.16730683,238615.595869544,182963.159904133,176033.56404028102,190688.29888577,190546.10780377,190177.71806779102,155960.088548835,156476.704628614,173176.79759872,215609.638330347,198098.09353202,267518.416587147,90180.63805767981,55788.0675808609,257115.74328399397,130575.104894641,46723.331210959695,57923.672864343396,73485.4929465794,88029.37884611131,39822.5559167441,186583.05191876699,188022.440920293,195140.562426833,199143.42224497898,204079.933358638,211812.798725228,238907.39239615103,197832.989849574,171354.507014182,106548.271528356,342285.047014816,351107.429616593,348417.699255203,520263.51601206296,625002.109533546,626935.187718877,744763.981872354,739307.058106347,737173.8860545179,235293.21296279802,260606.254728882,339784.056534978,37850.624054270804,201140.10388665102,724667.1485130771,653910.940051204,566061.98964196,555282.7176269661,544449.723711657,559274.363467241,589856.909625039,383055.055698311,310129.439593689,516611.668449677,560156.833140932,217540.527672895,233809.046173855,249725.638808101,243166.12358972698,245437.95824839998,132680.875406226,269569.265715637,70775.3177988305,55510.482163156295,82572.4179011968,293631.557361404,142215.568840333,74858.5069070288,52363.4188538209,54823.5579436757,33187.9451157937,14331.0273193835,0.0,169269.094624463,167113.639263202,141807.20370723802,133106.75334839,208311.25667699397,252599.173686829,262309.18211397604,261086.10980377,980719.5802294059,973716.084496973,972889.059277573,1049482.55820237,1008451.74503794,1090067.75744176,1050486.8480125,1042852.38080242,1059602.70315335,1073619.60285664,835986.74136441,800002.226003906,793954.1682315429,798495.730329012,832334.5095116141,696756.789670092,728589.771058428,724276.168766035,741614.2370849809
109,575878.062656743,569095.430285892,559284.10399164,547767.073902293,471104.302256932,492237.578883893,509372.380731587,510004.947681628,510970.404601949,461176.79741909297,419681.829365072,378291.093471362,411726.111222126,407205.067332713,554243.844807295,536453.359639709,547879.529930086,470755.910356272,457569.820972741,479455.75698375294,504378.56502050103,732408.7659644621,492923.183281858,553347.27867323,523985.52570283297,527345.310975819,490426.705478405,457886.92147011,454822.970011322,459299.053240936,445462.104453911,445445.71892452,443214.88202665397,402145.21132120705,405311.19422119705,348929.269092365,343828.680646308,354350.630840642,353921.74025674706,352799.05354665295,318993.659486818,325731.356679794,341566.274165766,378960.30793068203,356317.759865893,102752.00925467,95815.22538279349,133290.930370423,425597.040092959,293026.662741006,200975.250264535,218508.421319365,236203.19737799,251737.16643188198,152684.284589272,51521.5497250019,51116.0532468299,50991.4797920333,52024.2090550921,54317.3632141091,61561.6449163409,77669.6271546598,79738.3658374035,25764.5408815806,74793.4574670314,511053.370372526,516280.638242448,511846.841584293,673810.39966327,747028.3217331441,749871.206198547,858812.2313280641,854571.4579315209,853275.7758653021,373081.356411464,398662.065428737,474887.95225828397,168367.975590729,342470.479326984,846396.365155583,773843.2420214559,713797.2511484991,703944.170961405,690102.5481102089,692194.990713504,716937.114435553,518826.548256947,448844.933667002,649281.7527782529,684827.308590026,370044.47777961794,386081.086907179,402292.89804248104,401351.14380482,404804.42752018204,287232.827627071,418087.467570835,236237.251757685,224711.522854935,251661.059629227,126816.316987126,38716.0086914649,113302.34906592901,116995.106723754,114680.30240469999,136104.005656464,157397.208280872,169269.094624463,0.0,4877.0948737912895,28389.9198048012,37505.3717668653,39054.2899497853,84519.9290618645,93256.8016345357,91870.1032077177,1100509.98441096,1095112.68701313,1088334.6605945,1163399.66300194,1129983.00357236,1219526.1741908002,1178535.17258044,1171260.92288268,1192496.9435491,1207241.76743812,970141.56211694,931552.10398478,926365.9073676041,926687.9765980709,962599.6460254809,836588.853990688,863163.499922916,859034.3169462909,875705.43504241
110,577969.979133295,571136.935420129,561241.394365436,549728.965554444,473083.91669896705,494159.198478609,511323.07329251396,511753.452919022,512700.48572326,462947.615019938,421635.718138531,381217.964725476,413392.00107991794,408675.76575563103,555058.510192008,537597.568897024,549254.228945768,471813.93344506604,458831.672927797,480880.48088080797,505310.85190582206,732127.0907401891,492549.37823419704,553491.793108577,523946.45352901,527299.5355375761,489516.46402392705,456960.154007676,453984.59563830297,457988.43328483705,444175.023243049,444381.44347844896,441781.887553801,400519.893948828,403723.97829760204,347387.93508434604,342065.791324477,353019.79945906706,352613.17067280103,351546.702774072,317668.475780281,323588.26625537896,339704.820121779,377677.94682016794,355360.549783188,103327.88316839199,92094.1259198349,129995.12867457801,423740.702347812,290069.718063969,198033.836456825,215672.88493115103,233392.753713237,248934.73682546802,149602.431190128,47805.3099537008,47521.289362928,48020.9977429692,49395.128780813,52057.2986810313,59550.607395514104,77427.7766821283,75834.83407734349,21546.0663528595,70999.2760632773,509138.905911159,514909.343091289,510641.09830327897,673377.538142264,748075.2322732579,750885.552654997,860199.297061982,855914.0887725941,854588.2143602341,373121.08329976205,398741.01155868,475202.16131962603,167246.716609738,342297.297782255,847500.6682237791,774981.308254054,713707.179517632,703800.6757645829,690109.114525617,692782.998888959,717774.733578383,519163.290482679,448975.410912819,649853.989889342,685738.8291571679,369422.250336139,385495.57772337,401714.80637441797,400452.440997855,403833.83355237,286330.831561207,417734.52083814604,234581.33195150603,222604.03801492,249603.59424616,130123.31742815,40159.929437325896,112872.19630699599,114962.11938896199,112714.739134765,133998.452859035,155465.317351965,167113.639263202,4877.0948737912895,0.0,25501.6702831729,34532.9805087006,41380.5110418706,87655.1490468155,95918.9426884359,94001.3614815241,1101766.29062009,1096307.37205045,1089746.44857378,1164883.41103006,1131180.67564416,1220427.08302603,1179486.51384465,1172196.08674092,1193246.97440534,1207962.69589321,970786.947130622,932297.6595748679,927073.4626388671,927570.248728795,963408.132122722,836937.045574603,863757.453884386,859618.8056912259,876324.618536912
111,603319.583309607,596454.189010488,586498.125214958,574989.736618287,498361.848664787,519391.279943956,536577.101032137,536828.600992067,537757.055221109,488048.751123334,446897.828165496,406622.79590900004,438392.2990889,433449.807165669,578757.791852802,561880.7203307321,573880.334628025,495968.496056611,483310.17134297703,505583.297954965,529239.488883759,709906.091892106,470163.042708034,532530.93982523,502457.14257151604,505789.369521441,465889.145814199,433309.38703467,430519.815478836,433626.61520010396,419855.749362354,420462.540540056,417229.344648649,375702.316831191,378956.850594436,322699.33979248,317088.775051957,328655.954642789,328286.864764482,327317.631655233,293329.681294733,298255.504746373,314618.010507645,353386.664917786,331692.137991128,127065.380750004,68071.05226767,104947.266547623,398646.544943177,264671.313696539,172623.122511022,190211.11532975198,207922.541248555,223462.332815413,124295.61852740901,58031.5288812863,58577.588358411,62474.0323986089,65284.0327716287,69252.9398303133,77274.3053680555,99776.2351639358,82459.2312024416,33733.4369064275,47372.513357523894,483978.868699839,490438.521404289,486446.15654327103,650784.710743822,730132.9975837129,732817.482791495,843581.559782192,839113.2634641121,837663.613183074,351970.03106375,377683.46426478896,454817.587988879,143466.35378732,320558.021810538,829746.865324948,757383.677123115,692007.722791777,681955.901531575,668689.9748895561,673194.826031361,699059.46040947,498822.524290775,428033.55826774205,630228.887674327,667309.170862618,346489.056542532,362639.61952560704,378866.634205253,376882.350207035,380114.219299763,262829.67367758,395442.45385134,209781.13341317602,197315.45072768102,224349.161229565,155198.297223959,31918.470454256603,91193.31293825961,89817.8247702761,87652.2632336996,108756.90490519401,130381.377015526,141807.20370723802,28389.9198048012,25501.6702831729,0.0,9116.00922229277,66881.5462799376,112901.14673246599,121404.41063165599,119433.919423208,1084553.55363113,1078849.7182151,1073173.64856061,1148599.69668205,1113728.60654667,1201829.81555373,1161081.16494631,1153731.79056723,1174110.82287565,1188722.47373301,951321.610505179,913189.73573205,907832.8675382709,908956.062194595,944518.091915421,816516.064226364,844138.888451415,839969.053040823,856789.240445658
112,612120.057485568,605228.695154729,595227.340167852,583722.1560032379,507108.907933715,528104.786913134,545305.658600462,545438.141812987,546355.00717222,496676.70884803706,455635.198492787,415714.078926229,446961.317603414,441890.500278986,586646.120270496,570054.346312504,582230.944976263,504084.092032024,491589.761784225,513979.570570934,537241.928852989,702843.567321808,463059.018906864,526078.553067602,495769.34882440104,499091.096488427,458165.79312115296,425579.366586051,422887.21955135604,425508.861913851,411764.07490772294,412592.155380046,409002.83004390897,367318.39378363,370604.42005772,314404.437318614,308607.410855749,320554.902192936,320207.694525139,319294.588597887,285252.281005067,289502.51790751,306059.91952274,345322.212147119,323977.230807174,135158.75653991802,59259.5652708532,95844.5641482469,390075.16348548,255575.021300764,163529.611228313,181142.28340047898,198860.301165044,214402.01816417198,115182.239517545,62662.5008001834,63436.2680384616,68202.3508477966,71355.7862555196,75621.22336609151,83668.97389495559,107442.665194456,85233.0372802069,40326.7197417437,38818.8537134242,475354.909513758,482251.99042076,478415.775369394,643552.0700050821,724954.8202701791,727585.8523189259,838934.848232347,834391.954265966,832891.518848056,345494.02179152897,371238.231183376,448648.706186793,135825.403915831,313820.397559066,824631.7334963421,752345.124790743,685189.9598992771,675072.186377884,662003.929728182,667323.327164007,693559.41653534,492659.025021915,421620.82283317205,624349.5031213879,661937.000542479,339151.240335807,355334.962084071,371560.510066323,369206.89555446897,372358.825984227,255233.074331405,388404.811973914,201444.894542118,188615.56973925,215673.917390035,164313.982839709,34839.400428028704,84977.4596809716,81310.2106064426,79221.5776016083,100137.515916387,121881.750250968,133106.75334839,37505.3717668653,34532.9805087006,9116.00922229277,0.0,75889.2487529847,122012.242990543,130451.887640293,128337.76087883,1079634.57600747,1073830.13389733,1068518.16986041,1144055.3214423999,1108708.4162718,1196325.96107678,1155660.59152148,1148286.98313943,1168380.87398342,1182947.36078485,945467.728130681,907492.660560346,902079.6026254391,903469.315773536,938910.68503199,810259.7011358441,838229.8363856791,834046.982401505,850914.7042277671
113,536824.043879493,530045.904832256,520254.232529383,508735.900615755,432068.972725274,453221.841654224,470345.46262819396,471088.82393384,472068.403610226,422247.01349879603,380655.749022372,340064.680862549,372887.51480177796,368588.110120681,516818.19989955396,498329.386441902,509372.790384678,432816.259630736,419255.351317425,440888.09125627,466696.09748691,768785.3835220891,529633.752951246,588459.737170773,559714.172177874,563093.034114962,528350.790828913,495850.517351091,492619.45172738796,497858.78496852604,483993.8789903,483651.138736706,481919.761219795,441029.96028267796,444165.761982014,387751.821132063,382805.110550189,392954.785312986,392499.035666137,391305.26903009,357600.109412611,364779.619515839,380585.261490246,417498.90631488705,394371.596381906,67373.74695109071,132183.119078841,170876.150895578,464611.27328986296,331287.03105288197,239282.341966029,256987.722906551,274718.436783435,290262.812863309,190743.151576184,57112.0709301743,55569.275126149296,49491.4087775012,47099.6149875478,45389.845652908094,48405.112882614405,48014.4201226979,82224.71473972259,46072.1566862188,111041.826846736,550085.035190469,554907.498158347,550256.7705889479,710614.6671067959,778333.4074432141,781330.369401322,888324.9690746029,884323.8887385679,883188.374938295,408682.167521801,434110.769860127,509462.014467036,206808.187014525,378740.64288496703,877371.421747483,804688.2951246391,749607.216806384,739921.585278051,725612.394679887,725570.127751098,749230.017608999,553283.198472192,484078.190175874,682744.3708618621,716804.648437047,407426.026507195,423370.07980998704,439555.54376561794,439281.55884088104,442863.139284183,325227.28602179803,454784.33621521,275164.889069595,263762.755835042,290715.324965364,90056.19910633631,73266.16248188571,150749.604234795,156048.885800315,153733.48113780198,175152.506381345,196444.237617918,208311.25667699397,39054.2899497853,41380.5110418706,66881.5462799376,75889.2487529847,0.0,47390.312451995705,54625.993513569294,52823.029483331105,1130620.68120629,1125542.9424436002,1117619.30096567,1192262.80056906,1160388.04131646,1251360.57759304,1210141.4736988998,1202945.26573188,1225022.47115644,1239892.66875349,1003172.83999975,964162.886096435,959143.83461339,958686.815552399,994921.606615023,870850.424056247,896443.145026343,892354.515036514,908875.8092299671
114,494114.027741437,487608.862354605,478286.33168338897,466757.40052241297,390110.47649295896,411556.27973065205,428485.260641727,430410.84297740296,431500.25984068797,381545.08609294,338957.192918754,293848.838604482,333004.915818987,330038.032012991,482376.871409924,461550.877817884,470982.822217508,396915.930611444,381940.079195239,402363.513301975,431576.49317529204,802908.6397035071,564918.09586423,620304.331856353,592851.233540185,596259.962256023,566613.0656190211,534284.067837656,530603.095820228,538177.311243283,524230.996494438,522812.625949874,522834.026188279,482861.77860574896,485830.185814205,429347.340095066,425309.898485222,433627.399701946,433073.918156174,431631.258315784,398366.045055332,408708.34623436705,423474.368412065,457880.57687570294,433300.376565516,56452.776729233796,179362.604509716,217648.35961147398,507351.904571699,377535.61963364703,285484.20486304304,302961.729542661,320633.330995458,336157.042995676,237193.18104933802,99120.9555033166,97323.3818785014,89565.030148834,85884.3047470854,82174.7423741176,81031.75011934151,60291.8245331143,119172.63059338,93132.01255863991,158210.966884249,592967.504103923,595409.565976201,589969.839265474,745780.8122930491,802936.484746682,806185.613482152,909778.1016513909,906170.064475621,905295.6644829509,442097.695406305,467118.836302768,540528.365699434,247706.57699681897,413616.98330099205,901235.332986216,828471.647857893,782540.5470990959,773221.2551162741,757964.731174814,753864.9228790641,775571.887233431,583985.964636062,516474.782580316,711289.634532192,742678.7371436179,444597.05962529103,460269.987536512,476342.80177494,477749.01808602206,481679.04073128296,364236.87191590003,490248.77689011797,317577.570334524,307751.869986071,334481.135748035,42674.8141363576,112346.43158584699,190108.199173563,200248.67892602898,197777.73804947198,219434.745382214,240135.50797156,252599.173686829,84519.9290618645,87655.1490468155,112901.14673246599,122012.242990543,47390.312451995705,0.0,13818.4972171053,22985.541056925296,1152705.44130826,1148161.95316728,1138372.64461889,1212256.45792035,1182928.36893159,1276249.18623397,1234669.15233559,1227614.24891997,1251151.45250335,1266234.37055243,1030422.51166597,990707.4929002629,985991.875072193,984166.856877486,1020918.52529077,900539.704792746,924276.4352352291,920267.096534345,936494.2131925441
115,483370.10728525603,476744.51360426896,467226.75146842794,455699.279371996,379022.076524089,400360.6262169,417370.14334559,418870.002693607,419923.624311089,369994.467722601,327746.021228327,285458.654415852,321171.55625793396,317834.983687973,469417.41869707,449001.830715339,458799.08705830295,384173.315896911,369473.936852719,390189.441187117,418710.299006629,815688.460938469,577466.315607782,633373.529671105,605744.30901828,609149.528863486,578552.252150045,546174.01465245,542598.392497323,549560.729374532,535635.173549921,534516.141129343,534028.695228974,493732.86659044103,496762.01841202297,440285.94738043897,435908.975118856,444871.346135115,444347.827229894,442979.86209136795,409566.59494029294,418668.159429368,433915.90883828205,469221.99742345704,445034.163789054,45707.0249258422,186521.855986257,225451.94906841198,517877.07267635706,385912.79507134797,293904.23589074303,311586.69685973803,329310.134610704,344852.71136997396,245367.389756273,101113.828137994,99251.7215950085,91044.90530956199,87020.6370067838,82773.3677594293,80301.9986343126,55504.17848415361,118466.246079405,98703.9651384427,165419.51718007,603448.629276424,606749.816074567,601540.10501766,758382.5300829259,816621.803564298,819859.214034983,923570.475542303,919954.004537587,919073.367699443,454907.517261772,479996.225993144,553673.403346515,258756.24958429,426184.770353205,914956.904307457,842193.190239682,795491.842849331,786120.15412395,770990.4890495391,767313.023302105,789161.519725607,597181.057867293,529450.409100082,724712.465612722,756293.79715235,456743.595524811,472479.221285825,488580.900933533,489613.820633819,493459.029741834,375916.48145515,502744.13959105103,328164.930712883,317645.425973276,344496.175970994,38591.6090797821,123468.364180904,201495.684693173,209956.866943761,207558.90260708198,229121.42180399998,250127.69640539397,262309.18211397604,93256.8016345357,95918.9426884359,121404.41063165599,130451.887640293,54625.993513569294,13818.4972171053,0.0,11840.1985469405,1166488.71487481,1161931.63917945,1152179.74339983,1226071.62167749,1196700.78515954,1289938.49889205,1248373.59222444,1241312.35409784,1264776.0073731001,1279846.91936586,1043968.15567319,1004297.62089608,999562.375825342,997817.907257405,1034542.75952842,913877.3920071521,937774.128773285,933758.5195416671,950008.6319935521
116,484014.54355594295,477225.34075391706,467434.963205457,455916.02665529994,379247.496019934,400411.936649028,417527.94246973103,418380.791355365,419377.01819567103,369525.90041734703,327839.217017628,289073.717756432,320287.329150042,316302.078698089,466200.89350022795,446702.101490104,457198.33093284705,381501.08574623,367390.249792091,388647.385271688,415738.521077529,818809.601538722,580161.187810589,637191.378025991,609154.553473937,612551.029898435,580149.096231313,547700.601747388,544301.858102975,550293.200183131,536404.1828520971,535746.21061793,534490.367867583,493757.438299531,496868.84727175604,440433.370748931,435600.51248423604,445448.813322262,444969.23680339,443711.81283039204,410104.21657364204,417562.035903249,433403.119201512,469928.547364655,446354.705825313,34055.357157456805,182829.90425719199,222259.060424813,517426.61670198204,383058.03480671,291200.416650426,309072.9562822,326828.887506074,342373.681844801,242499.02281972603,93814.09206498119,91927.8397490405,83511.6632412304,79308.3441320479,74763.4051449592,71482.22451626419,44879.942596926296,109305.403600001,94227.0776496558,161865.498638776,602906.723218415,607398.023767944,602538.009589282,761142.552631398,822456.257516319,825632.231475611,930167.8959424379,926461.5494929791,925520.9616182459,458185.559913005,483411.45494172,557701.849291651,259249.854871221,428979.403343025,920990.262784633,848232.060968477,798998.9117287259,789508.42655054,774677.413196363,772181.848107302,794552.759800707,601329.310551889,533071.57171651,729503.5849355629,761797.281622232,458743.78761316603,474581.89023464604,490727.58837029705,491122.596095873,494828.585682039,377198.23873653397,505361.99726963,327934.10895223,316555.818676102,343522.778593772,47745.7702393346,124568.682050694,202600.68241507397,208854.413074437,206549.53494754602,227942.200087878,249265.903998643,261086.10980377,91870.1032077177,94001.3614815241,119433.919423208,128337.76087883,52823.029483331105,22985.541056925296,11840.1985469405,0.0,1172977.19137135,1168295.48184018,1158968.04625611,1233035.6236168998,1203086.84137394,1295766.030606,1254287.16764401,1247190.2785369,1270285.84396497,1285302.72199333,1049161.63139867,1009672.20144073,1004856.8157089001,1003465.08853342,1040063.02643022,918380.2746731059,942797.227987512,938759.565658972,955091.424863192
117,1585102.57137017,1581957.71426495,1577844.85530411,1567249.96155675,1497960.90295141,1519594.02260826,1533452.37401508,1543870.759848,1545604.78119486,1498735.4513713,1453722.98848748,1368547.94769707,1458523.10884564,1461608.02430873,1621949.20588374,1593617.96178305,1595265.47512928,1534635.96576892,1515415.04176387,1529715.64158542,1570538.3536413,465358.879357201,656521.623683755,576353.303272417,611797.913524741,609194.96200192,692597.312285927,717647.123305187,714412.3472475809,743081.3787751129,750646.27359951,735646.019314825,762541.2399745671,802334.53274642,797737.5169253009,832398.3767791559,848297.221447322,817291.932905202,816448.4413825009,814404.396879721,843057.128549155,881934.283158461,855505.990594562,796861.4503595,797511.3364902141,1197440.49050921,1064293.9183644,1036203.97647901,805129.814381538,950732.352330401,990807.543909575,977298.1578439091,967336.8122099709,959396.7264878991,1019867.23233172,1142269.8358608,1142970.98608623,1146952.33676585,1149501.43316178,1153036.62576348,1160873.13527693,1177039.45761064,1163196.88241903,1117939.75053931,1073558.91713769,766144.641254254,712020.41149102,700589.634285814,521440.10090161295,355837.56812651205,353792.320171265,243136.003635233,246536.05373547302,247475.34939453602,745647.145667969,720702.5979319059,641837.03957658,956552.259297154,780012.612185446,256061.87986246397,327536.445942112,458767.475730632,471303.41121301,468401.980920234,426326.50003924296,391604.030309445,599729.61983277,672450.942558071,467353.33868741104,420570.734765519,771642.9582134379,756578.237175536,742639.545563402,759178.219985104,760359.163840205,851448.7831045841,719143.229304429,917561.436849682,942313.808999268,922770.9232572591,1174888.21288377,1061800.11075389,995628.018289133,1014413.00459394,1014885.69611001,1002274.49681481,983062.60746164,980719.5802294059,1100509.98441096,1101766.29062009,1084553.55363113,1079634.57600747,1130620.68120629,1152705.44130826,1166488.71487481,1172977.19137135,0.0,15265.1786611541,38089.3799663357,83453.92197302589,32512.718197628197,146769.259521183,106573.87400445901,103985.23389239,151783.465264275,166931.58326666302,185355.93710417,200712.571411207,209227.73511737198,191141.214616488,168406.84015953902,320141.814988498,273027.963119645,277400.28550671303,260082.66093711
118,1583194.38062442,1579963.66490227,1575716.0701398998,1565077.51274475,1495465.08870197,1517138.10961818,1531101.67304643,1541318.19279918,1543037.61324769,1495997.87289643,1450958.18523464,1366371.15921345,1455474.69230375,1458376.91223489,1618594.51775097,1590549.62075796,1592471.46478432,1531276.73934198,1512196.7633365,1526727.85416976,1567163.7485288,453656.163555714,647756.476883206,567981.809608766,603318.677384536,600669.4125377029,683078.435071419,708484.59604179,705393.900645338,733468.000864998,741221.945902225,726463.330070063,752997.5387995141,793102.96509021,788501.377221892,823842.505891254,839630.00405255,808850.979447571,808031.246604872,806048.0172477129,834990.536003248,873221.0801506441,846794.219595311,788197.657745541,789390.757161823,1192465.17406174,1057739.82848011,1029274.28692534,795428.883244011,941997.879398972,983178.33129667,969500.4579781891,959340.819976157,951220.393563311,1012760.52490252,1136483.92554064,1137206.93760701,1141282.62375246,1143876.92633388,1147458.81432582,1155317.40945263,1171804.00070859,1157173.21675921,1112295.70988173,1067252.20787251,755340.8795086441,701640.741597808,690447.778729041,510303.693367814,349290.158802276,347032.794393261,239492.057695705,242368.87676266898,242974.32109658103,738511.114165549,713449.854075082,634460.219954168,949965.340600131,772828.075290624,249434.48171799,321486.215619527,447811.21275514294,460360.643383152,458055.85934642603,417925.261089535,384095.24276051705,592086.304219124,664925.319649391,459307.165042372,413630.656959852,763737.4794289221,748567.6626463679,734486.437486668,750662.7731577309,751728.914705536,844016.327414375,711134.24727945,910108.2897637709,934750.5778027909,914942.025992774,1170805.05729203,1056397.06989265,989656.181354636,1007961.02526587,1008472.57357006,995619.010832199,976256.376567148,973716.084496973,1095112.68701313,1096307.37205045,1078849.7182151,1073830.13389733,1125542.9424436002,1148161.95316728,1161931.63917945,1168295.48184018,15265.1786611541,0.0,50656.902738940495,97360.5276166532,34878.9061706447,143079.87333601198,101406.11923113199,97756.23298183651,143649.309136935,159271.64831340802,171911.24362087098,189123.497183816,197489.80636386602,180969.70475822198,156396.055879339,308508.26830438,262070.92510730601,266474.950996847,249005.19798188398
119,1564564.2349523,1561603.65149075,1557781.31890718,1547283.97915565,1478722.52785474,1500260.46222389,1513884.19933875,1524740.95776168,1526506.52021916,1480030.58593902,1435095.66141358,1348664.99743142,1440529.27185173,1444026.89828896,1604592.49220005,1575620.31622129,1576652.75416017,1517319.54774762,1497784.17236956,1511558.59579671,1553244.42955179,473464.63495335,654258.92661223,573118.4102376989,608785.133312066,606326.990380798,692591.394061324,716476.001494289,712802.6460599309,743282.0004196321,750234.46882028,734504.5761521821,762487.1890622459,801236.186452745,796660.336059368,829194.0431465841,845405.2701087359,813766.466597577,812853.636334312,810632.38261274,838394.367190747,879137.415924023,852738.7560751409,794032.955130944,793071.70550792,1184139.03664679,1055165.64452868,1028118.46032769,805511.451568629,947920.198386417,984715.471950043,971700.488739875,962321.025051889,954914.6416780541,1012283.4613325001,1131057.87840033,1131702.09243183,1135437.78834963,1137869.12257208,1141282.32336517,1149056.95175875,1164400.97083801,1152587.73534976,1106380.45871824,1063762.81105416,770266.424572681,714785.0144742541,702583.256092806,527287.843499239,348495.939960455,347044.110114248,229592.11308667602,234229.973400426,235990.953204753,738492.352745919,713917.13771392,635563.870587264,947613.368596106,772935.342611633,250014.407805521,319097.909976574,464218.969767725,476655.41928926297,471736.219572548,423773.250711227,386672.662671944,594316.056760689,666528.326285088,463558.402457976,413879.854440969,766619.91016941,751884.322346444,738384.91685175,755965.4923317779,757488.1966941591,844960.4944214509,714511.505477987,911049.483185045,936084.927019917,917321.4481354479,1159433.86620171,1049670.07784904,985020.032651681,1005055.29675808,1005423.81757953,993474.831985519,974690.235365271,972889.059277573,1088334.6605945,1089746.44857378,1073173.64856061,1068518.16986041,1117619.30096567,1138372.64461889,1152179.74339983,1158968.04625611,38089.3799663357,50656.902738940495,0.0,77069.5706456775,65239.0029699083,180073.35945029897,141870.615994492,140145.304852991,188876.178459022,203670.852439498,202848.01058417602,210805.22879042,219677.336993134,196755.815788795,180746.309888573,328831.59269305,279810.79641381,284023.983578989,267437.552443475
120,1633067.86074665,1630307.11996778,1626793.47159142,1616402.43237884,1548603.66097579,1570038.4315816,1583423.26500143,1594706.10562764,1596501.30671324,1550418.71029298,1505576.53347362,1417973.59880433,1511576.62631468,1515427.16065125,1676119.2224343999,1646608.74431473,1647085.26368439,1588911.32211887,1569120.03653869,1582431.43502819,1624841.43675517,547021.176767178,731267.380308568,650173.6275600829,685834.197735618,683368.914865226,769315.356596585,793383.234879764,789759.594555014,819978.481684738,827039.186324288,811410.820463374,839233.949228806,878146.064028584,873566.99322403,906259.255690805,922462.194100109,890835.7060195641,889923.151066548,887701.555305028,915436.778690997,956192.0010673209,929791.1906246609,871085.4362735959,870126.4750678879,1258596.38587635,1131405.38085833,1104642.44147689,882184.853419667,1024977.45746464,1061614.26819979,1048659.31695655,1039333.42684453,1031960.63529835,1088923.02767879,1206535.65553141,1207155.85233843,1210785.42659303,1213164.4061315001,1216522.19669944,1224266.38621069,1239212.45841185,1228300.40739142,1181718.14743093,1139790.34847481,845859.505126534,790830.011886272,778851.81376969,602049.5933422,425419.415946425,424029.120343089,305336.606936272,310357.10171708197,312339.533419825,815271.69508332,790761.7762792921,712495.0318404159,1023934.89150589,849719.508021088,327079.699665158,395899.125658615,539114.683968789,551605.180344376,547476.948610321,500760.505572582,463739.864208577,671335.193395937,743491.6372917291,540621.912523636,490836.69578646,843646.109172368,828930.3258025671,815447.792755165,833029.042658732,834540.6932986891,921823.174210228,791562.679068213,987898.486895025,1012971.04773762,994300.027186348,1232586.09200615,1124771.42765937,1060784.67012437,1081238.61889093,1081574.87878757,1069823.14137233,1051155.2823714002,1049482.55820237,1163399.66300194,1164883.41103006,1148599.69668205,1144055.3214423999,1192262.80056906,1212256.45792035,1226071.62167749,1233035.6236168998,83453.92197302589,97360.5276166532,77069.5706456775,0.0,77282.5255011627,156350.969029682,132186.306064608,135079.154773836,183387.246403682,194243.616451913,268805.615516836,282712.569168595,291385.199076156,271050.034770993,251003.748700062,401888.69440111,353817.580417321,358120.188910326,341118.71817650896
121,1616953.03260997,1613770.99355785,1609597.71629726,1598982.58803899,1529535.38445366,1551188.98609736,1565099.71250631,1575416.6850126002,1577143.15887019,1530182.6728488002,1485154.76804499,1400275.87994667,1489793.90565534,1492768.96931052,1653034.84569711,1624878.61311802,1626682.9387947,1565717.80720219,1546584.51940531,1561022.72773879,1601610.82355,484779.208023244,681803.750093885,602257.665925748,637533.365937039,634860.110529625,716597.059771452,742264.339554319,739272.2602212841,766899.742912882,774803.262720735,760225.813917982,786482.4743765959,826820.0776045109,822215.854151662,857986.620919888,873709.197674329,843058.765384395,842251.57193769,840299.825035888,869377.58872816,907269.840285103,880846.4805178259,822284.444159765,823757.344703644,1227299.20297317,1092558.26375502,1064025.02237764,828775.677547847,976027.629657693,1017731.24162754,1003991.23526553,993750.580618454,985549.0537854229,1047470.32529149,1171362.38702079,1172085.62700668,1176161.36929797,1178755.16877098,1182336.18016992,1190194.24669592,1206663.95739789,1192043.7990923,1147174.18318864,1102101.34269174,787560.406237042,734358.9473723121,723412.2324905591,542201.939977042,384135.25107418705,381851.494500185,273945.720008149,276985.834556958,277675.314678434,773223.9856371479,748133.9861624759,669115.278394616,984780.633440716,807526.960466058,284283.438105758,356364.018828518,479983.804175872,492540.608868438,490908.606979965,452223.43909745297,418745.70510272,626661.645460809,699532.471946857,493752.638516991,448411.389530426,798198.588322454,782986.345039714,768843.4117776059,784837.0477045779,785839.324295103,878641.211293163,745557.19225425,944723.5477598809,969328.580107405,949423.4440547059,1205468.22448103,1091267.51963047,1024529.96561872,1042794.16201365,1043310.51590414,1030422.66705498,1011033.55806171,1008451.74503794,1129983.00357236,1131180.67564416,1113728.60654667,1108708.4162718,1160388.04131646,1182928.36893159,1196700.78515954,1203086.84137394,32512.718197628197,34878.9061706447,65239.0029699083,77282.5255011627,0.0,115265.28194674199,76684.3784521874,75367.0118298645,124836.77234862301,139116.296033539,200249.27142283,220937.09762687198,229058.465328018,214351.74645309898,187770.88175238,339925.912973224,294472.47022295697,298904.767582693,281291.49036219803
122,1719862.93844085,1716400.97242233,1711781.69329008,1701025.23605397,1630506.92126156,1652286.47618543,1666553.6133307,1676159.87136551,1677833.60821283,1630294.15496965,1585199.71850493,1502422.63161195,1588792.65381787,1591074.2378498001,1750739.60033339,1723704.13443652,1726526.57311113,1663469.73181727,1644896.05108535,1660194.72508661,1699275.12703098,538722.097209076,754898.139079442,678705.754390748,712912.685511443,709982.533861741,784191.818215203,812106.4660653421,810125.9560079171,833304.8058332921,842504.822138823,829762.402510402,853215.920943768,895453.22381739,890853.0473269409,930982.077126381,945868.0570801779,916898.7967402859,916249.588546893,914699.404735451,945410.9606683259,978909.7103308829,952662.35920788,894820.3251735021,899745.619267137,1318613.52438761,1176349.94395584,1145851.90660784,893981.02160808,1047129.21280334,1095684.80513632,1080984.00486229,1069566.02022047,1060267.51791284,1128358.78906561,1258918.56644039,1259748.8874682,1264281.764241,1267091.64815858,1270892.87199755,1278841.39775587,1296809.55545003,1278350.80382736,1235487.24938034,1187176.93576775,844275.5673632559,795209.4579700191,786274.926967138,599777.635585523,473319.716488665,470143.758593065,375330.522645114,376818.991466186,376488.70676724205,855266.305677635,829700.809011479,750604.955667877,1068759.82472604,889092.180028323,375514.689350489,448159.385474509,540567.102487087,552910.6175101721,555994.467299356,530830.447247591,502772.680560222,707069.214330575,779942.398998392,573609.3964025071,534699.215559313,875668.269801212,859929.319250328,845022.1931176741,858618.485728855,858870.53730349,958407.54987717,822790.598342896,1024041.40123764,1047886.42369,1026480.2731576,1300704.90547628,1180875.24339105,1111550.78636706,1127287.23872146,1128006.85696922,1113870.47580162,1093731.31352189,1090067.75744176,1219526.1741908002,1220427.08302603,1201829.81555373,1196325.96107678,1251360.57759304,1276249.18623397,1289938.49889205,1295766.030606,146769.259521183,143079.87333601198,180073.35945029897,156350.969029682,115265.28194674199,0.0,42847.2180624313,48991.2847305324,46383.8084630048,46815.5132684437,256043.390018836,290087.264629595,296327.28062537,292877.169662755,257810.79795382,400091.134219884,362409.806749183,366808.08022800396,349189.381065797
123,1677199.14876607,1673758.51562154,1669175.16904223,1658430.18423272,1588005.53215592,1609774.23815355,1624008.92588018,1633683.1864645001,1635362.23007159,1587878.93723347,1542788.54649336,1459809.59524961,1546496.08776376,1548858.85252794,1708610.22129418,1681437.07880298,1684145.53602259,1621327.79970927,1602684.18343406,1617883.63254349,1657146.9711876002,504621.73891333205,716811.101046892,639811.605628663,674286.4376979,671405.524787905,747370.03844347,774808.872535463,772599.15954961,796824.115228827,805733.290248198,792555.1504004041,816682.596787192,858525.240231388,853919.346201985,893103.6836117479,908187.833633685,878823.206848435,878139.069620798,876500.516468568,906887.0733561291,941373.093824777,915064.5361884179,857010.660194641,861194.358724825,1277354.1868878,1136382.63183674,1106254.7959450001,857855.88388523,1009766.14625355,1056852.87905186,1042346.45499108,1031173.37787611,1022106.91462358,1088940.93179203,1218282.61288906,1219094.14767887,1223547.61733179,1226320.43822217,1230084.32922339,1238019.2344156,1255736.99509582,1237945.99508965,1194711.44062353,1146970.7393129999,810186.248074983,760010.1378952409,750571.9948897491,564974.771332305,431866.702657442,428812.040453519,332559.54446084396,334127.18429934,333860.16467778303,815459.445796142,789964.4630493191,710810.388744222,1028711.88375116,849402.313824486,333594.856613959,406316.73633691797,504854.758303379,517289.463888273,519287.341460355,491244.66282089,462168.031627036,667432.5123558961,740384.252055867,533877.870995771,493785.769726374,836787.076973123,821143.221366734,806381.4575902671,820501.469720539,820916.93651687,919120.943415688,783909.5507321609,984886.85062636,1008901.95394204,987796.385395484,1258852.94598838,1139862.6142509,1070962.40725057,1087167.57422625,1087849.32932693,1073943.71251648,1053940.24299088,1050486.8480125,1178535.17258044,1179486.51384465,1161081.16494631,1155660.59152148,1210141.4736988998,1234669.15233559,1248373.59222444,1254287.16764401,106573.87400445901,101406.11923113199,141870.615994492,132186.306064608,76684.3784521874,42847.2180624313,0.0,8285.221589718822,51333.70905022389,63667.2990853038,219261.62958395897,251099.416976672,257754.553001434,252329.096146592,218304.37795364,363831.069538715,324242.907514991,328676.590334862,310940.155147826
124,1670894.26905667,1667425.16985571,1662797.39459547,1652039.02596515,1581516.06156095,1603295.30690469,1617562.73023537,1627170.43608726,1628844.5965767999,1581311.88036567,1536218.03529964,1453439.79058428,1539835.89743156,1542141.81395147,1701838.11138175,1674755.92657936,1677550.36201199,1614563.2909025,1595964.91462469,1611234.26898004,1650373.97288942,496399.65026409103,708922.2639283041,632039.079892797,666472.888896919,663584.324145157,739338.936277495,766827.2421726891,764643.0593195941,788763.399671609,797699.3361177959,784564.431141473,808627.120558913,850507.938252237,845902.4815020821,885193.663193529,900253.827154208,870938.33237503,870258.8372709829,868632.2226656821,899066.156082268,933423.000676306,907120.927541832,849091.038368598,853376.2862997091,1270173.17035326,1128831.79344371,1098624.59265016,849767.126052885,1001797.9431411999,1049083.3499146,1034545.89551457,1023336.05888504,1014236.90279347,1081275.2525139,1210901.46216535,1211718.32990441,1216194.76777844,1218978.55347803,1222753.657694,1230692.76947426,1248490.50277578,1230502.46720264,1187370.54050454,1139476.0060329,801973.350669208,751853.652990205,742448.425587067,556788.532680755,424739.088020569,421635.812230464,326459.04086075,327875.423707684,327516.788425691,807866.2331386609,782355.433824728,703210.872196699,1021177.60003034,841785.3855663709,326681.303189234,399366.820322835,496720.621284721,509149.878613144,511234.036726453,483588.93026525,454753.994635995,659798.041596874,732736.927958556,526255.547219706,486467.169012186,829020.235549931,813360.4356524929,798575.325016104,812620.394477705,813014.398387442,911427.023100085,776140.960946143,977170.5973369791,1001156.73974502,980001.859499348,1251924.37897837,1132594.93447965,1063565.85539323,1079651.12188863,1080341.90607669,1066382.74963461,1046349.32966788,1042852.38080242,1171260.92288268,1172196.08674092,1153731.79056723,1148286.98313943,1202945.26573188,1227614.24891997,1241312.35409784,1247190.2785369,103985.23389239,97756.23298183651,140145.304852991,135079.154773836,75367.0118298645,48991.2847305324,8285.221589718822,0.0,49993.576094125,63763.7588307547,211167.955674759,243293.76251118397,249884.172835637,244868.06221508898,210583.298304866,355724.46763295203,316330.16497320397,320759.913805001,303036.04357576603
125,1700673.33305065,1696993.09886985,1692031.17141834,1681174.28033355,1609910.79459899,1631765.29725658,1646284.67115354,1655362.56434803,1656996.96977549,1609081.83835411,1563977.79281235,1482814.6476192,1566847.13406305,1568664.28316071,1727814.80660229,1701536.3384629,1705053.56628248,1640639.92706011,1622446.01234484,1638308.6094228001,1676361.50418969,501059.45573250396,722013.289820433,647387.36550663,681032.932591201,678019.487862905,749339.953223271,777901.3167906629,776268.513756267,797924.864493095,807508.890029607,795401.6620599859,817883.222867614,860616.6587537309,856029.378024188,897534.590752226,912093.203869189,883786.1061641241,883195.301795762,881794.151098332,913033.264633016,944883.069179613,918753.5925742991,861301.353131098,867464.8490761591,1292366.63807778,1146674.55672048,1115379.573078,858071.112741545,1012784.85459897,1063732.64706544,1048689.08717842,1036849.53589755,1027165.42452552,1097524.28053531,1230853.33294648,1231734.07714151,1236482.43252126,1239394.16592201,1243298.52819474,1251281.04731878,1269980.58458181,1249667.82738945,1207822.32483843,1158058.08888102,806099.1529693321,758288.941083227,749961.9631061329,562727.880901526,449117.853992375,445533.35074517,359664.53462941205,360075.652204295,359089.05101953296,825530.9765358979,799843.658313251,720998.794914432,1039352.72873667,859056.6169169309,353764.23128973204,425604.814605854,504739.148369022,516935.31144218,521433.323394232,501306.05516392,475813.574425373,677195.299251995,749773.232314929,544264.584651953,508493.04704469704,844017.135266691,828120.4687913009,812966.915587636,825640.095473892,825623.616698836,927452.1532962259,791206.867521372,992761.945646295,1016258.24883897,994312.994830668,1276680.81764094,1153937.53448379,1083459.65869465,1098003.18054093,1098812.73718403,1084147.40637472,1063718.98097849,1059602.70315335,1192496.9435491,1193246.97440534,1174110.82287565,1168380.87398342,1225022.47115644,1251151.45250335,1264776.0073731001,1270285.84396497,151783.465264275,143649.309136935,188876.178459022,183387.246403682,124836.77234862301,46383.8084630048,51333.70905022389,49993.576094125,0.0,16396.643551171,223616.59857330399,260949.584963837,266312.593459934,267298.706481417,230233.26098753602,365542.925018412,331026.814919747,335330.586469102,318055.979183066
126,1716508.8834123001,1712806.53643088,1707808.90525657,1696941.67480533,1625598.19922008,1647460.36379346,1662007.6313828002,1671024.69140164,1672654.40991709,1624696.43197015,1579593.31225237,1498616.0412921999,1582371.77322609,1584127.538569,1743199.53914019,1717025.62145739,1720631.93600522,1656042.02854069,1637901.17501609,1653837.50236541,1691750.15493469,512955.36328223295,735467.423229989,661299.462721771,694783.542236799,691748.8691060629,762167.1752467729,790932.1162153421,789410.2914151091,810552.686308855,820267.350093736,808376.3505270091,830521.378840445,873413.727841781,868832.096869669,910768.35090083,925222.4202877941,897123.973740311,896550.617536757,895193.6182028509,926576.398984318,957925.146400079,931839.154000605,874522.619090213,881046.193455433,1307246.77348161,1160866.76097886,1129386.02406795,870488.9859578059,1025709.8606294,1077363.79265303,1062227.97873122,1050270.55999323,1040475.15492319,1111443.33281161,1245387.84383631,1246278.89013771,1251070.73928518,1254002.72254121,1257927.33696312,1265915.78961169,1284755.28584299,1264069.65542168,1222440.90955165,1172375.27239966,817608.830815289,770349.803985135,762263.8525923741,574833.106951925,464528.946059757,460887.227851705,375921.319675421,376274.18620188,375247.382742104,839769.240648234,814060.52099773,735296.995756098,1053622.42266233,873216.525302827,369549.215666839,441248.23699251603,517354.986754567,529487.800817342,534473.889549835,515724.46443522203,490763.040642366,691447.56581435,763931.4816047759,558696.766671131,523555.78128976,857775.955101487,841841.4055618241,826625.2715496491,839033.2272355871,838937.159632244,941371.628576069,804998.315119215,1006585.12737609,1029985.26565095,1007897.58317011,1291932.00938466,1168704.26459325,1098007.34283013,1112291.64965721,1113121.26897861,1098337.52920814,1077844.37547478,1073619.60285664,1207241.76743812,1207962.69589321,1188722.47373301,1182947.36078485,1239892.66875349,1266234.37055243,1279846.91936586,1285302.72199333,166931.58326666302,159271.64831340802,203670.852439498,194243.616451913,139116.296033539,46815.5132684437,63667.2990853038,63763.7588307547,16396.643551171,0.0,237736.733674035,275730.82151359,280898.449717721,282689.558757125,245375.749847112,378744.296052469,345178.106500307,349451.83197336,332288.85963746
127,1487591.879673,1483543.41245157,1478013.12768874,1467005.03606961,1394638.79620479,1416581.86698463,1431482.98468513,1439718.87247904,1441290.89734186,1392866.28163891,1347805.33816382,1269375.29378127,1349618.57232779,1350794.89510752,1509134.55856599,1483861.88916783,1488346.68962159,1422151.30219552,1404468.30515931,1421084.3253462,1457736.33429474,286884.343317915,499043.726808951,423798.517600385,457575.564290913,454588.448190052,528304.5000760179,556073.7184864971,554084.4821091921,577627.53870006,586648.381495452,573745.6585886179,597503.532105612,639528.004705383,634925.124601629,674998.4949889589,689837.74437055,660997.622290125,660366.5846390871,658867.579078845,689820.652729519,722866.661822019,696622.69156924,638820.05399715,644200.078087116,1070545.80045603,923134.65686141,891763.1399192441,638599.187399317,791095.307306055,840364.2944270709,825457.26843562,813830.976115098,804387.0105858,873919.556614836,1007854.50303257,1008760.50572748,1013621.73314152,1016589.49133482,1020552.06738391,1028551.36538399,1047723.928068,1026391.97044325,985049.588559901,934652.61144408,591879.525886633,540945.811701671,531343.299732601,346309.83613254,233945.40192928602,229575.254580415,179851.000082498,175668.246585659,172125.972383988,602032.827145468,576323.974667492,497575.879174375,815888.450227106,635490.960301413,150750.822711095,215228.58034810898,285684.035167324,298147.531297005,300134.097214292,278145.511339705,255274.795508818,453713.949326975,526205.199549732,321121.088903153,288704.133932132,620526.1591352221,604671.718599912,589599.422820468,602751.623324256,602923.753174729,703849.915440421,567690.7730114079,769206.8558668371,792783.127317692,771019.037073594,1057106.6257474,931672.1611571609,860505.5728047959,874561.0079838929,875396.3109854159,860605.574225654,840134.6479066999,835986.74136441,970141.56211694,970786.947130622,951321.610505179,945467.728130681,1003172.83999975,1030422.51166597,1043968.15567319,1049161.63139867,185355.93710417,171911.24362087098,202848.01058417602,268805.615516836,200249.27142283,256043.390018836,219261.62958395897,211167.955674759,223616.59857330399,237736.733674035,0.0,43264.8928120362,45403.857979104694,63545.2255240765,33413.115950743595,144578.433989221,107442.79474613699,111726.84767616099,94580.65964602561
128,1445678.67840148,1441694.06212421,1436267.71539429,1425287.15052276,1353138.4528031999,1375065.22203154,1389887.14658356,1398308.38806247,1399895.02824074,1351585.8877097,1306507.89830603,1227491.452266,1308600.37659768,1309966.94629175,1468591.78763799,1442990.43567522,1447203.82744099,1381533.31588962,1363680.95704472,1380074.29441993,1417169.16534412,264647.914739635,465857.786445138,388759.013874334,423187.112367995,420306.993702137,497775.48107110296,524521.681970214,522061.44010997703,547706.649579247,556128.036382189,542360.953781137,567441.974687629,608630.852023421,604021.769451094,642225.253641405,657445.726201614,627839.087571564,627139.276949878,625465.958057108,655788.028815059,690738.555892372,664387.261427626,606188.688574705,610094.988265259,1031518.35016023,886481.763204598,855788.482409345,609264.650636305,759265.1476122559,805800.928065851,791253.122343707,780082.8091525721,771071.7143919291,838271.591730759,969992.8439069359,970863.378647466,975575.258529515,978473.7392014291,982367.2663328041,990347.002884973,1009046.5021855999,988987.6749156021,946896.734409744,897553.712307165,566626.105020547,513716.533341805,503121.947135952,321303.85172345396,191653.14940286198,187463.151559271,140381.649545008,135353.137681458,131392.92061251198,565330.608563459,539724.061641949,460688.234543565,778984.2165484129,599080.799746603,107808.374843901,172155.83659227198,259055.335070691,271612.373699687,270653.973891904,240858.258053563,215136.141350319,417061.65621229995,489889.62001711,283727.160620498,248173.885087579,585742.89133299,570069.746336626,555284.510340553,569508.317608241,570010.84519841,668326.885181974,532862.441401471,733992.224364325,757908.916745323,736708.107761901,1016848.67285624,892999.5898546759,822592.302740877,837575.147546281,838338.176153452,823978.414505105,803750.4778010659,800002.226003906,931552.10398478,932297.6595748679,913189.73573205,907492.660560346,964162.886096435,990707.4929002629,1004297.62089608,1009672.20144073,200712.571411207,189123.497183816,210805.22879042,282712.569168595,220937.09762687198,290087.264629595,251099.416976672,243293.76251118397,260949.584963837,275730.82151359,43264.8928120362,0.0,8962.99815305729,26766.9602245446,33437.9498460718,119436.12499202199,73990.8908549663,78451.92305554019,60673.3856379042
129,1442247.34899946,1438213.31415422,1432709.06178611,1421708.29665201,1349406.4049403,1371344.429701,1386221.05904827,1394516.74318686,1396093.79648223,1347709.74554303,1302642.10839567,1224036.01507675,1304563.23842168,1305819.93780129,1464291.27587114,1438869.82288276,1443243.14854919,1377271.70319696,1359511.90268194,1376033.22937824,1412880.89114948,256183.936278135,459059.62627370603,382379.16409011796,416654.706821238,413747.538193651,490464.168585375,517404.23901954,515035.084972371,540302.944094929,548828.78636263,535215.820204051,560066.029998829,601408.750139612,596799.976215365,635375.179485822,650518.814877272,621069.404587248,620384.525493835,618749.473124734,649220.597458342,683763.045442882,657429.595109234,599302.985360397,603537.700289933,1026509.17399663,880635.839520975,849742.235809262,601777.106843331,752239.321770268,799378.6024780909,784742.3441909329,773464.355181742,764355.033584698,832133.3117988809,964543.481028828,965426.40869575,970191.125661834,973114.4871387641,977033.0781126859,985020.281479311,1003897.70986988,983384.7687223491,941549.2360770929,891846.821551915,558573.935449437,505900.000388009,495442.11134884396,313144.603408472,188542.17198305897,184175.447324353,143617.774714061,138134.48518336698,133927.498285416,559465.61784518,533823.402657753,454860.064247971,773207.198669099,593132.939643639,108208.306812695,170187.464887092,251044.69666571397,263600.376356495,263060.484067075,235063.74117390602,210513.411234309,411148.48960925796,483893.7191389,277998.340797266,243779.504542505,579347.500506395,563626.145183599,548767.704300209,562746.996511739,563177.978561725,662137.213607064,526468.478114011,727728.1638887209,751559.5886256229,730217.2003708009,1012392.73232178,887843.3577162109,817152.1083704929,831828.3799104621,832614.26320714,818120.100443365,797818.0280151791,793954.1682315429,926365.9073676041,927073.4626388671,907832.8675382709,902079.6026254391,959143.83461339,985991.875072193,999562.375825342,1004856.8157089001,209227.73511737198,197489.80636386602,219677.336993134,291385.199076156,229058.465328018,296327.28062537,257754.553001434,249884.172835637,266312.593459934,280898.449717721,45403.857979104694,8962.99815305729,0.0,33540.2674519743,41296.0441402226,111019.717440075,66639.9049761175,71095.88120991,53298.6110276499
130,1434918.38333602,1431081.56497787,1425889.5740653998,1414972.0312562,1343304.23906813,1365191.61774318,1379843.49393214,1388647.12513008,1390262.96425685,1342196.51087413,1297097.19035907,1216853.41145113,1299726.00145258,1301441.59397198,1460525.54832694,1434350.4490168998,1438057.46593419,1373359.59059939,1355213.20944565,1371195.36583815,1409073.94450494,276723.56650755,467945.663649905,389209.434560314,424195.565244124,421439.607864981,502247.707297705,527996.660193662,525105.203916651,552573.446142723,560452.080415878,545943.3434752821,572140.076314262,612505.573019741,607900.233658768,644293.89241191,659853.604051505,629557.5024483621,628791.132911598,626947.937239899,656579.299773134,693342.088487135,666931.819276229,608461.242146617,610892.431954726,1025977.22401019,884117.661739263,854238.10282744,614492.781580525,762050.286557626,805840.8145558691,791682.96360504,780990.576030454,772422.3806617841,837105.3244332421,966072.222653772,966896.305201984,971410.4737003291,974215.9867703159,978015.7025508591,985964.403136487,1004011.11220312,985634.5587298521,942611.1257226809,894643.953893432,575149.380280448,520881.16312528396,509528.123029091,330999.786172822,181839.467238752,178236.65017568,116365.71550678,112128.98470708,108646.573253883,563329.5189893179,537900.986776617,458723.861758616,776421.616998204,597361.928326806,90088.6019733182,159292.51057062,268080.925267013,280582.30682073697,277261.946035469,239657.16088657398,209910.458398763,415532.939132154,488529.04261753,281989.015030196,241895.778532859,585875.360620409,570428.083820982,555977.837796592,571260.116070198,572086.341664282,667506.914828094,533064.045687916,733419.932848308,757674.317553499,737093.611699155,1009424.29553059,888048.546012483,818720.7182219791,834854.998771256,835529.362729477,821701.393633284,801779.485225151,798495.730329012,926687.9765980709,927570.248728795,908956.062194595,903469.315773536,958686.815552399,984166.856877486,997817.907257405,1003465.08853342,191141.214616488,180969.70475822198,196755.815788795,271050.034770993,214351.74645309898,292877.169662755,252329.096146592,244868.06221508898,267298.706481417,282689.558757125,63545.2255240765,26766.9602245446,33540.2674519743,0.0,38680.2020269543,132515.504031829,83056.2152671795,87271.6135831825,70833.34650494759
131,1473166.31971711,1469294.3067001998,1464043.93663535,1453109.8766774999,1381308.66150957,1403208.03007218,1417907.86694419,1426602.80232831,1428210.04208317,1380068.10345279,1334973.64647656,1255065.47870975,1337428.68963628,1339022.9852908,1497944.08403171,1471977.6611793998,1475855.43152304,1410815.35202688,1392776.23687686,1408902.47973734,1446501.54104203,297280.897658419,498987.431828363,421534.405004463,456101.32046366896,453246.32800312,531176.244940351,557845.5780781329,555337.265021713,581129.191691747,589524.0309662661,575697.37048029,600858.461835194,641998.558730227,637389.453044837,675380.206894899,690653.643673203,660933.858435531,660222.234519961,658517.892114348,688706.2637679221,723976.75427024,697615.0633785321,639370.929562232,643007.640728996,1062250.88484696,918539.696018129,888113.322685133,642699.015618005,792532.043538694,838564.760251703,824107.6055273709,813040.095889,804115.5634466129,870711.985996557,1001460.35335186,1002311.42842606,1006939.47429588,1009797.9785939001,1013650.8516256,1021617.64681113,1040021.2763688,1020687.67449397,978205.877995356,929415.2493314409,599867.467753179,547105.5779747029,536549.466295848,354436.969628616,219532.613419378,215722.36755523898,151333.966646781,148082.484152333,145093.591130048,597461.387698579,571907.477943051,492799.199610355,810958.987334009,631312.774261745,128720.04500181599,197718.25569196802,292328.470264467,304884.732894511,304089.906653707,273061.786302957,245700.343896425,449297.774080308,522206.39446655294,315805.675400811,278265.84146877,618498.389445019,602876.333435302,588164.559635135,602600.528460523,603157.4635987161,700845.436861932,565623.573104794,766589.375336465,790598.5327104679,769546.482785784,1046563.5593251999,924002.681645278,854064.40023034,869500.2058924941,870230.697694052,856059.699970065,835933.2701131371,832334.5095116141,962599.6460254809,963408.132122722,944518.091915421,938910.68503199,994921.606615023,1020918.52529077,1034542.75952842,1040063.02643022,168406.84015953902,156396.055879339,180746.309888573,251003.748700062,187770.88175238,257810.79795382,218304.37795364,210583.298304866,230233.26098753602,245375.749847112,33413.115950743595,33437.9498460718,41296.0441402226,38680.2020269543,0.0,152214.233557934,107427.52827585599,111888.237706239,94111.3019981133
132,1368541.56817258,1364007.21466138,1357715.24164916,1346529.24480124,1272812.37098179,1294819.48322795,1310222.34308506,1317228.29483578,1318705.50177423,1269661.67114167,1224793.39162872,1150583.74191416,1224989.18543925,1225149.71342353,1381833.25851523,1358216.18406171,1364169.03809143,1295336.51385012,1278519.45017393,1296278.84949708,1330624.05288448,145219.197362854,356877.42962306796,284765.094155595,317175.808674643,314048.284780554,384141.46559259295,412396.35248665704,410725.814420984,433226.90708846104,442431.109365442,429945.399911928,453130.50052596704,495422.89965042,490826.045258551,532030.036228872,546550.342890635,518393.635063343,517829.155736042,516504.52860841,548083.588368083,579360.300153741,553215.426242085,495787.88625335,502650.376109371,938120.5090389759,784968.4506093541,752409.868311417,494066.50747169397,647351.9787481161,699015.352823611,683696.893570567,671588.042643751,661733.297455656,734057.7728668159,872219.203095562,873213.096162569,878449.822372973,881594.499414363,885734.019318055,893769.711619462,914252.986403504,889627.2256630841,850222.028262389,797383.895251056,448159.64223776205,396494.424979435,386768.710409086,202521.23794905,144914.801976852,139102.83276801,184481.3549673,175636.655782216,170003.20004988,465009.61925364,439223.36560193397,361747.306320112,678479.791234163,497677.80432419706,132006.199670892,145600.542043669,141189.196664733,153688.266205839,155987.821884814,149072.31036563098,142702.22633719,317773.974039105,388818.973306963,190248.714610416,175186.722037404,479946.23107001104,463885.18630206,448470.99247794104,460344.28888745,460199.478233265,564159.55498257,427371.661706349,628874.09720289,651917.460953453,629465.320456611,929408.449368338,798473.9471946909,725360.350165486,737179.8643134821,738168.910094929,722517.129606968,701620.819914058,696756.789670092,836588.853990688,836937.045574603,816516.064226364,810259.7011358441,870850.424056247,900539.704792746,913877.3920071521,918380.2746731059,320141.814988498,308508.26830438,328831.59269305,401888.69440111,339925.912973224,400091.134219884,363831.069538715,355724.46763295203,365542.925018412,378744.296052469,144578.433989221,119436.12499202199,111019.717440075,132515.504031829,152214.233557934,0.0,50534.6464485309,46931.9888457682,61746.479201285896
133,1385298.7064376,1381056.03948869,1375225.71027223,1364144.50931704,1291237.17175651,1313212.88913955,1328308.5099505,1336089.10065229,1337626.95246671,1288959.93157692,1243950.51669587,1167080.96580982,1245196.19231684,1246030.93624741,1403883.87291361,1379139.73520814,1384128.07231526,1317030.75141158,1299622.02581049,1316626.68735375,1352531.69827445,193672.716505793,392608.145686663,316531.37805863,350537.557330163,347591.824486312,423847.453941761,450769.762355911,448426.461964554,473733.891346559,482208.50171095296,468577.57609647,493480.258382257,534771.483886383,530162.6546300871,568863.958266675,583954.85014293,554627.091119424,553956.356863529,552359.575566081,583001.470203835,617172.022483123,590848.2235559879,532767.798650551,537338.512561045,963814.840299355,815691.9003604971,784370.2683077641,535274.560910276,685626.037847348,733344.5754020341,718583.180239505,707169.4787793809,697953.899724321,766582.152928842,900574.991736913,901491.503839982,906400.875316318,909393.122965358,913381.430599137,921387.501378169,940780.823896782,919006.4419006921,877870.722715395,827230.290395731,493270.311620025,439916.57302639104,429188.715299091,248427.87945440898,138328.999375404,133080.058965467,142719.211028613,134459.112503565,128966.218141135,494594.358389503,468882.6423966,390160.82262275,708454.0769428691,528049.88395321,92098.5859387392,128364.260070715,185761.561860489,198305.678051215,196688.436406378,170974.948633027,151389.897041824,346282.179239687,418764.155567021,213919.978766672,185216.375667645,513392.619076166,497598.688960964,482634.60070767795,496317.86170769297,496685.061469334,596524.036850756,460530.54939232,661963.807773659,685646.259105981,664091.497178105,951578.4154654279,824746.767256574,753257.7240130691,767130.66654757,767972.068270405,753162.8358062521,732699.113138405,728589.771058428,863163.499922916,863757.453884386,844138.888451415,838229.8363856791,896443.145026343,924276.4352352291,937774.128773285,942797.227987512,273027.963119645,262070.92510730601,279810.79641381,353817.580417321,294472.47022295697,362409.806749183,324242.907514991,316330.16497320397,331026.814919747,345178.106500307,107442.79474613699,73990.8908549663,66639.9049761175,83056.2152671795,107427.52827585599,50534.6464485309,0.0,4461.86983797765,13343.5549454469
134,1381647.2801338,1377388.91756527,1371533.99125416,1360446.94516832,1287495.24428531,1309473.29491405,1324585.26383754,1332326.31721849,1333861.13340718,1285173.55163929,1240169.7301823,1163435.46198646,1241363.28403918,1242165.32094602,1399967.21400911,1375275.95405751,1380311.55712524,1313128.55957085,1295747.43347932,1312789.12231606,1348620.43880438,189497.331607091,388186.993261251,312181.388125802,346156.82813472603,343206.852171127,419386.961653439,446317.93370541703,443981.220482542,469272.05487636797,477748.298940921,464123.986135967,489018.62079787796,530313.901655323,525705.091380681,564433.7734520839,579517.0319515971,550205.904752781,549536.92372616,547944.7792054521,578605.750020519,612729.744460347,586407.6199011271,528334.4000406261,532945.404768076,959725.069043074,811414.929676229,780055.211599611,530813.196488188,681179.516203814,728966.909591197,714192.799582279,702764.6429712321,693537.036421611,762250.7571603041,896380.830524326,897300.162564712,902221.624984062,905219.597153833,909213.665909151,917221.156045978,936656.8988410041,914777.115388696,873701.4393065141,822981.888836425,488866.31725942896,435476.154862017,424735.703627487,244073.381121188,135661.822694253,130347.322917728,143994.042153944,135615.42956750802,130084.273357904,490332.09552954,464615.057290015,385920.505814405,704195.9759660941,523766.73823382,92879.5315266508,126542.40480237699,181375.461690267,193917.025159157,192232.42401493603,166839.32980067,147797.010551782,342029.41493806604,414481.155426629,209768.273736466,181631.579419396,509025.520116044,493224.360679675,478249.331550232,491898.67321538104,492257.66488232603,592189.237532285,456166.222777474,657613.442269549,681281.05420772,659704.998838422,947640.34647466,820627.4102131409,749073.163347022,762876.253034465,763722.5121150409,748885.6972407929,728407.8177966421,724276.168766035,859034.3169462909,859618.8056912259,839969.053040823,834046.982401505,892354.515036514,920267.096534345,933758.5195416671,938759.565658972,277400.28550671303,266474.950996847,284023.983578989,358120.188910326,298904.767582693,366808.08022800396,328676.590334862,320759.913805001,335330.586469102,349451.83197336,111726.84767616099,78451.92305554019,71095.88120991,87271.6135831825,111888.237706239,46931.9888457682,4461.86983797765,0.0,17803.1813262469
135,1396517.25433735,1392318.63701064,1386557.25027713,1375492.59319902,1302710.44519238,1324679.24697003,1339728.98633545,1347619.66588152,1349165.9443265,1300556.97848663,1255532.85435162,1178287.74435394,1256923.13741604,1257848.36589546,1415839.92891496,1390950.0522446998,1395807.28711905,1328948.062646,1311463.40135845,1328365.33174131,1364473.52394655,206063.10688727,405890.02475865604,329653.520595158,363730.606604136,360794.670757052,437190.090788785,464107.432207159,461754.27274643205,487070.472486352,495551.480266252,481917.391964185,506819.2599087,548114.717337839,543505.879405546,582163.543914874,597269.263888267,567908.157203445,567233.7081877689,565626.971326077,596226.102945613,630494.530156274,604167.7663771771,546073.8481108471,550557.492630849,976249.3267784241,828622.341508712,797397.826930964,548600.772053426,698955.70614656,746526.167593241,731794.736807049,720414.192365591,711225.239109678,779650.750902616,913288.742375111,914197.804134926,919075.159790989,922052.207994135,926025.184402522,934027.370739605,953307.343116755,931812.286155661,890519.0516812041,840086.9042656991,506362.126105288,453143.605103377,442468.475893041,261363.23762436898,147186.131020821,142130.166458317,140171.99454486,132328.83266652,126991.16152320801,507493.354287219,481796.01868762396,403008.548666341,721337.478141655,541000.89468603,91525.602768955,134968.52579774198,198807.623444184,211358.50349261198,209984.40441390398,183595.148613363,162651.978872295,359164.11731387,431718.260144853,226565.925725429,196416.79800830397,526550.954800204,510774.35740911704,495836.02817238704,509594.95907466795,509979.2411314,609602.89620284,473683.05738156,675080.121989022,698798.361367053,677294.296019695,963601.204798006,837263.243398011,765948.658322308,780003.6545319791,780832.48557563,766094.4654230641,745667.128942008,741614.2370849809,875705.43504241,876324.618536912,856789.240445658,850914.7042277671,908875.8092299671,936494.2131925441,950008.6319935521,955091.424863192,260082.66093711,249005.19798188398,267437.552443475,341118.71817650896,281291.49036219803,349189.381065797,310940.155147826,303036.04357576603,318055.979183066,332288.85963746,94580.65964602561,60673.3856379042,53298.6110276499,70833.34650494759,94111.3019981133,61746.479201285896,13343.5549454469,17803.1813262469,0.0
